KOBWr4M6dz--meta--_8725fde,KOBWr4M6dz--likeCountText--b6034038,KOBWr4M6dz--content--_8e6708c
2025年6月2日 · iTour GO2【全家福套餐】,有用 (4),对比了多家翻译眼镜，最终选择了翻译官全家桶套餐。商家整体服务还是比较满意的，物流高效，客服讲解认真。这款产品最大的亮点是在线翻译和离线翻译，可以做翻译记录导出，这是很核心的功能。总体满意，好评推荐购买！
2025年6月18日 · iTour GO2【翻译耳机套餐】,有用 (4),设备质感好，佩戴轻盈，声音洪亮，显示清晰，信号稳定，反应灵敏。
2025年6月12日 · iTour GO2【标配套餐】,有用 (2),翻译又准又快，手表播报声音也很大，特别好用！
2025年5月27日 · iTour GO2【标配套餐】,有用 (0),我最近购买了这款翻译眼镜，真的非常满意！眼镜外观时尚，佩戴舒适，长时间使用也不会感到不适。翻译效果十分精准，特别是在外出旅游或者与外国朋友交流时，帮助非常大。屏幕清晰，翻译速度也很快，让我在与人沟通时更加自信。这款眼镜的电池续航也非常持久，一整天都能正常使用，非常适合日常出行。总之，这款翻译眼镜不仅功能强大，而且设计精美，非常值得推荐！感谢商家提供的优质产品！
2025年4月22日 · iTour GO2【标配套餐】,有用 (2),这款眼镜很轻便，不漏光，外观看着和普通眼镜没啥区别，翻译起来也很丝滑，真的很不错！
2025年4月24日 · iTour GO2【标配套餐】,有用 (0),收到货打开看了下拿在手上挺轻巧，镜片屏幕也不漏光，试戴用了下翻译，实时翻译速度挺快的也很通顺，感觉挺不错的
2025年4月27日 · iTour GO2【标配套餐】,有用 (3),这款翻译眼镜太实用了！实时翻译精准快速，多种语言无缝切换。佩戴舒适，操作简便，出国旅游、商务沟通都超省心，出行必备神器！
2025年6月9日 · iTour GO2【全家福套餐】,有用 (1),和描述一样好，正好客户来了现场用了一下，翻译很准确，速度也快，物有所值，值得拥有。
2025年7月8日 · iTour GO2【标配套餐】,有用 (0),翻译又准又快，下次出国旅游安全感满满的
2025年7月4日 · iTour GO2【翻译耳机套餐】,有用 (0),翻譯真的不錯，剛收到貨2天，還再研究中
2025年6月22日 · iTour GO2【标配套餐】,有用 (0),东西不错，已经用了，以后会推荐朋友买，很实用！
2025年5月29日 · iTour GO2【翻译耳机套餐】,有用 (1),收到货后，立即拿出来测试了，很满意，效果很好。
2025年5月23日 · iTour GO2【标配套餐】,有用 (1),收到，功能比较强大，相信科技的力量，慢慢把人工翻译官替代机
2025年5月23日 · iTour GO2【标配套餐】,有用 (1),收到，这个还是比较好用的，用了这个直接不用人工翻译了，需要沟通无国界
2025年7月15日 · iTour GO2【标配套餐】,有用 (0),好用的很，在海外也一样用，解决了很大问题
2025年4月24日 · iTour GO2【标配套餐】,有用 (4),很好用的眼镜，弟弟拿到手特别喜欢，翻译速度很快，而且很轻便，推荐！
2025年4月22日 · iTour GO2【标配套餐】,有用 (0),眼镜非常轻便，戴上和普通眼镜一样，而且翻译确实很快很准！
2025年5月27日 · iTour GO2【标配套餐】,有用 (2),包装设计非常精致，刚开始用略有不习惯，但翻译准确度完全OK！后续会追评
2025年6月24日 · iTour GO2【翻译耳机套餐】,有用 (3),该用户未填写评价内容
2025年7月14日 · iTour GO2【标配套餐】,有用 (2),产品有问题，先确认产品是不良品，然后又说这样合格，颠倒黑白欺骗客户，目前也没没人处理这个问题，翻译的准确性也低，建议大家不要购买！
2025年7月15日 · iTour GO2【标配套餐】,有用 (0),上次在京东用优惠券买了一个，语音对话时，有字体重合，官方客服说正常，无法解决，不知道是客服业务不精，还是机器***，翻译是目前能找到反应速度最快的，语音播报稍有延迟，但也是试过的最快的了，客服业务有待提高，品控也有待提高
2025年6月26日 · iTour GO2【标配套餐】,有用 (8),使用一小時當掉綠屏。
2025年6月17日 · iTour GO2【翻译耳机套餐】,有用 (2),眼镜本身没有扬声器不好，应该直接扬声器让对方直接听到像对话一样才好，而且外带的手表音箱声音太太太小了，根本听不清楚，起不到让对方听到对话的作用，其它都还可以
2025年6月26日 · iTour GO2【翻译耳机套餐】,有用 (3),商家服务态度一点也不好，这么贵的东西，没有一点用心服务
2025年7月16日 · iTour GO2【标配套餐】,有用 (0),跟我洋人同事玩了一下午 摸了一下午鱼 真的很实用 以后去各个不讲英语的国家也不怕了
2025年7月16日 · iTour GO2【翻译耳机套餐】,有用 (0),挺好的，各位方面都很优秀，唯一不足是翻译稍微要等待一点时间
2025年4月22日 · iTour GO2【标配套餐】,有用 (1),眼镜很轻便，操作很简单！翻译速度挺快的，可以做到一边录音一边翻译。翻译语种很多，能满足大部分人的日常需求
2025年4月23日 · iTour GO2【标配套餐】,有用 (4),货真价实，高颜值，高品质，一分钱一分货，材质外观和质量一看就很上档次，非常喜欢ʜᴀ͟ᴘ͟ᴘ͟ʏ���
2025年4月22日 · iTour GO2【标配套餐】,有用 (3),质量很好，收到货第一时间打开看了，很不错，很满意，翻译的也很快，外观和普通眼镜没有差别，挺轻的。
2025年5月25日 · iTour GO2【全家福套餐】,有用 (0),该用户觉得商品非常好，给出5星好评
2025年6月30日 · iTour GO2【翻译耳机套餐】,有用 (0),该用户觉得商品非常好，给出5星好评
2025年4月24日 · iTour GO2【标配套餐】,有用 (0),该用户觉得商品非常好，给出5星好评
2025年6月13日 · iTour GO2【标配套餐】,有用 (0),该用户觉得商品非常好，给出5星好评
2025年6月14日 · iTour GO2【全家福套餐】,有用 (0),该用户觉得商品非常好，给出5星好评
2025年6月30日 · iTour GO2【全家福套餐】,有用 (0),该用户觉得商品非常好，给出5星好评
2025年7月13日 · iTour GO2【标配套餐】,有用 (0),该用户觉得商品非常好，给出5星好评
2025年7月4日 · iTour GO2【全家福套餐】,有用 (0),该用户觉得商品非常好，给出5星好评
2025年6月14日 · iTour GO2【标配套餐】,有用 (0),该用户觉得商品非常好，给出5星好评
2025年6月7日 · iTour GO2【标配套餐】,有用 (0),该用户觉得商品非常好，给出5星好评
2025年5月21日 · iTour GO2【翻译耳机套餐】,有用 (0),该用户觉得商品非常好，给出5星好评
2025年7月13日 · iTour GO2【翻译耳机套餐】,有用 (0),该用户觉得商品非常好，给出5星好评
2025年6月9日 · iTour GO2【全家福套餐】,有用 (0),1111111111111110
2025年7月18日 · iTour GO2【标配套餐】,有用 (0),该用户觉得商品非常好，给出5星好评
2025年7月19日 · iTour GO2【标配套餐】,有用 (0),该用户觉得商品非常好，给出5星好评
2025年7月15日 · iTour GO2【全家福套餐】,有用 (0),该用户未填写评价内容
