日期及型号,评论
2024年12月14日 · 全能版（主机*1+体感追踪器*1+4应用+便携包*1+PU泡棉*1）,我以前是VIVE Cosmos Elit玩家，当初主要是看中的PCVR最中强的雷达基站追踪定位和无线串流方案，当然这已经是快五年前的东西了。当初Cosmos也可以自定义用光学追踪，不过那个光学追踪延迟玩Beat Saber的延迟在expert难度下很影响操作。昨天签收了这台PICO4ultra，不得不说光学追踪是真的方便，而且这个延迟现在已经发展到刚好不会影响操作的程度了，不刻意感受它是感觉不出来的。而且无线串流SteamVR的体验较好。效果已经勉强达的到我之前一万五配出来的那台elit了。但是便捷性比Elit更强，毕竟一体机不需要装雷达基站。而且这台机器的控制器光学追踪相比我以前用的设备，在定位器甩到屁股后面的时候依旧可以较为准确的定位，而我以前用的则是甩到身后由于摄像头捕捉不到直接丢掉了定位。在我选购这台设备之前我也了解过听说pico4ultra新增了红外定位配合体态识别来辅助定位器光学定位甩到身后摄像头无法直接捕捉的情况，也能在一定程度上达到定位的效果(这对光剑类游戏很重要，毕竟你在甩控制器的时候不总是能保证控制器在头显的摄像头范围内，加购的体感定位环钥匙没来得及体验，有待追评）
2024年6月25日 · 8G+256G畅玩版,使用过一段时间了，不附图，懒得拍，直接说感受。首先第一次接触那么贵的VR，需要划分安全区域，上下共4个传感器，很灵敏，快到边界的时候会提醒你。游戏串流很不错，建议画质开到超清+显示器刷新率的一半，我是超清画质+72hz玩的。建议显卡不要满载，满载会导致串流卡顿。以地平线4为例，我一开始是4k144hz，VR设置的是超清+90hz，显卡占用是80-99%，能跑到100多帧，但是串流到Pico4的里面只有个位数的帧数，特别卡。后来我把显示器内部的画质改到1080p144hz，VR设置为超清+72hz就正常多了，延迟有，从它给我参数上来看50~80ms，但是地平线这种游戏延迟差一点感知不强。总体感受下来，超清画质在VR里面设置100%的比例，比1080p还糊。游戏串流，VR的手柄大多数用不上，还是得键盘/手柄。有线和无线都测过，画质就是糊，比自带的游戏和VR直播要糊，这应该是目前的瓶颈了。原生VR游戏应该会好点，但是延迟还是有些影响的。原生的抖音VR、Pico视频体验还不错，有很多免费的，抖音VR只有最多十个在同时直播，VR资源还是少。Pico视频免费的VR也不算多，但比起前几年的VR算是进
2025年6月19日 · 全能版  主机*1+腿部追踪器*1+4应用+便携包*1+PU泡棉*1,先说一下体验的感觉。第一次接触vr的这种，戴上去看它自带的那种动物世界的视频。感觉那个大象和那个狮子真的很近啊！就像在眼前一样。还是很不错的。然后其他应用的那些游戏玩起来也不错。那个愤怒的小鸟很不错，放了一部电影，看了一下。清晰度可以。他自带的那个视频软件和在手机上看居然差不了多少。因为他那个视频是可以调大小远近的。清晰度可以我看的小黄人3。然后，说说不好的地方吧。感觉这个视线清晰度怎么说呢肯定是没有你看手机清楚的。还是会存在一些模糊。那个mR系统的话，像素不太高啊，能看清手机上收到的验证码，但是会比较花一些，他那些高清的8K视频和那些游戏软件感觉都会好一些，如果是其他的那些不太好的应用那些直播啊不太适配的感觉就比较花呀，还是他自配的那些游戏和那些自配软件里适配比较好的，然后清晰度一定要高的那种，看起来是很不错的清晰度高的话，真的有那种身临其境的感觉，还是很不错的，他那个官方自带的桌面壁纸，那个清晰度也还是可以带上去，你静静的感觉融入那个场景，感觉真的在户外一样感觉还是不错的，现在的话，我感觉主要就是清晰度这个问题，这个清晰度如果能大幅度提高的话，那这个vr眼镜的真实度就会更强
2025年6月8日 · 畅玩版,以下是客观真实评价。 1.设备没问题，非常好，算是国内高水平，和国际上中高水平，有几款非常好玩的游戏，但几乎所有的游戏都花钱，而且不便宜。缺点生态少，甜区小，玩不久就会腻。无法做到和现实世界一样，看起来有点模糊。 摄像头拍摄的外部环境非常模糊，和q3比不了。手势识别挺好玩儿的，但识别不太准确。 2.物流很快，顺丰标快，pico官方电话售后（非该店铺），不错。 3.接下来要说到我在购物中遇到的问题：骗我3次，恶心我无数次。 事情是这样的，刚开始我的语气态度好，是个正常人 这几天被店家搞来不正常了。 被恶心哭了。 作为一个大学生，买一个MR眼镜的玩具，属实有点贵。 买之前我想要领满权益，买之前，反复和商家确认，是否还有优惠？所有权益都领完了吗？ 还有隐形福利吗？商家“斩钉截铁”告诉我，没有了！ 买的第2天，我的朋友告诉我，还有一个推荐有礼活动，刚开始我没说我问过，他们就说补不了。死活补不了 后面我又拿出了聊天记录，我说我问过，他们不告诉我。 后面就因为这件事一直在拉扯，扯了一天，态度极其不好，流程很缓慢，直到最后我说我要给客服打电话，他们售后人员才在晚上接近10点给我打电话……
2023年11月7日 · 8G+256G畅玩版,收到玩了几天，感觉挺好的，手柄材质不错，按键平滑顺畅。头显后边有电池配重的设计很好，之前有玩过别的VR头显，重量都在前面就老感觉会往下掉，PICO就完全没有这种问题，佩戴体验比较好。  体验了送的游戏，沉浸感、真实感确实很强，跟看视频演示感觉完全不一样。玩音乐游戏会强迫我站起来，因为坐着够不着，拳击游戏几个回合打下来，整出一身汗，很多游戏都是要挥动手柄才能完成动作，确实也能消耗卡路里。  玩剑与魔法，走动转向有眩晕感，因为VR嘛，比较真实，大脑感觉在动，但实际又没有，晕乎乎感觉像喝了点酒，不过对我来说还是小意思。设置瞬间转向或者传送可以减少眩晕感。  PC串流方面，玩了绿色地狱和生化危机，和电脑上玩又有不同的感受，砍树要自己用刀砍，棍子要自己削，开枪要亲手瞄准，可以说VR版完全是两个游戏。 不过呢，也能感受到里面游戏、视频画面不是特别清晰，会糊，倒不是说镜头分辨率不行，因为在大厅里边，看UI还是比较清晰的，音游感觉也还可以，应该说不少游戏或者视频其实就没有那么高清，这个可能有受到GPU性能以及传输速度的限制。但总体来说，买回来游玩健身还是挺值得。
2024年11月11日 · 运动版,机器没问题，差评是给以旧换新的，拜托官方不要再选这样的合作商了，不然以后都没人买你的东西。原因如下:完全不建议用这家的回收，如果不是pico官网指定要用新家才给你用政府补贴，根本不会用。1，他们承诺的检测时间就是扯淡，说了48小时检测，根本就做不到。你要在网上催了他们几天，再打电话催，他们才给你“检测”。而且就是看看外观，根本就没测。说你外观破损了，从1100-100到1000。2，我提交了回收单就告诉他们，我的是256不是128，我选成128了。是否要重新提个新的订单。他们说不用，因为他们会“检测”。好的，检测结果就是以128的破损给我估价，说1000。我指出他们没有检测，他们就开始态度很恶劣。3，等你指出了再面对了他们的电话各种态度很差，不耐烦。好不容易等来电话，说950。这是逗我？因为我揭穿了他们不检测？然后说搞错了，又打电话来说1100。结论就是，我挺肯定我的所谓外观破损没有他们说的严重，95新我挺确定的。闲鱼128的95新至少卖1500以上，更不要说256了。胡乱报价，不检测，真的比起爱回收差不知道几个档次。绝对这辈子不会用这个回收了。
2024年8月8日 · 8G+128G畅玩版,购买的 PICO4 玩了一段时间，来和大家分享一下我的真实感受。  首先，从外观设计来看，PICO4 简约时尚，佩戴起来非常舒适，即使长时间使用也不会给头部和脸部带来太大的压力。而且它的重量分布很合理，不会有明显的前倾或后坠感。  在画面显示方面，真的让我惊艳到了。4K+ 的分辨率，画质清晰细腻，色彩鲜艳*真，无论是玩游戏还是观看视频，都能带来沉浸式的视觉体验。刷新率也足够高，画面流畅无卡顿，几乎感受不到延迟。  性能方面，运行速度很快，各种大型 VR 游戏都能轻松应对。操作起来非常灵敏，手柄的定位精准，反馈及时，让我在游戏中能够尽情发挥。  内容生态也相当丰富，有大量的优质游戏、影视资源可供选择。不仅有热门的游戏大作，还有很多适合不同年龄段和兴趣爱好的应用。  续航能力还算不错，充满电后可以满足我一两个小时的使用需求。  PICO4 绝对是一个值得考虑
2023年11月18日 · 8G+256G畅玩版,一般都不写评价，难得写一次，保证客观真实，买这个完全是盲入，今年双十一不知道买些什么，往年会囤货，今年没了兴趣，但5000返400的权益不想放弃，想着买些什么吧，正好刷到这款VR一体机，之前在体验店和VR馆也接触过，但都需要店家帮忙佩戴设备，没有这款这么方便，即戴即用。说实话，画质和音效没有之前店家的好，属于入门够用的层次，但胜在方便，主打一个休闲体验，对于以往的手机2d观感，完全是降维打击，如果是游戏和视频的发烧友可以忽略，但一般体验玩家，完全可以闭眼入。游戏很多是要付费的，但免费的也够玩，优点是不像手机游戏固定一个姿势容易劳损，这个游戏时全身参与，同时运动到了，很实用。缺点是电量一般，正常一个多小时，但反过来想也算是变相提醒自己休息，眼睛和身体都会疲劳，一个小时也差不多。以上都是真实评价，仅供参考。一个手机的价格，值得推荐。
2024年4月16日 · 8+256G畅玩版,首先，pico4的外观真的好酷炫呢！拿在手里感觉超级有科技感，就像拿着未来的小玩意儿一样。它的屏幕显示真的好清晰，色彩鲜艳，看起来超级舒服。而且，它的双目4320 x 2160分辨率真的让我惊艳到了，感觉就像在看真·2K电影一样，超级棒！ 然后，pico4的手柄设计也很人性化呢。握在手里感觉很舒适，操作起来也很方便。而且，手柄的宽频马达振动感真的好强烈，每次按下按钮都能感受到细腻的触感反馈，让我更加沉浸在游戏和虚拟世界中。 说到游戏和虚拟世界，pico4的体验真的太棒了！我试玩了一些游戏，感觉就像真的进入了另一个世界一样。而且，pico4还支持高清彩色透视和裸手交互，让我可以更加自由地探索和体验虚拟世界。 总的来说，pico4是一款非常棒的VR一体机！它的外观酷炫、显示清晰、手柄舒适、游戏体验出色。但总体来说还是值得购买的。
2024年6月21日 · 8G+256G畅玩版,犹豫了很久，最终还是下单了，感觉很不错，值得这个价格。买来主要是给父母用作vr运动，打打乒乓球羽毛球，也是很有意思的。关于这个清晰度，就跟1080p显示器差不多，别把双目4k想象的那么高清，像素点是可以看到的，但是在这个价格下，你想看不到那就多花10倍价格去买VisionPro吧，总体而言还是很不错的，刷刷抖音看看直播都可以。待机的话还是可以的，打乒乓球打了40分钟用了39的电，这么看完整待机时间应该也就是1个半小时了（我开了90hz和画面增强等影响续航的功 能）。总而言之，这个设备，值这个价格，可以给你带来不一样的感觉，是个好东西！如果你有vr需求，且不会弄翻墙等一系列麻烦事，pico的确是最好的选择，希望pico加油，多更新一些好功能，加油。
2025年4月20日 · 天猫运动版,讲真，收货之前一度很焦虑，因为网上对p4u一直都是唱衰的，都说不如quest3，但是收到体验了之后我发现，其实p4u很好，首先重量方便确实很好，轻便，不过甜蜜点确实有点小，但也还能接受，我以前是hpg2的头显，又重又压脸，线材还有很强的拖拽感，p4u就就挺好的，真的使用上就很轻松，就算串流了也就是一根线，存在感不强，不过p4u自己的应用画面表现力是差了点，但是可以串流呀，画质顿时上去了，目前感觉的定位也还好，没有出现定位丢失漂移，最后，p4u入手不亏，平时便携刷视频玩个小游戏，对画质要求不高，真要玩好游戏的时候咱就串流pc，表现力杠杠的，还没有线材冗杂，但是自带的无线串流不大好用，还是得用线才行，个人体验来说，对p4u很满意
2024年10月25日 · 运动版,9号询问双十一会不会便宜点，告诉我“亲，站在买也很优惠哟”然后跟我说，可以保价双十一，结果有一段机器人回复说“淘金币，优惠券”不作为价保内容，怪我眼拙，没看到“最终解释权归卖家所有”这种招数。 我整整比双十一购买价格高出了427块钱，拿回来都没拆封，最后只保价了149块钱，商家还一直不给我退款，各种推诿，拖了三天才因为天猫客服支招让我去申请退货退款，才退了我钱。 我就说一句，能买眼镜的客户也不是一定要这几百块的差价，但是，心里真心气不过，踢皮球，推诿，不予处理，随便改一下商品名称然后不通过我的保价申请，真是足足的花钱买气受！ 仅此一次，可能商家觉得只有他家能卖高端大气上档次的VR眼镜吧，客户都是猪，上赶着让你宰。
2024年5月26日 · 【性价比优选】8G+128G标准版,从白嫖朋友的pico3到自己入手pico4，各位喜欢打枪的还是建议入pico4，震动的体验不是强了一点，而且玩香肠，手榴弹的时候p3总是用不了弹夹，但是p4手把的定位很明显更精准了。 我设备是ax6000，58x3d带6900xt，体验alyx没有卡顿，pico3玩久了能够更明显感觉到卡顿。pico4就像是pico3plus一样，双击改透视，宽马达震动，更好的串流体验等。 缺点也有:不太硬核的瞳距功能，瞳距实在是范围太小了72完全不够我这种大头使用，透视功能和q3比起来还是有很大的差距，不过跟p3那个幽默黑白好用多了。 pico的手机功能希望能和索尼学学，截图啥的都在上面，自己还要上传一步真的浪费时间。
2023年11月14日 · 8G+256G畅玩版,pico4确实是国内vr生态应用和硬件天花板了。之前也用过一款需要连线的vr，和这个一对比，无线串流真的很方便，带上眼镜进入另一个世界，身临其境的感受是不会骗人的。真的很清晰，8k的分辨率不是盖的，特别是第一次体验到vr直播，真的惊讶到了，仿佛人就在眼前。而且用来看电影就像在电影院一样，很有沉浸感。 续航方面的话就是两个小时左右，而且你不担心的话可以。边充边玩。 安全边界的设置真的很贴心，很适合我的卧室。左右两个手柄链接也挺流畅，指哪儿打哪儿。 缺点就是需要付费的地方太多了，虽然送了四个游戏，但是说实话，商店应用应该出一个试玩功能的，这样就不怕买到儿童益教的游戏了。客服也很贴心，先给个好评。
2025年4月3日 · 天猫运动版Plus  主机*1+腿部追踪器*1+腰部追踪器*1+爱奇艺会员+6应用,第一次购买vr眼镜，就是觉得pico有眼缘，可能是淘宝店的策划，客服的反应还有匹配的软件和评论，各个方面吧让我觉得它很专业，所以也没有去对比其他店，我也懒，直接入手了pico，还有一个重要的原因是它们家只做vr而且有一些年头了，不像雷鸟什么的这个也做那个也做，做了这么久都四代了，应该很专业了没有那么水了。收到后确实包装挺不错，东西质感也不错，整体感觉还是很不错的，每天玩就不知疲倦，可玩性很强，vr的视频比3d更有沉浸感，非常喜欢，然后很多游戏都能燃脂，娱乐和健身相结合，还有解密游戏啊运动游戏啊，希望能多些养成游戏，机子不错哦，当然还可以更完美，期待更多的惊喜。
2023年12月30日 · 8+256G畅玩版,最近购买的款VR眼镜，使用体验非常棒。首先，这款VR眼镜的外观设计非常时尚，佩戴起来非常舒适，即使长时间使用也不会感到不适。其次，它的显示效果非常出色，画面清晰，色彩鲜艳，给人一种身临其境的感觉。  在使用过程中，我发现这款VR眼镜有很多优点。首先，它的分辨率非常高，可以提供非常清晰的图像。其次，它的视角非常宽广，可以让我感受到身临其境的感觉。此外，它的运行速度非常流畅，没有任何卡顿现象。  总的来说，我对这款VR眼镜非常满意。它不仅具有时尚的外观，而且性能出色。我非常推荐给其他消费者购买。如果有任何问题，可以随时联系客服，他们会提供非常好的解决方案。
2024年6月22日 · 8G+128G标准版,买来专门串流玩的，我以为能卡住我的是4060ti8G的显存，结果卡住是主机16的内存，串流不管玩啥都卡卡的，�兄弟们想串流玩还是提前给主机补到32G内存吧。 视场角的话，其实讲真挺够用。界面图标颗粒感有的，像那个720p手机或者苹果5那种480p之间的一个清晰度。但玩起来的话倒是不会注意这一点。 佩戴舒适，也不重，能玩好久，反正最先让你摘下来的肯定不是因为重量，而是眩晕感。 然后就是游戏资源，挺贵的，数量据说也比较少，但反正是串联的，这个不影响。 PICO互联延时和清晰度挺好的，有线串流最高速度是5g，购买USB3.2GEN1就行了，往上买没用。
2025年6月6日 · 天猫运动版Plus  主机*1+腿部追踪器*1+腰部追踪器*1+爱奇艺会员+6应用,第一次使用，偶然了解到这个产品，看着介绍很新奇，买回来使用了后才来评价。比我预期效果好，玩了几个游戏，有那种沉浸式体验，在家里一个人也能玩得不亦乐乎，解闷、运动的好方式，尤其PU大泡棉对于脑袋大的戴眼镜者是福音，幸亏加购了。 希望能有更好的改进地方:一是分辨率、清晰度能做得更好，强化视觉效果;二是能有很多3D电影、生活实景游戏/运动等就好了，体验感拉满，或者能把现有视频转化为3D视频，视觉+听觉+体感;三是运动、参与类游戏，手柄体感不强，缺乏真实感，玩得过程总会出戏;四是电池续航能达到5-6个小时以上就完美了。 总体而言，值得购买。
2023年11月9日 · 8G+256G畅玩版,1. 购买动机: 本人超爱第五人格比赛，解说词听到pico就买了 2. 物流: 顺丰送家门口 3. 到货体验: 头显安装简便，大框眼镜也能毫不费力容纳，还送了一个贴脸泡棉，运动出汗湿了可以更换。 4. 视频: 自带的软件pico视频里资源挺多的，这几天重温了少年派的奇幻漂流，冰雪奇缘，疯狂动物城。开启沉浸式就和影院效果一样，美中不足是角度是固定的，完全躺下就看不到了，需要坐着或斜靠着。 5. 游戏: 光之乐团，拼图，亡灵游侠，玩着停不下来。玩这玩意就像是康复训练了，这几天胳膊腿都疼了个遍，简直是宅女必备，居家神器！
2025年7月3日 · 天猫运动版Plus  主机*1+腿部追踪器*1+腰部追踪器*1+爱奇艺会员+6应用,总的感觉很好，体验很新奇。里面游戏有点贵，免费生态就可以玩好一段时间。一起看电影就挺好的，可以在里面交友社交，但总的来说人还是少。自己下载的vr视频如果不是靠的很近的镜头，体验就很好，很近的那种有点难受，不过应该不是pico的问题。续航时间两个小时左右刚刚好，如果嫌时间短可以买充电宝（在体验馆体验过专用的充电宝，戴上没有不适感）或者插电源（这个会拽着左边的头显，体验一般，可能是我的线的问题）。显示画面是有纱窗感，但并不明显，我个人可以接受。希望能多出一些新奇的创意和好玩的游戏。对了，服务确实很好，客服很积极。
2024年6月6日 · 【性价比优选】8G+128G标准版,使用了一段时间，还是要给好评的。 一体机的效果确实远超普通VR眼镜，手柄手感极佳，操作流畅技术成熟，游戏的体验感更是其他游戏方式无法比拟的，对于这些来说，现在pico的价格可以说是物超所值的。此外，pico服务极佳，客服回复咨询速度快，内容精准。 使用后的一些建议；枪战类游戏真实感是超出想象的，但是确实会有头晕，建议坐着玩不会头晕。系统内体验极佳，反而是外在的一些绑带设置有提升的空间，戴久了面部会有挤压感，安装上眼睛支架和遮光布后舒适度大大提升。充电时可以有更智能的电量显示。VR精品视频库有待扩充。
2025年6月23日 · 天猫运动版,宝子们，作为一个游戏和观影爱好者，同时也是一名办公族，我真的要给大家强烈安利我的心头好——PICO 4 Ultra！自从入手了它，我的生活和办公都变得超有趣，真的用了就回不去！   以前玩VR游戏，最担心的就是卡顿。但PICO 4 Ultra搭载了强大的处理器，运行超流畅，游戏场景切换迅速，画面渲染细腻，完全没有延迟和掉帧的情况，让我沉浸式体验游戏世界，爽到飞起！  但还是有点不足，没有自带的视频播放器，播放硬盘视频需要购买99的软件，主打观影的卖点浪得虚名，团队能不能赶快推出自家app？
2023年11月17日 · 8G+256G畅玩版,我是玩了我妹妹买的Quest入了坑的，觉得太有意思了，想着支持国产，买了pico，总体来说体验感还是挺强的，就是那种身临其境的感觉，不管是看电影，还是玩游戏，都挺有意思，我主要还是用他来健身，在锻炼的过程中不会枯燥，相对于出去跑步，做操什么的，更能坚持一些，在就是喜欢射枪类的，恐怖类的，觉得真的能释放平时工作生活中的压力，玩完以后觉得心情愉悦，缺点就是游戏太贵了，免费的画面质感太差，收费的好点的都需要60往上，而且游戏感觉还是少点了，中间出了小插曲，现在正在解决，到时候给个追评吧在
2025年6月6日 · 天猫运动版Plus  主机*1+腿部追踪器*1+腰部追踪器*1+爱奇艺会员+6应用,先说说设备的佩戴感受，拿到手第一感觉就是它戴着挺舒服的，顶部有绑带，电池在后面，重量分布比较均匀，长时间戴着也不会觉得脸被压得难受，玩几个小时游戏下来，脸部没什么明显的压迫感。        再说说MR体验，现实画面和虚拟画面融合得挺好，看起来比较真实，很自然。延迟方面也没啥问题，操作起来很流畅，没有那种卡顿、滞后的感觉，对延迟敏感的朋友不用担心。在全景工作台能自由切换沉浸模式和透视模式，透视模式下，各种应用窗口能像悬浮在空中一样，还能随意调节大小和位置，感觉特别新奇。
2025年6月18日 · 天猫运动版Plus  主机*1+腿部追踪器*1+腰部追踪器*1+爱奇艺会员+6应用,重量很轻，画面清晰，运行流畅，这几点都毋庸置疑，在VR一体机中绝对算得上佼佼者。并且动捕的效果也是相当的好，戴着眼镜也玩得非常舒服。唯一美中不足的是发热比较快（虽然根本不影响体验）和续航能力一般。在无线串流电脑的情况下一般可以续航3.5个小时左右，但充电是比较快的。综合来说作为我入手的第一款VR，效果不错，物有所值，现在已经沉迷vr世界不可自拔捏。附上一段拉朋友入坑VR chat的视频，可以自行感受pico4的动捕。如果能像P4 Pro那样有面捕就好了。
2024年4月25日 · 8+256G畅玩版,期待已久，已玩四天。萌新最好在夜晚或阴暗的房间开箱，以免镜片因阳光而长斑。 还好选择送上门，包装写着LOGO太扎眼了，贵重物不敢让代理点收货。 为了串联pc游戏买的VR，节奏光剑我终于玩上了，就是还没调教好凑合用，送的和商城的游戏我也玩过，不错，够我玩。 权衡了一下最后还是选择了国产pico4，头戴确实舒适，适合长时间运动。上手就能玩这点确实很方便，游戏能多一点就好了，我是游戏党不是视频党。 官方能造防撞硅胶套就好了，我自备的不大合适，凑合用。
2024年12月18日 · 运动版,入手这款 VR 眼镜有段时间了，必须来给大家分享下我的使用感受和售后体验。  画质超棒，沉浸感十足，看电影玩游戏都像身临其境。佩戴舒适度也不错，长时间使用没明显压迫感。操作简单易上手，蓝牙连接灵敏。  联系客服后，响应那叫一个迅速。详细询问情况后，很快给出了专业解决方案。不仅如此，还主动跟进，直到问题彻底解决，这服务太贴心了买的时候就看重品牌和售后，这次亲身体验，完全没让我失望。以后有需求肯定还选这家，也会推荐给身边朋友！
2025年2月17日 · 【赠贴脸泡棉】运动版,先说优点，以前没有接触过VR类型，初次体验，太震撼了，看名山大川，看美女直播，看3D电影，体验宇航员太空既视感，沉浸式游戏……音质挺好，眼罩挺大，眼镜足以放进去！好多自己想去但没有机会去的地方，都“亲眼所见”���！ 缺点，屏幕分辨率有待提高，老年机感觉；电池很不抗造，玩游戏一个多小时，看电影两个多小时！游戏收费太多，自带游戏又只有体验版，两关就没了，不过效果太好了，绝对！！ 总结:非VR发烧友，绝对满足！还上瘾，呵呵！
2023年11月18日 · 8G+256G畅玩版,建议再买个三米的线搭配使用  使用多的话记得清洁手柄最好买1.5v的充电电池 缺点：蓝牙连不上手机 但可以网络投屏 不是VR视频的话观感请搭配最后一句食用 游戏经常会让你出划定的安全区域 导致暂停或者操作失误 地方小的注意 手柄偶尔失灵无反应 需扣出电池重新安装才行 谷歌三件套无法使用 请注意  最后最重要的一句  产品甜蜜点小 只有中间清晰 边缘虚化 游戏还好些 其他无论是看软件还是非VR视频是相当难受
2023年8月24日 · 畅玩版8+128G,刚收货就迫不及待的试用了，首先升级了下系统，然后尝试了下录屏功能，简单浏览了一下主界面，下载了一些应用。刚开始用有点不适应，调整好瞳距后适应了许多。搞了几分钟后就完全适应了，效果很不错。目前只是尝试看电影，还有直播，游戏还没玩，等充完电后再试试游戏的效果。首次上手的感觉还是可以的，主要是我没体验过其他 VR产品，观影效果太爽了，全景视频也不错，运动游戏也很爆汗。希望能出更多优质应用，体验真不错。
2023年11月23日 · 8G+256G畅玩版,挺好用的，在某乎上查到一个深度测评，对这款产品有很全面的评价。所以我只简单说我的使用感受： 分辨率挺高的，处理器也很不错，可以播放4k 5k的视频，看vr的时候感觉真的是震撼，特别能唤起什么什么。打游戏的话，体感也很真，送的那个过山车的免费地图看得我都晕车了……买了一个＜＜零口径重装上阵＞＞，体感非常真。 里面有pico视频可以看很多电影，包括满江红都有了。 目前还没用来社交，我不喜欢聚会。
2024年3月20日 · 8+256G畅玩版,给老公买的生日礼物�老公收到后很开心，说明书齐全，还有视频讲解，很快就上手了，戴上后真的是身临其境的感觉，特别是一进去的地球页面，很震撼。激活后自动赠送了四款游戏，六合一玩的比较多，另外三款还在探索中，但是有个问题，游戏里用摇杆移动的时候非常容易眩晕，除了四款游戏外，其他大部分游戏、功能需要另外购买，几元-几十元-上百元不等，我们自己购买了一个水果忍者，还不错，希望可以多出一些免费游戏玩。
2024年8月3日 · 8+128G标准版,整体能做到这个水平已经很不错，虽然提升的空间还很大。说说感受，8+128的配置比较富裕，其实64G也够了，价格还能再低点。游戏的画面不够细腻，这点还是可以提升的，戴时间长了有一点眩晕，串流效果很好。机器里面的视频内容还是非常不错的，环游世界很有体验感，过山车的感觉也很棒，但每段视频时间有些短，希望更新能再多再快一些。直播内容很震撼，有真人就在身边的感觉，很有趣。总体觉得还是有点小贵。
2025年5月30日 · 全能版Plus  主机*1+腿部追踪器*1+腰部追踪器*1+便携包*1+爱奇艺会员+4应用,人生中的第一台VR，相信国产，支持国产，用下来感觉特别棒，而且有国补，并且连上618的优惠，全家桶套餐到手我只花了3600多，性价比真的ok，实际是花了3650左右，感觉真的特别棒，太爱了，太爱了，会一直支持的。而且送货很快，并且是送货上门，送到家里来的，送货的时候也特别小心，真的特别棒，买的时候特地去线下体验店体验过了，然后再到淘宝上买的，线下体验店的人服务也不错，挺棒的一次购买。
2023年10月25日 · 畅玩版8+256G,1.很容易晕，单目摄像头虽然变成彩色的但是透视的时候还是有位移眩晕感，两分钟就感觉要吐 2.原来买过neo2和quest2，neo2用了一年然后能正常开机但是屏幕不亮，维修屏幕还得花七百块，quest2比它买的早也没出现问题，质量和售后服务真的不咋的 3.商家活动说复购商品送猫超卡，但是咨询客服，客服就开始装疯买傻产品质量一般，客服服务很差，不会再购买他家的任何产品了
2023年12月20日 · 8G+256G畅玩版,首先说产品，国产大品牌，好东西，对于我这种初次体验者来说，很新奇，但是有两点，第一:分辨率没有4k，不同游戏和不同的软件分辨率都不一样，效果一般不是很理想，有点糊，还是很糊，哈哈！第二:游戏源，游戏还是引进的太少了，很多大作没法在一体机体验，需要串流才能玩，串流需要电脑配置很高，这就很难受！不过总体游玩感觉还是不错的，希望pico今后有更好的突破，支持国产
2023年11月12日 · 8G+256G畅玩版,作为一名Pico4的用户，我必须说，这款产品真的非常出色。从外观设计到性能表现，都让我十分满意。不仅佩戴舒适，而且画质清晰、流畅，无论是看电影还是玩游戏，都能带来极佳的体验。而且Pico4还有丰富的内容资源，无论是VR电影还是游戏，都能满足我的需求。售后服务也非常周到，有任何问题都能得到及时的解答。总的来说，这款产品的性价比非常高，值得推荐！五星好评！
2023年11月8日 · 8G+256G畅玩版,店铺客服服务态度很好，物流快�；收到货包装�质感挺好，pico4与贴脸泡棉分开包装的。开箱让人眼前一亮，外包装设计风格新意挺科技感，接下来开宝箱，整机设计时尚，用料质感扎实，两个手柄造型我很喜欢�。开机后进入沉浸场景中，设计风格爱了爱了�界面操作上手一学就会，看大片和影院一样，以后不用去影院了，很多功能还没熟悉，过段时间熟悉情况了在来晒晒我的使用感受。
2025年6月3日 · 天猫运动版,618的价格和赠品让性价比很高。效果很好，无可挑剔，刷抖音vr直播，看b站视频，玩游戏，vr健身，串流电脑当屏幕，玩vrchat都ok。带腿捕套餐挺划算的，比单买腿捕优惠。分享一下瞳距设置指的是远距离瞳距，需要你看远处让别人帮你量一下，电脑验光打出来的数值时近距离瞳距不可用的，该vr机器上限是72，供参考。整体比较满意。还是期待下一代产品出面捕和眼追。
2023年11月27日 · 8G+256G畅玩版,机子用了一段时间还是不错的，买来主要是为了健身玩游戏。沉浸感很强。 眼睛方面:最低亮度+护眼模式+防蓝光近视镜片，两个小时不会觉得眼睛不舒服，超过俩小时就得充电了� 游戏方面:不会折腾的人盗版游戏就别想了，特别麻烦。我买了蛮多正版，正好碰上双11活动，价格大概在50、60元左右一个游戏。目前玩的最多的是拼图和光剑。 续航方面:两个小时左右，对我够用。
2024年5月29日 · 【性价比优选】8G+128G标准版,Pico4是一款高性能的VR设备，具备出色的显示效果和广阔的视野。它采用高分辨率屏幕和先进的光学系统，提供沉浸式的视觉体验。同时，Pico4设计注重用户舒适感，轻便且佩戴稳定，适合长时间使用。其直观的操作界面和丰富的内容资源使其成为娱乐和教育应用的理想选择。总体而言，Pico4在性能、舒适度和内容生态方面均表现出色，是一款值得推荐的VR设备。
2025年2月3日 · 全能版（主机*1+体感追踪器*1+4应用+便携包*1+PU泡棉*1）,第一次买VR设备，上手感觉还挺好。初识VR里的小游戏很有意思，特别是魔法药水调配很有感觉，彩蛋的小精灵们都很可爱。穿透安全范围时的透视功能很有用，大幅提升了安全体验。商店的原生游戏不算多，通过PICO互联可以串流玩steamvr的游戏就很好。收纳包挺能装的，所有配件都能装进去就很方便。顺便一提，新春礼包送的65w充电头和充气U枕真的很有用。
2023年8月17日 · 畅玩版8+256G,买了PICO4，使用了三天，目前感觉一切很棒！首先，开机秒定位，超级准确。其次，画面也很清晰，担心头晕的情况也没出现！测试了几款游戏，流畅度不错，还没上大作，玩了运动会和动感音乐，满足。最后，直接丢了珍藏的单片5.6G的VR电影进去，很流畅特别是那个一键3D，点开顿时泰山压顶，后来找到调节画面远近的横条调节到最舒适距离，满足，满足，满足！
2025年5月29日 · 畅玩版,产品整体外观不错，各主配件质感都在线，送的机盒质感外观都挺好的； 功能方面，主要预期是用来办公学习的，通过电脑的无线连接，基本上可以完美使用主屏的基础上附加两块大副屏，相当于三个显示器同时使用，短时间体验效果很不错； 初此之外，简单体验了下其他功能，空间投屏拍照等功能很新颖，看3D VR抖音体验也很棒； 其他功能和长时间的使用体验待探索中
2024年11月16日 · 全能版（主机*1+体感追踪器*1+4应用+便携包*1+PU泡棉*1）,这款 VR 设备超出了我的预期！画质清晰，沉浸感十足。佩戴也很舒适，长时间使用也不会觉得累。商家服务也很周到，推荐购买！  VR 体验太棒了！可以玩很多有趣的游戏，还能看高清电影。操作简单易懂，很容易上手。物流也很快，非常满意。 买的这个 VR 真的很不错，性价比超高。外观时尚，质量也很好。用它来体验虚拟世界，感觉非常奇妙。强烈推荐！
2025年4月1日 · 畅玩版,手柄不太好用，续航时间也短，看部电影都够呛，戴久了拿下来会有种虚拟和现实分不清的感觉，而且很多游戏都收费，不过我没用过其他VR眼镜，可能都差不多吧，只能说几千块钱的价格，偶尔玩玩也不亏就是了。客服有种抽象美，说的送度数眼镜，说是要确认收货才可以配，确认收货后找他们，跟我说要我自己确认收货，看起来想我写个保证永不退货的保证书吧，很无语
2023年12月12日 · 8G+256G畅玩版,去年玩了同事的vr就深深的埋下了一颗小种子（见视频中的傻样）今年去某游戏厅又玩了一次之后，种子开始发芽了，又去搜了一下，在纠结选3还是4的时候，双12活动来了！！！赶紧入！等不了了！收到了之后就赶紧充电了，期待一下！ ps：评论是为了送的游戏，这价格也是真的很香，犹豫的小伙伴想入手就要趁活动的时候，日常价格贵了好几百，妈呀真香
2024年12月21日 · 【加赠贴脸泡棉】全能版（主机*1+体感追踪器*1+4应用+便携包*1+PU泡棉*1）,实物与描述的一样，质量相当好，卖家态度也好，有问必答，发货速度杠杠的，值得购买哦~掌柜态度很专业热情，有问必答，回复也很快，我问了不少问题，他都不觉得烦，都会认真回答我，这点我向掌柜表示由衷的敬意，这样的好掌柜可不多。再说宝贝，正是我需要的，收到的时候包装完整，打开后让我惊喜的是，宝贝比我想象中的还要好！不得不得竖起大拇指
2024年1月25日 · 8+128G畅玩版,整体感觉还算不错，就是感觉续航时间很短，看电影还算好，因为不用动，所以可以插着线看电影. 如果只看续航那时间很短感觉.游戏很贵而且不多. 除了这些感觉3代和4代之间还是有区别的，第四代这个眼睛部分在玩的时候总是掉出来. 还有在玩的时候里边有透光，不能完全沉浸的感觉. 声音用自带的音响肯定不行，建议配备蓝牙耳机可能效果更好.
2023年8月19日 · 畅玩版8+256G,试用了一天，感觉真的很棒，简直就是另一种体验，很早以前就想入手VR，但一直感觉技术还不成熟，目前来看已经可以入手了，里面的VR全景视频、VR直播、3D电影、VR游戏都很惊艳，健身游戏可以足不出户就能有运动效果，趣味性也强，这款PICO4价位也是在所有VR一体机里性价比最高的，价位完全可以接收，也就一个平板的价格。
2024年3月1日 · 8+256G畅玩版,体验了十天，现在说说感受吧：本人第一次买vr设备，看了pico，果断下单，到货后第一时间体验，首先的彩色透视就惊艳到了，后边进去后画面也都很精致，手机上的应用在这里也都可以下，目前下了几个游戏正在玩，当然还有好多我没有探索到的，就后面慢慢体验了。也希望官方后续能开发更多好玩的应用来，互动玩法可以多增加一些。
2025年4月24日 · 畅玩版,之前跟对象在店里体验了一次VR直接种草，当时玩了一个画面很简陋的解密游戏，但是沉浸感很强，之后对VR就念念不忘，终于入手了这个pico4u。没用过前几代没对比，不过我感觉体验很不错，透视玩拼图巡游感觉很享受。送的收纳包很有质感，入手的三方头戴配上官方送的镜片体验感直接拉满，在穿越半径的小黑屋里瑟瑟发抖���
2024年11月14日 · 全能版（主机*1+体感追踪器*1+4应用+便携包*1+PU泡棉*1）,Ultra支持WiFi 7和蓝牙5.3，立体双扬支持空间音效，性能在同价位产品中处于第一梯队，玩主流3D游戏也非常轻松。 能直接在屏幕上用手机App，透过摄像头去拿手机回微信啥的。高精度双手柄配合附送的脚部体感追踪器，运动和游戏体验都更有参与感。只是用来看电影啥的，放下手柄也可以通过手势来操作，挺全能的。
2025年7月12日 · 畅玩版,入手Pico 4 Ultra后，我的生活彻底被改写！玩VR游戏时，90Hz高刷新率和超视感屏让画面顺滑得没话说，动作再快也不拖影、不模糊，手柄操控精准，体感追踪器还能捕捉细微动作，仿佛真的置身游戏世界。用它看电影，巨幕一开，环绕音效加持，在家就有电影院的享受。办公时，多窗口模式还能大幅提升效率。入手不亏！
2024年11月18日 · 全能版（主机*1+体感追踪器*1+4应用+便携包*1+PU泡棉*1）,❌价格和清晰度跟quest比不占优势  也就是双十一有些许返利和游戏补充 �没有触摸交互和召唤拍摄彩透效果模糊 正常使用通讯设备是别想了  �观看视频正前方比较清楚四周模糊 没多久视疲劳明显 �FOV做的也相对欠缺 玩家少，生态差 总之性价比一般 总之多对比吧别当冤大头 另外快递暴力 盒子直接摔烂呵呵�
2025年4月24日 · 天猫运动版Plus  主机*1+腿部追踪器*1+腰部追踪器*1+爱奇艺会员+6应用,这款MR头戴设备用起来挺舒服的，佩戴不压头，长时间体验也不累。画面清晰自然，日常看视频或简单操作完全够用。系统反应流畅，基本功能都挺直观，新手也能快速上手。续航能断断续续用勉强撑半天，整体设计轻便不笨重。作为普通用户觉得实用性强，没什么负担感。可惜客服有点人机了，一直问的问题都答不上来，需要加强培训啊
2025年4月25日 · 天猫运动版,之前买过Pico Pro4，感觉达不到我的要求，现在这款Pico4ulrta用了还是不错的，比之前的4Pro要强很多，清晰度更高，使用下来可以无线连接电脑，在床上玩steam游戏也是很舒服的，只是有些游戏需要USB3.0的线连接才可以更好的发挥作用。买了第三方的头梁，比原装的好。弄个包包就可以带出去了
2025年7月5日 · 天猫运动版Plus  主机*1+腿部追踪器*1+腰部追踪器*1+爱奇艺会员+6应用,简直打开了新世界的大门，618入手真的太值了，之前在线下体验过pico4，当时就已经给小小的老子大大的震撼了，到手之后每天都至少体验2小时，虽然打游戏有点晕3d，最近正在学习gravity sketch vr建模，最让我惊艳是手柄的交互逻辑，太强大了。之前还玩了VR赛车，还能眼部追踪选项，实在是震撼！
2025年4月11日 · 天猫运动版Plus  主机*1+腿部追踪器*1+腰部追踪器*1+爱奇艺会员+6应用,已经买了三台Pico了，第一台Pico neo3送给我姐，我买了台4 pro，然后pro送了男朋友又入手了Ultra，一直在玩，实用性真的不必多说。看电影玩游戏甚至是学习，都很依赖Pico，在里面也交到了朋友～真的很开心买了第一台Pico，我说一句国内家用机实用性天花板不为过吧？期待未来的更多版本！
2023年11月18日 · 8G+256G畅玩版,从来没有体验过vr，为体验买单，收到货马上开机，卡屏了，5分钟后好了，所以没有选择退换，玩了一下送的那个零口打枪的，还没做完新手任务，晕得想吐就没玩了，第一次不太适应吧，画面感还可以的，需要多多摸索才能有更好的体验感，客服很耐心，主播也很有耐心，双11活动优惠力度大，如果送的游戏可以任选就好了。
2023年8月13日 · 8+256G,原本用的进口牌子，程序繁琐又复杂，所以想着换个国产的试试看，没想到非常好用又方便，碰到一点小问题，客服超级耐心，态度超级nice，这样的产品谁会不爱呢，好的产品体验真的非常加分，原来第一个买的三代感觉像素会低一点，又买了一个四代做比较，客服说有试玩期，喜欢哪个留下哪个，真的太赞了�必须五星好评！
2024年8月11日 · 8+256G标准版,PICO4确实是一款令人印象深刻的产品。从我个人的使用体验来看，PICO4的画质清晰，操作流畅，给我带来了极佳的视觉享受。它的优点在于其强大的性能和丰富的内容库，无论是游戏还是电影，都能满足我的需求。总的来说，PICO4是一款值得推荐的产品，尤其对于喜欢沉浸式体验的用户来说，更是不可多得的选择。
2023年11月21日 · 8G+256G畅玩版,pico4到了，到手的一瞬间我就打开了。总体感觉外包装还是挺精美的。感觉不错。看着可以吧。就外包装来说还可以。打开了箱子。看到里面的机器。感觉比上一代小巧了许多。据说轻了100克。还有手柄新造型，感觉不错。体统进行了升级，更加流畅，不过分辨率也突出了，色彩更加鲜艳。不错。还可以进行多任务模式。
2023年11月18日 · 8G+256G畅玩版,Pico4比去年买的neo3确实轻不少，带着也也好看很多。家里AR也有，但是还是VR的视觉效果更好，AR胜在便捷，带着方便，但是看电影跟游戏感受那绝对是VR。虽然平时玩不多，不过两千多也不贵，放着偶尔体验一下还是不错的。特别是巨幕屏观影体验太棒了，想屏幕多大就变多大。视觉盛宴哇哇哇哇塞！！！
2024年8月6日 · 8G+128G畅玩版,虽然之前至少在商场体验过不少次VR 设备，但一直没有狠下心去手。 这次也是赶上孩子生日，既然他能对vr保持长久的喜爱，那就入手吧。 pico 算是知名度最高的品牌之一了。买得放心。收到货也是给孩子体验起来。看样子应该是很喜欢。 不过戴久了，脸上还是有勒痕。可能因为他太小了。还是不能玩太久。
2023年11月18日 · 8G+256G畅玩版,首先我必须说一下客服的服务态度是相当的欧耶了，然后再说说宝贝，宝贝的质量和款式都好，也是本人喜欢的风格，穿着特有范儿，料子一点也不闷，特别透气，舒服，出去旅游可以穿啦，太开心啦，以后还会再来你家的呦，其实，还有一套你们的宝贝，已经在路上了，期待下一个惊喜，爱你们呦么么哒～(^з^)-?
2024年7月5日 · 8G+128G畅玩版,整体还是超出预期的。 一些休闲游戏内容和vr直播体验还是不错的。 光是这些我觉得已经值回票价了。希望下一代继续升级吧，争取把苹果的vision air给卷出来，一起做大蛋糕哈哈�我觉得目前vr虽然还没有到头号玩家的地步，但是好玩的派对游戏和vr直播还是有很多的，价格不贵可以买来玩玩。
2024年7月8日 · 8G+128G畅玩版,刚开始买的pico4pro，后来换成了现在的4，使用感受完爆pro，视频和音响效果都要更强，完全搞不懂升级的意义何在！！pico4插着充电线玩电池小也不影响，玩运动减肥游戏体验好的爆，推荐光之乐团，拳击！肥男宅女们赶紧下单吧，看8K电影也很赞，你懂的！无需犹豫，强烈推荐狼友购买！
2024年4月12日 · 8+256G畅玩版,给女朋友买的生日礼物，收到后很开心，说明书齐全，还有视频讲解，很快就上手了，戴上后真的是身临其境的感觉，特别是一进去的地球页面，很震撼。畅玩版激活后自动赠送了四款游戏，六合一玩的比较多，另外三款还在探索中，客服回答问题也很有耐心，体验不错，就是稍微有点发热，但是不烫，温温热热的
2025年6月1日 · 天猫运动版Plus  主机*1+腿部追踪器*1+腰部追踪器*1+爱奇艺会员+6应用,兩個字，真香，  這個價格是真的賺到，特別是看電影的時候，堪比家中imax巨幕！反正這個價位，絕對的天花板，我買的是運動款，除了沒有收納包出門攜帶不是很方便之外，其它都挺好的，哦，還有一點，如果一直玩遊戲的話可能耗電量會比較快，大概兩個小時，但是看電影的話可以邊充邊玩問題不大
2023年11月4日 · 8G+256G畅玩版,***的。不知不觉运动量就超标了。乒乓球这个游戏很真实，但是我太菜了，我更喜欢玩免费多合一运动那个，抽拉一般都会上桌，比较爽。就是违背物理规律。有了它我相信我能够提升我的体力，减肥，减脂！现在平台商城也有折扣，虽然不多，但是那个射箭游戏还是不错的。就是左手臂一直举着弓很酸！
2024年10月1日 · 运动版,物流很快，基本上一两天就到货了。 遇到使用上不清楚的事情，客服回复的还是非常及时的，点赞~ 这代pico4ultra相比我21年买的pico2清晰度，实用性进步了不少~目前还没有遇到不满意的地方~ 就是不支持储存卡，还有和电脑同步上面还是有点繁琐。。希望pico后面会很好~
2023年12月14日 · 8G+256G畅玩版,买来送人的，从了解到下单，只用了几分钟，浏览了很多同款产品，最后选择了pico，直播小姐姐很有亲和力，讲述的很清晰演示的很完美。有问必答。客服安果果（还是安木木，忘记了，不好意思）很耐心，赠送的游戏和兑换码也讲解的很清楚。希望朋友喜欢。有个好的体验。后面自己也买一个试试�
2024年7月11日 · 8G+128G畅玩版,PICO 4的头戴主机和两个手柄，整体配色灰白相间，手感和质感都很在线，很有年轻人喜欢的科技感。几天的使用体验很是简洁流畅，和外观类似，系统的风格很简约，操作逻辑很流畅，基本上翻翻说明书就能直接上手使用，学习成本几乎为0。孩子也非常喜欢，在考虑如何给他限制使用时间了:(
2024年3月6日 · 8+128G畅玩版,外观：真的超过预期，非常美丽，很轻。有种高科技赛博朋克的感觉。 视频播放：非常流利，像是在看电影的大片，全景视频也很炫酷。 游戏体验：还没有安装很多游戏，免费的游戏试了几个，沉浸式非常不错 缺点：可能跟个人体质有关，戴上之后玩久了就会很晕，估计过一段时间就能调整过来了
2024年5月31日 · 8G+128G畅玩版,产品质量挺不错的，颜值高，还科技感满满，迫不及待体验一番。游戏多元化，流畅，仿佛置身其中，还要做出相应的动作才能有效控制，玩个游戏居然也能出汗，太刺激了。坐下来休息休息，身临其境般地体验了一把随身3D视频，千万注意的是——不要轻易观看《过山车》视频，千万别好奇啊�……
2024年6月10日 · 8G+128G标准版,外观：真的超过预期，非常美丽，很轻。有种高科技赛博朋克的感觉。视频播放：非常流利，像是在看电影的大片，全景视频也很炫酷。游戏体验：还没有安装很多游戏，免费的游戏试了几个，沉浸式非常不错 缺点：可能跟个人体质有关，戴上之后玩久了就会很晕，估计过一段时间 就能凋整辻来了
2023年11月14日 · 8G+256G畅玩版,哇，Pico4真的太棒了！它的设计非常时尚，使用起来也非常方便。我特别喜欢它的高清屏幕和强大的性能，无论是看电影还是玩游戏都超级享受。而且，它的电池续航能力也非常强，让我可以长时间使用而不用担心电量问题。总的来说，Pico4是一款性价比超高的产品，强烈推荐给大家！
2024年1月2日 · 8+256G畅玩版,一拿到手就迫不及待打开了VRC！PC玩了一年多终于能体验到真正的"vr”chat了，用官方的串流助手也完全可以的。然后产品本身真的蛮轻的，官方的舒适度就完全足够，近视的话自己配一副近视磁吸镜片就可以更舒适的玩了，昨天从拿到手一直到半夜两点都在玩，一玩就不知道时间了
2024年2月2日 · 8+256G畅玩版,货品包装非常完整，快递顺丰非常快速安全的送到，先试玩了两天才来评价的，送的四款游戏里有两款运动练习的，可以边玩边锻炼身体，非常满意，机体很轻，手柄感应灵敏，镜面效果真实。打算先玩一玩送的这几款游戏，应该可以玩很长一段时间。后期才会开始尝试付费游戏，体验后再来追价
2025年2月10日 · 【赠贴脸泡棉】标准版,这款Pico4ultra真的太棒了!画面超级清晰，沉浸感十足。佩戴起来很舒适，长时间使用也不会觉得压头或者难受。操作简单易懂，不管是看电影还是玩游戏都能带来前所未有的体验。性价比超高，这个价格能买到这样品质的VR设备真的超值，非常满意的一次购物，强烈推荐给大家!
2025年6月25日 · 天猫运动版,朋友安利了整整一年，因为各种原因才入手，就真香……然后被怼了两天…… 一个字，超好玩！！！游戏、运动都有，个人比较偏向运动类，我菜但不影响我爱玩儿！ 强调！客服小姐姐们真的超级好！被我烦了一个下午任然耐心满满，我自己都不好意思了��� 综上所述！超级好评！！！
2025年3月10日 · 运动版,现实世界也太无趣了，期待已久的逃往世外桃源之路被pico打开，身临其境的感觉非常的好，就是有时候设备调不好会有点视觉模糊，内容很丰富，当代新青年摸索了半天还没有完全上手脸上已经压出了两个印子，痛并快乐着…整体都很好要是能有个原装的对机器健康的充电器就更好了。
2024年11月20日 · 标准版,产品和退换货以及客服的服务态度都非常的好，唯一一点美中不足的是，我觉得对于近视的客户来讲，用着是不太清晰的。那在戴眼镜的过程当中，可能会磨损到产品原有的镜片，这点是需要商家对这个产品再进行一个优化以及迭代，希望在下一代的产品可以看到，在近视这方面的这种优化
2023年11月12日 · 8G+256G畅玩版,非常赞，带上去就像进入另外一个世界一样，身在其中!都舍不得拿下来，3d效果 十足。可以调节物距和焦距的，有了这两 个功能后，使用时非常的方便，性价比高。做工很精细，并且头戴可以随意调节，看 全景效果很好，和在影院看大片一样，非常清楚，质量挺不错的。
2025年3月29日 · 天猫运动版,这款MR眼镜的可玩性很高。看视频，玩游戏，健身锻炼都体验很不错了。生态内容也足够丰富了。特别是可以直接安装安卓的App。然后以窗口形式运行，还可以调节大小。安装平板或者电视的App后体验很好。看爱优腾确实感觉像在电影院。是很值得购买的一台娱乐设备。
2025年4月20日 · 畅玩版,这款MR眼镜的可玩性很高。看视频，玩游戏，健身锻炼都体验很不错了。生态内容也足够丰富了。特别是可以直接安装安卓的App。然后以窗口形式运行，还可以调节大小。安装平板或者电视的App后体验很好。看爱优腾确实感觉像在电影院。是很值得购买的一台娱乐设备。
2025年6月19日 · 天猫运动版,之前体验过quest3，后面pico4ultra就发布了，多了腿追模块，清晰度看起来差不多，现在手势追踪也挺稳定的，新更新的系统的空间照片很不错；这次618活动力度挺大的，体验感很棒，不枉蹲了很久！玩了tempo club，手舞足蹈的还可以锻炼身体
2023年11月15日 · 8G+256G畅玩版,收到了自己的生日礼物～买之前总是在犹豫会不会积灰 但是收到后一玩发现有很多的可玩性 我比较喜欢光之乐团这个游戏哈哈哈哈 送的多合一运动也很好玩 而且看电影真的像电影院一样大屏 还好我不是很晕3D 适应的很快 希望好玩的vr游戏能够再多一点哈哈哈哈
2024年6月27日 · 8G+128G标准版,心心念念的VR终于买到家了，这款产品质量很好，它让我身临其境地感受到了传说中的仙境，这个虚拟的世界让我感到了一种莫名的温馨和舒适， 在虚拟现实中，我可以看到最美的景色，听到最动听的音乐，VR让我感到自己仿佛置身于另一个世界，那里充满了神秘与美丽。
2024年6月5日 · 8G+128G畅玩版,首次体验VR世纪的快乐！可别说在里面的运动项目还有点效果，很真实，没想到能做到这种地步。完全是视觉盛宴。还可以多人观影，VR直播，各种VR游戏特别僵尸射击类的，没子弹后放僵尸靠近里真的会把手柄丢了跑，玩的时候一定要设置好安全范围。产品真的很棒��
2024年2月25日 · 8+256G畅玩版,优点：佩戴舒适，眼镜友好～资源也相对丰富，有些免费的其实也挺有趣，送的几个资源都很有特色～看恐怖片实在是哈哈哈哈哈 缺点：部分资源像素实在嗯……还有待改善吧只能说 有些资源也比较容易晕，不过这个要看个人吧 同类型产品中不能说顶流，但性价比不错。
2025年6月14日 · 畅玩版,以前使用过Pico4。虽然在外表上看起来没有太大的升级。在硬件和系统上还是做了很大的升级的。 嗯，在透视功能下看手机的话还是是看不清上面的字的，大概看看还是可以。手势操作也还可以，如果能像Q3那样就更好了，希望pico越做越好，期待后续的更新。
2025年6月17日 · 全能版Plus  主机*1+腿部追踪器*1+腰部追踪器*1+便携包*1+爱奇艺会员+4应用,PICO4 Ultra 的显示效果真的惊艳，4K+超清屏色彩细腻，画面流畅无拖影。佩戴舒适不压脸，长时间玩也不累。手柄定位精准，动作反馈灵敏，玩射击和运动游戏超带感！内置扬声器音质震撼，完全沉浸其中。性价比超高，绝对是VR入门和进阶玩家的首选！
2025年2月6日 · 全能版（主机*1+体感追踪器*1+4应用+便携包*1+PU泡棉*1）,收到货迫不及待开始玩耍，非常nice，先体验愤怒小鸟，再来桌面战争，非常有趣，也体验了一下看视频，大屏幕超爽。直到玩到没电，充电速度也很快，体验感满满，佩戴无压迫感很轻，颜值也很高，非常满意，pico加油，商城里的app够我玩好长一阵了。
2025年2月8日 · 全能版（主机*1+体感追踪器*1+4应用+便携包*1+PU泡棉*1）,应该买基础版的，全能版所谓的赠送不值。不过 pico 确实是目前 vr 一体机做得最好的了，不需要电脑串流省了很多事，生态也比较丰富了。除了 vr 视频始终没发展起来外几乎没缺点了，而且这缺点是所有 vr 共有的。希望以后生态能更加丰富。
2025年5月18日 · 畅玩版,活动价加国补买的 很实惠 以前用的4pro 这次用ultra的新cpu 游戏方面会有一定提升 新os版本支持多倍渲染 游戏画质能得到一定提升 唯一缺点就是有些游戏和程序在4pro能用 新机里直接显示不兼容 像亚利桑那阳光要买升级版本才能用
2023年9月11日 · 畅玩版8+128G,很棒很棒，当天玩到凌晨三点。主要是用来看视频电影，能用网页上b站之类的，扑面而来的大屏太帅了，和离屏幕近点完全不一样。看3d电影本来打算小小体验一下，结果看完了整部环太平洋。操作也很流畅，下一步准备试试游戏，但目前这些已经足够我玩的了。
2024年11月19日 · 【赠体感追踪器】畅玩版,体验一般。app出现花屏。而且摄像头实在是太模糊了。像素太低了。串流连电脑串流软件也经常卡住。不是连不上就是卡住无响应了。唯一的功能就是看片好用点。但是很多视频还是打不开。浏览器有封ip。凑合玩吧。说实在的。比一千多的体验好不了多少。
2025年6月21日 · 天猫运动版,试了几天来确认收货。在国内算是一流的产品了，和朋友都试了一下，反馈都是有点震感。对比过海外的产品，pico的性价比很高，算是个认真做的产品。希望开发内容再多一点。看picoapp里的用研还挺多，应该也挺重视用户体验，现阶段已经很好了。
2025年6月15日 · 天猫运动版Plus  主机*1+腿部追踪器*1+腰部追踪器*1+爱奇艺会员+6应用,种**好久，入手了这款vr眼镜，不是技术流，对于我来说，首先是颜值相中，其次是简单易上手，想让孩子看看视频和玩玩游戏，pico这几点都非常合我心意，孩子很喜欢里面的游戏，全家都能玩，入手几天了，没有吃灰，大人孩子都体验过了，很不错。
2024年12月4日 · 全能版（主机*1+体感追踪器*1+4应用+便携包*1+PU泡棉*1）,全家都玩得很快乐！ 首先对于机器非常满意，整体使用感觉非常舒适，小朋友看视频的时候还想伸手摸猴子� 然后游戏也很多，虽然机器贵，但游戏便宜 音游什么的整个人都动起来了，玩起来还锻炼身体了 前期不会用的时候，客服解答也很耐心！满意！
2025年6月7日 · 天猫运动版Plus  主机*1+腿部追踪器*1+腰部追踪器*1+爱奇艺会员+6应用,线下体验后决定购入的。对于小白来说已经非常满意了。游戏，观影效果都不错。我是一个爱晕车的人看这个不晕头。系统操作简单，头部带着不累。有点建议就是首页的推荐能不能设置成可取消，页面里有一些“大美女”，家有小孩偶尔会玩游戏看到不太好。
2023年11月22日 · 8G+256G畅玩版,之前逛街在线下实体试玩了下 感觉很好玩 就趁双十一活动线上入手了一个 游戏体验感非常强 还能看视频 连投影仪的钱都省了 带久了也不会晕 现在每天都要运动上两个小时 每天轻松消耗个几百卡 希望后面能多更新一点好玩的游戏 强烈推荐～
2024年1月16日 · 8+128G畅玩版,之前有一个三代的这个比起三代的使用感要好很多。嗯，手柄握感舒适度。还有头戴调整的舒适度。都有很大的改进。漏光鼻垫真的非常非常好用，之前三代的没有镂空鼻垫，底下会有漏一块光出来。现在有了。漏光鼻垫。白天的时候就不会被外界光源打扰。
2024年3月18日 · 8+128G主机,毕竟是老品牌，比一般的杂牌头显好多了。包装就很精致，做工也不错。玩法比较多样，刚戴上去的时候还挺震撼的。我主要用它来看电影，对焦有几米远，应该对视力有好处。 除了看电影之外，还可以和电脑互联，玩一些VR游戏。性价比还是可以的。
2024年3月28日 · 8+128G主机,大概就是所有东西了，人在外边没法测试实际游戏情况，只能通过简单的设置来稍微体验一下 听其他人测评的容易丢定位倒是没有，手机拍的内部会闪，实际用眼睛去看还是很清晰，内部有给眼镜做适配，可以戴着眼镜用，这个价位又不想折腾的最好选择
2025年4月16日 · 天猫运动版,玩了一段时间才来评价，小白一枚，操作很容易上手，未来的vr游戏行业一定会越来越好，送的几个游戏都很好玩。运动类游戏很燃脂，目标就是减肥的话也有坚持下来的动力。钓鱼佬必入实况钓鱼，简直停不下来，边充电都要一直玩。舒适度也挺好的。
2025年6月17日 · 天猫运动版,《Moss》是一款单人动作冒险益智VR游戏，它结合了成功游戏的经典元素，具有引人入胜的角色，扣人心弦的战斗以及迷人的世界探索，并通过VR技术将这些内容完美融合。  这个游戏太好玩啦，画面好美，关卡非常有趣，太有意思啦，推荐推荐
2024年6月30日 · 8G+128G标准版,618入手4，性价比很高。vr产业这几年发展确实是飞速，上一次接触vr还是五年前的手机盒子，科技真的在进步哈哈哈。画质清晰不很沉，买来当个显示器的，后来发现自带app看看视频也挺不赖的。近视镜片自己配的，官方依视路的感觉小贵
2025年4月4日 · 天猫运动版,还是青岛顺丰发货，只不过从当年的小鸟看看变成了创见未来。 纯为了看视频的话没必要升级，感知不强，有一点其他需求都可以升级，相比neo3芯片、体积都有了大提升。 视野很难做到全屏清晰，ultra又没给眼动追踪。 续航还是一般。
2025年7月4日 · 畅玩版,卖家服务态度真的很好，希望pico大卖，很喜欢这个，东西也挺好的，快递速度也很快，与卖家描述的基本一致，真的很喜欢，完全超出期望值，发货速度非常快，包装非常仔细、严实，物流公司服务态度很好，运送速度很快，有需要还会再来买的。
2024年11月23日 · 全能版（主机*1+体感追踪器*1+4应用+便携包*1+PU泡棉*1）,用了一天很优秀，各项都不错，感应也准确，手势有点难也可以玩，无论是一体机游戏还是串流游戏都可以流畅玩，戴着也不重，整套能收纳到包里不占地方，电量还算足，把感应器绑脚腕上全身捕捉很准，扫描房间识别障碍物挺好的，整体值得入手�
2024年1月11日 · 8+256G畅玩版,pico4收货后，儿子很喜欢，在别人看来有点点神经质，哈哈哈，从产品质量到性能表现，都达到了非常高的标准。画面清晰流畅，操作简单方便，功能丰富多样，能够满足各种使用场景的需求。这是一款非常值得购买的产品，我强烈推荐给大家！
2024年1月28日 · 8+128G畅玩版,收到了，用了四五次，看了一部电影、玩了几款游戏，感觉还是不错的，主要是佩戴体验还可以。分辨率尚可，有一点纱窗效应，也没办法。就是躺下用的时候，后面的电池可能会抬高头部，要把枕头拿掉。总体还是很满意的，尤其是考虑了这个价格。
2024年2月3日 · 8+256G畅玩版,PICO 4 在佩戴舒适度、视听体验、交互感知能力、内容生态等方面听朋友介绍挺不错的，也是在朋友的极力推荐下买的这款VR。今天收到货，产品的做工十分精致，连包装盒看起来都是那么完美，虽然还没有用，但我对它已充满期待和信心。
2023年12月28日 · 8+256G畅玩版,期待已久的VR游戏果然没令人失望～ 跟着指引操作非常容易上手，尝试了几个评分高的游戏，体验感都很不错（只是很久不运动，第二天起床快散架了）。 部分游戏耗电比较快，轮流玩可能会不尽兴，但自娱自乐就绰绰有余啦～总体来说很赞。
2024年6月20日 · 8G+128G畅玩版,活动入手还是比较划算的，本来一开始打算去买个二手的，不过朋友说二手的没有保证，最后还是在官方店买了全新的。物流速度很快，快递箱也是八角尖尖。产品实际体验了一下，效果还是很不错的，如果后续有什么问题再追评吧，现在体验良好。
2023年11月25日 · 8G+256G畅玩版,刚刚开始用的那会有点头晕，慢慢就适应了，佩戴整齐，调整瞳距就可以清晰看vr了。开机送的几款有就多合一还行，其余一般般。联系客户送的几款游戏还行。缺点就是太耗电，不到40分钟就没电了。pico视频里边的全景视频资源太少了
2025年6月22日 · 天猫运动版,开机体验更是惊艳！画面显示超级清晰，色彩鲜艳，细节满满，那种沉浸式的体验，仿佛我真的置身于另一个世界。不管是看电影还是玩游戏，都特别带感。玩游戏的时候，手柄操作起来十分灵敏，动作捕捉很精准，能让我全身心地投入到游戏中。
2024年2月22日 · 8+128G畅玩版,过年在老家玩了亲戚的PICO 3 太有意思了   回杭路上直接就下单了PICO4  两天就收到了  妹妹玩的舍不得放下  游戏很多  3D体验感真的很强  非常推荐想要减肥但是不愿意运动的朋友  这个会让你运动上瘾�
2024年1月28日 · 8+128G畅玩版,选PICO 4的理由也简单，一来正好碰上年货节，有比较大的优惠，本着买新不买旧的原则，我肯定买新的尝尝鲜；二来PICO 4比起上一代，在佩戴舒适度、视听感受、交互体验、内容生态各方面都有全面升级，于是果断入了这款！
2024年3月21日 · 8+128G主机,刚开始买了yvr2，但是实际使用起来不如pico4清洗，分辨率高，高的不是特别多，但还是有区别的。主要是优质的游戏资源比yvr2高了太多，最终选择了pico4，最近每天都在玩光之乐团，一天两个小时了，很累，但很爽。
2023年11月3日 · 8G+256G畅玩版,包装很严实，运送过来没有破损，pico4比3好太多，戴着可以靠后面的旋钮来调节头部松紧，还能调瞳距看着不会眼花酸痛和晕，除了赠送的两个泡膜本身也自带一个，还有为眼镜增加距离的配件和放漏光的小配件都让人有很棒的体验
2023年9月8日 · 畅玩版8+256G,老婆一直想体验下家用vr机 最终选择了pico印象中v机器都很笨重 pico4 头戴式没有很复杂也 不用连有线 可以带戴自己的眼镜 目前还在新手阶 段慢慢探索 然后物流超快 顺丰空运第二天就到了  体验感超级棒！
2024年1月30日 · 8+256G畅玩版,在淘宝逛逛上看到了∨R眼镜，做了很多功课，最后买了pico4，收到货玩了一天，大人和小孩都很喜欢，玩游戏超大画面很享受，躺着还能大屏看电影，还可以运动健身，佩戴非常舒适！绝对好评！整体外形轻巧漂亮，非常值得拥有！
2024年3月9日 · 8+256G畅玩版,玩游戏就跟身临其境一样，vr带上瞬间成为冒险家 二战士兵 反恐精英 钓鱼佬 拳击手...一摘下瞬间回家 完全不用担心路费和生命安全的问题，身临其境感觉很棒买它就对了，最后我要说 玲子的碎片这游戏 我测你码太吓人了
2025年5月17日 · 天猫运动版Plus  主机*1+腿部追踪器*1+腰部追踪器*1+爱奇艺会员+6应用,非常不错，相对于之前所用过的各种VR头盔，最大的升级在软件方面，3DVR效果非常明显，舒适久看不厌，而且与抖音结合，短视频也可以有3D展示。再加上混合现实等等。运动功能还未试，自己配了蓝牙耳机，不用担心声音外泄。
2025年5月27日 · 畅玩版,这次购物体验非常满意！商品质量上乘，与描述完全吻合，使用起来效果出众。卖家的服务态度也非常好，回复迅速且专业，让购物过程十分愉快。物流速度也很快，包装仔细，宝贝完好无损地收到了。非常推荐给大家，下次还会再来购买！
2025年6月11日 · 天猫运动版,pico18年的老用户了，每个产品都没落下，这次弥补一下ultra的遗憾。刚发售的时候价格很高，现在实付才2000出头，要什么自行车？还有腿追是真不错，这点比q3强多了，而且彩透提升巨大，基本能用了已经，继续加油
2023年12月1日 · 8G+256G畅玩版,真的非常好玩，到货已经有差不多2周了 每天最起码玩半小时 。游戏的话挺喜欢光之乐团 和赠送的多合一运动  真的能出汗 还是挺上瘾的 但是有时候会看不太清楚 左手手柄不在视线范围的话 会跑上去 有点不知道怎么回事
2024年4月29日 · 8+128G畅玩版,这款VR眼镜真是惊艳到我了！舒适的佩戴感，高清的视觉体验，让我仿佛置身于虚拟世界之中。精准的头部追踪和流畅的画面展现让游戏和影视更加身临其境。轻便的设计方便携带，随时随地畅享沉浸式娱乐体验。物超所值，强烈推荐！
2023年11月21日 · 8G+256G畅玩版,在实体店体验了一下就心动了，正好赶上双十一有活动就果断下手了。沉浸感十足，20分钟就暴汗，带上就自动启动，速度很快。不像一些其他游戏设备，要玩的时候前期准备时间长。这个不玩摘下就完了，自动就代机了，很方便我。
2025年7月1日 · 天猫运动版,"最特色的功能相比之前的vr设备主要是空间视频照片的拍摄，给老人拍了一辈子的留念，相当于低配vision pro, 再有就是腿部追踪，在vrchat里面体验会比较好，玩音游就变成跳舞机了。其他游戏就是正常游玩。"
2023年10月12日 · 畅玩版8+128G,体验感很新鲜，我试了两款游戏和几个视频，视频就是看那种环球荧幕的感觉，重点是游戏的体验感真不错，我后来不知不觉就玩到很累。戴眼镜玩没什么特别影响，没有我想象的那么压鼻子，并且我的眼睛框很大，放进去都没问题。
2023年11月19日 · 8G+256G畅玩版,总体体验下来还是不错的，一开始是打算买回来玩串流的，但是体验一下3d视频后真的惊艳到我了，虽说没有达到影院的效果，但是也还可以接受。本来纠结买quest还是pico的，想了一下网络问题最终还是选了pico。
2023年10月20日 · 畅玩版8+128G,很新奇的体验 也比想象中更有视觉冲击 店铺购物体验很好 本年度最期待的快递啦 顺丰空运 中途不更新物流的时候还很捉急 最后也没有晚 还提示了尊贵客户优先派送 客服也很nice 主动帮顾客争取最大权益 爱了
2023年11月19日 · 8G+256G畅玩版,体验很差，pico4没活动不说，买之前的一些坑也不会和你说明白，真是伤了老用户的心了，客服也一副不解决你爱咋咋地的样子，反馈的问题不了了之。店大了欺客了是吧？想入手的真要看看我这条评论，想好了多查查再说！
2023年12月24日 · 8+128G畅玩版,体验感很新鲜，我试了两款游戏和几个视频，视频就是看那种环球荧幕的感觉，重点是游戏的体验感真不错，我后来不知不觉就玩到很累。戴眼镜玩没什么特别影响，没有我想象的那么压鼻子，并且我的眼睛框很大，放进去都没问题
2024年4月14日 · 8+256G畅玩版,刚开始买的时候我是有点担心我会晕的，但是上手以后发现完全不会，收到的时候包装的特别完整，里面的游戏真的非常适合减肥，室友说要被我种**(*σ´∀`)σ，手柄的电池很耐用，不过一体机会比较耗电，游戏体验很好
2024年5月30日 · 【性价比优选】8G+128G标准版,第一次买PICO 4 ，在佩戴舒适度、视听体验、交互感知能力、内容生态等方面听朋友介绍挺不错的，也是在朋友的极力推荐下买的这款VR。今天收到货，产品的做工十分精致，虽然还没有用，但我对它已充满期待和信心。
2025年6月7日 · 天猫运动版Plus  主机*1+腿部追踪器*1+腰部追踪器*1+爱奇艺会员+6应用,眼镜挺不错的，续航大概1小时40分钟左右，体感也挺好的，客服服务态度也很好。缺点：目前没发现什么特别好玩的游戏。没有充电头感觉不好，我家里的头都是超级快充，想找个45W以下的头还不太容易呢，只能重新买个。
2023年11月13日 · 8G+256G畅玩版,到手就买了实况钓鱼，身临其境的感觉。太美了。上头的时候差点再买一台和老公一人一台。想想理性消费。目前为止都很好，送的多合一运动里的拳击，心率飙升，确实可以减肥。如果过一段时间还没落灰的话，就会再买一台。
2023年11月4日 · 8G+256G畅玩版,亲戚推荐才入手的，上一次接触vr还是五六年前的htcvive ，这次到货试了才知道原来现在的一体机已经这么厉害了，pico又是国内龙头，确实没毛病，硬件扎实，软件齐全，线上功能也完备，一玩就停不下来了！
2023年11月5日 · 8G+256G畅玩版,想了很久才打算双十一入手，入手后真的很惊艳！佩戴舒适，画面清晰，游戏和观影让人身临其境，感觉性价比真的很高！而且客服态度很好，能耐心解答问题，回复及时，帮忙解决了新手不会用的问题，大家有需要的赶紧入手！
2024年6月13日 · 8G+128G畅玩版,到手了一个多星期玩到忘记评价了，画面显示效果不错，开着90帧几乎就不会出现头晕的现象，连我退休的老妈都能玩vr乒乓球玩一个多小时。无线串联pc效果也不错，开高清玩尘埃也感觉不到有延迟，沉浸感还是拉满了的
2023年11月10日 · 8G+256G畅玩版,头一次自己在家体验，感觉好神奇呀，自己可以画个区域范围，出这个区域就是真实世界，感觉超棒耶，戴上沉重量也还好，操作也很顺滑，就是刚玩，有点晕，但是是可以承受的范围，刚好老自己不要太沉迷游戏了，期待游戏
2024年2月5日 · 8+128G畅玩版,这个产品非常令我惊艳，第一次戴上picoVR眼镜的时候，让我感觉进入了另外一个世界。而且它的生态和游戏内容也非常丰富，可以体验到很多精彩的游戏。很赞！ 手腕加上负重然后打拳击游戏作为健身的方式很不错。
2024年7月6日 · 8G+128G畅玩版,第一次接触VR，沉浸体验非常不错，全家人都很喜欢，送的几个游戏也够玩一阵子了，用来一个人看电影特别香。不知道后续使用情况如何，目前看来美中不足的是太耗电，充满玩不了多久就没电了，而且商城里的游戏都好贵
2025年4月5日 · 天猫运动版Plus  主机*1+腿部追踪器*1+腰部追踪器*1+爱奇艺会员+6应用,PICO Mr 一体机天猫Plus运动版到手啦！和男朋友一起抢着玩，内容超震撼！360度全景让我亲临其境一般，体验感超好，运动版体感追踪器让我在家就可以做各种运动，感受虚拟现实的快乐，很赞，强烈推荐！
2025年5月18日 · 畅玩版,东西收到了，提升比pico4大的不是一点半点，对标的应该是quest3，两个我都体验了，就是受不了quest3的双眼重合率，4u这个就做的很好了，可惜就是取消了充电头和遮光鼻托，整体来说还是很不错的。
2023年11月25日 · 8G+256G畅玩版,拆开前就被包装惊艳到了，盒子很好看。 赠了一个替换面罩，刚开始还觉得没什么用，直到第一次用了之后出汗浸湿了面罩，才知道商家真的太体贴了。整体感觉特别爽，看风景清晰度足够。非常推荐爆裂球拍，yyds。
2024年1月6日 · 8+256G畅玩版,种草好久了终于到手了，初衷就为了被动运动，体验不错，动作太激烈有时会晕，还看个人吧，老公拳击打的很嗨，还有很多待解锁待体验的项目，目前 动感音律和打球就够我每天运动量了，客服不错，耐心细致有问必答。
2024年5月25日 · 【畅玩体验派】8G+256G畅玩版,第一次购买VR设备，总体感觉还是很不错的。VR电影效果真的不错，VR游戏的沉浸式体验也很好，缺点就是画面比较动漫和粗糙，跟电脑3A差距还很大。然后电量消耗挺快，好在充电速度也很快，总体来说值得购买。
2023年8月13日 · 畅玩版8+128G,老公一直想体验下家用vr机 最终选择了pico 印象中vr机器都很笨重 pico4头戴式没有很复杂 也不用连有线 可以带戴自己的眼镜 目前还在新手阶段 慢慢探索 然后物流超快 顺丰空运第二天就到了
2024年3月30日 · 8+128G主机,Pico家的一体机颜值高，佩戴舒适，购买之后自动送pico视频会员，里面有很多视频资源，看电影的沉浸感很强。很多游戏的画质很好，调高性能之后玩很久也不会晕。而且还有很多健身类游戏，足不出户看世界。
2023年11月12日 · 8G+256G畅玩版,第一次体验vr，还是很惊喜，游戏电影沉浸度都很高，pico的生态内容也挺丰富，可以看直播和3d风光，这次双11的活动也很给力。vr还是朝阳产业，希望算力清晰度能更上一层楼，游戏内容能越来越丰富。
2023年11月20日 · 8G+256G畅玩版,第一次玩VR一体机，界面的清晰程度跟戴的角度关系很大，还有就是瞳距的调节总感觉调得不够完美，送的几个游戏总体玩下来还是挺不错，联网的对战游戏个别存在网络延迟，总体来说还是很满意，值得购买！很好
2024年4月9日 · 8+128G主机,对比了很久选择了pico4，配上官方的磁吸镜片，真的太舒服太爽啦，现在每天用来看直播看剧，每天都是进电影院的感觉！一年前就想买，后悔买晚了！体验太棒啦，国产加油！谢谢安果果，安宝宝等的热心解答！
2024年6月10日 · 8G+256G畅玩版,从下单到收到三天时间，快递小哥送货上门，家里有点小不需要走太远的游戏玩着还行，孩子很喜欢，观看视频跟直播效果还得看片源，有些效果不错。建议游戏时间一小时以内，爱出汗的最好开空调玩。整体感觉不错！
2024年6月5日 · 8G+128G畅玩版,在上海海昌海洋公园里体验了一次PICO，爱不释手。初次入手VR眼镜体验感极棒��，给儿子的六一儿童节礼物。非常喜欢，在外面商场充值了很多次VR游戏，还不如买一台在家玩不用排队干净卫生。好评好评。
2023年10月2日 · 畅玩版8+256G,第一次见这么好玩的vr一体机，不管是画质或者使用体验都是前所未有的，包括送的那个四个游戏玩的也是很不错的非常好希望pico能做的越来越好，特别表扬这个安全范围板块防止玩家在游玩过程中造成伤害！
2023年10月7日 · 畅玩版8+256G,体验非常好 非常喜欢 里面有好多有趣的游戏和视频 用来运动也是非常好玩 能够坚持下去 现在每天都是要玩一玩vr 使用率还是挺高的 尤其是爱奇艺vr有一种在影院看电影的感觉 下次还会在买pico
2023年11月10日 · 8G+256G畅玩版,设备不是很重，可以戴着眼镜佩戴。很新奇的体验，效果超出我的预期，不管是看视频还是玩游戏都很不错。需要wifi6路由器才能比较流畅的使用steam无线串流。客服小姐姐也很好，有问必答，很有耐心。
2023年11月22日 · 8G+256G畅玩版,"设备不是很重，可以戴着眼镜佩戴。很新奇的体验,效果超出我的预期，不管是看视频还是玩游戏都很不错。需要wifi6路由器才能比较流畅的使用steam无线串流。客服小姐姐也很好，有问必答，很有耐心。"
2024年1月6日 · 8+128G畅玩版,买了这个产品之后，每天都在运动，而且瘦了10斤左右，每天晚上运动的时候感觉都是非常好玩的一个感觉在我玩的过程当中也是一个效果非常不错的体验，我个人觉得非常值得购买的一个很好的一个非常精美的产品
2024年9月20日 · 运动版,见到上新直接就入手了，佩戴体验很好没有其他设备头重前倾的感觉。手柄和手势控制切换丝滑，定位准确，不过手势控制还要进步空间。入手配送的体感和游戏也很不错，两个结合能很快上手，找到喜欢的游戏类型�
2024年4月10日 · 8+128G畅玩版,和朋友去vr馆玩了一次就爱上了vr，回来果断入手pico4  收到货就完了一个晚上 ，特别喜欢 ，看抖音直播也很声临其境，还可以看全世界的风景，玩恐怖游戏关灯，真的声临其境好几次吓得摘头盔。
2025年1月7日 · 标准版,没想到国产VR已经发展到这种地步了，戴上瞬间真的很震撼，国产不需要乱七八糟的操作串流也很方便。 半衰期，艾利克斯Steam买了好久了，终于可以准备通关了。 送的充电器和充气U型枕也非常有用。
2025年6月19日 · 天猫运动版Plus  主机*1+腿部追踪器*1+腰部追踪器*1+爱奇艺会员+6应用,商品收到了，试用了一天感觉非常好，顺丰物流很快，店家客服服务态度直接没得说，4U质量很好，感觉非常不错，比前两代好多了，可玩度非常高，刷视频打游戏都很不错。618优惠力度大，现在买刚刚合适。
2023年11月5日 · 8G+256G畅玩版,收到货了，物流很快，这是二次复购了，新科技的东西，可以彩透，而且体积也变小了，比较PICO3的话，又清晰一点了，支持更多游戏，手柄重了，到感觉手感更好了，加上新的震动，玩闪韵，体验更好了。
2023年8月12日 · 畅玩版8+128G,我老公是罕见的不玩游戏的男生，送给他这款VR眼镜的时候他一开始还没有当回事，后来喜欢的不得了，里面有很多运动类的大作，让他这个运动达人如获至宝，天天练得不亦乐乎，哈哈，考虑再卖一台，联机~
2024年2月4日 · 8+128G畅玩版,刚开机，pico舒适度还是要夸的，戴着也不会很重，买来看电影用的，没想到里面的游戏也很丰富，整个下午沉浸在虚拟世界里了，（btw里面有一个叫苍穹的宇宙黑洞电影很震撼，推荐！天文爱好者福音）
2024年2月5日 · 8+256G畅玩版,送给家人的礼物，收到很惊喜，包装完好精致，里面的视觉效果也很好，有休闲的客厅，还能看到太空的地球，游戏体验感也很好，能玩到出汗，一定要设置好安全区，清理好安全区域。还很贴心的赠了便携背包。
2024年4月19日 · 8+128G标准版,真的很不错，这是我买的第一款VR眼镜，觉得物超所值，里面的游戏和影视资源都非常棒，可以直接看3D电影。直播和视频资源都很丰富，大品牌就是信的过，喜欢喜欢。我同事配了近视镜片，正在发运途中。
2025年4月7日 · 天猫运动版Plus  主机*1+腿部追踪器*1+腰部追踪器*1+爱奇艺会员+6应用,目前用了几天。对视频效果满意。操作还算简单。已经跟电脑Steam游戏连一起了，还没试连手机。目前只有一个小遗憾：为啥我的盲盒女友有那么多剧，还细分到国别。我的盲盒男友只有一季，还老找不到？
2025年5月24日 · 天猫运动版,试玩了一个星期，第一次买vr一体机感觉对萌新挺友好，本意是边玩边运动，当时看了挺多vr机介绍，懒得用魔法玩游戏，而且相信国内的品牌，看着也是挺有保障的，反正我的要求不高，体验下来也很OK！
2025年7月2日 · 畅玩版,以前商场玩过VR，自己买设备这是第一次，确实如网上所说拿到手容易上手，有啥疑问联系客服很方便，体验感还不错，支持一下国货希望pico越做越好。Pico的售后服务这块也很好，有问必答有耐心。
2023年8月9日 · 畅玩版8+128G,顺丰物流速度很快，包装很好，上门配送。上手体验感还是很不错的。畅玩版有四款游戏，直播间下单还可以再送一款游戏，很划算。犹豫了很久还是下单了，整体预期还是不错的。没有失望，客服也很有耐心。
2024年6月14日 · 8G+128G标准版,太哇塞了，非常棒的玩具。朋友推荐给我的，主要是为了玩“致胜11分”，可是游戏一直处于下架更新状态，所以暂时没有入手。最近游戏重新上架，又赶上618大促，果断入手。配上乒乓手柄，体验更佳！
2024年6月25日 · 8G+128G畅玩版,从下单到快递到货速度可以，总体使用感受还行，就是画面清晰度感觉还可以做的更好，可以看3D电影，玩游戏，刷视频等，可玩性还是蛮大的，充一次电大概能玩3小时左右吧，还可以，可能pro更好点。
2024年3月8日 · 8+256G畅玩版,经过这一段时间的使用总体质量很好，内容丰富，收费合理，还有很多免费游戏，手里有几款vr都没pico4流畅度好。唯一不足之处就教育类游戏少，清晰度分辨率还有待提高，希望后期产品越来越好。
2025年2月10日 · 【赠贴脸泡棉】运动版,快递挺快，包装也很专业，结实。说说机器吧，之前用过vr产品，这个确实有质的提升，不管是体验还是内容的质量。佩戴方式也很舒服，不像以前的vr眼镜是用松紧带硬勒，这个松紧是齿轮调整。非常棒
2025年6月26日 · 天猫运动版Plus  主机*1+腿部追踪器*1+腰部追踪器*1+爱奇艺会员+6应用,已经使用了一周多，感觉用起来还是很丝滑的，清晰度肯定是达不到手机的那种分辨率，但使用起来感官还是很好的。玩了一直想玩的VRChat，装载了一体机版本，使用流畅，但是一些特效效果看不到。
2025年6月29日 · 畅玩版,可太棒了！玩了有一段时间了 总体体验很棒 显示很清楚 系统运行流畅 没有出现因为天气炎热而卡顿的现象 久带不累 里面的游戏应用很丰富 续航一个半小时左右 充电也快 贴上膜也是帅帅的！
2023年9月30日 · 8+128G,1.沉浸感强，仿佛置身异度空间。 2.使用便捷，易于设置。 3.游戏内容丰富，玩不释手。 4.手柄操控准确灵敏，舒适自然。 5.游戏过程中难免需要学习手柄操作，但时间适应后可缓解。
2024年1月25日 · 8+256G畅玩版,很喜欢，4代比3代轻便许多，操作手柄也顺手多了，游戏体验很好，屏幕显示清晰，玩的时候还不耽误现实中看手机信息，娱乐工作两不误。第一天收到货就操练上了，居然比健身效果还好，玩一身汗。
2024年3月20日 · 8+128G主机,我的个人实际体验就是，即便配戴了一个多小时的设备，也完全没有那种紧绷的感觉。然后在交互上做的也是很实用。比如我玩竞技游戏，振动反馈相当真实，上弹与卸载的手感真的好真实！大家快冲吧！
2023年11月19日 · 8G+256G畅玩版,抱着试试看的想法买了，带上后发现简直太棒啦，运动起来很舒服，看电影大片也很不错，非常非常喜欢，我直接吹爆，支持pico，希望以后越来越棒，开启另一个好玩的有趣世界体验，5星好评！
2023年12月16日 · 8G+256G畅玩版,你别说，你还真别说，真的有被爽到诶 原本是买来串流生化危机的，结果头显到了，鼠标被狗啃了，暂时玩不上，买了个光之乐团，仿的节奏光剑，但是也很爽啦，下了个B站躺床上看动漫，舒服了~
2023年8月13日 · 畅玩版8+256G,朋友推荐，尝试了一下电影和游戏，很震撼，不知道世界将来会怎样？客服服务不错，手柄链接不上，还帮忙教会了。游戏畅玩版，真不错，希望有更多免费的游戏。打算再入一款给姥爷！锻炼身体用！
2023年11月3日 · 8G+256G畅玩版,真的是太好玩了，给小朋友买来玩的，本来想着不合适还可以退，这退什么退啊，他不玩我玩���戴着一点都不会重，舒适度挺高，手柄操控也非常舒适，免费游戏挺多，可以玩个够了，满意���
2024年2月17日 · 8+128G畅玩版,用了一段时间了，感觉蛮好的。看3D电影和电影院的感觉差不太多，可以当做私人影院。游戏体验也不错，赠送的几个游戏都很好玩，除了拳击个人不太喜欢，闲暇久坐活动一下或者给孩子玩都蛮好
2024年3月13日 · 8+128G主机,体验感还是不错的，轻世界确实完全展现了vr的优点，是个很好的软件，清晰度如果能再精良一点就更好了，感觉更新以后会变得不清晰，很多小字会模糊，但是总体还是很值得滴，也给朋友种**
2023年11月22日 · 8G+256G畅玩版,整体来说够用，但是steam的一些软件比如open brush什么的打开会很卡，串流之后有发烫的情况。WIFI连接有时候会丢，投屏也不太稳定，建议有高需求的买pro版本好一些
2023年11月2日 · 8G+256G畅玩版,这是我入手的第一款vr，真的大大地超出了我的预期，也没有什么复杂的流程，真的非常适合新人入坑。pico4的生态环境比我想象的好很多，而且硬件配置真的很不错。客服的态度也很好。
2024年10月9日 · 运动版,机器已收到，与之前买的机器确实感觉更好一些，总体个人感觉还是满意的，软件上希望更近一步。售后问题反馈不错，会持续关注回购。（平台上以旧换新是扯淡的，不要相信，玩不起还要壮。）
2025年3月23日 · 天猫运动版,国补价格非常划算，系统听说过几天要更新，可以调游戏分辨率，双管齐下美滋滋，前面重量比上一代piconeo3减少33%长时间戴着也不压脸，非常舒服，期待下一代新品，出了必买☺️
2025年4月9日 · 天猫运动版Plus  主机*1+腿部追踪器*1+腰部追踪器*1+爱奇艺会员+6应用,已经有了一个neo3，平时多是在玩拼图巡游，这次趁着国补入手了4ultra，仅从一个游戏而言，提升就很大，更清晰，画面也不闪烁了，玩的时候还可以后台打开B站听视频，更沉浸了。
2025年5月25日 · 天猫运动版Plus  主机*1+腿部追踪器*1+腰部追踪器*1+爱奇艺会员+6应用,此设备给我一个崭新的世界，不会因自己的房子小放不了一个大屏，可以舒心看影视，开心地做运动。此设备戴在头上还是比较轻松的，不会影响做运动，有的运动怕撞到东西，可以打开透视功能。
2025年6月7日 · 畅玩版,很喜欢的vr眼镜，pico绝对是国内no.1，这次的ultra版本很不错，尤其是视频超分，直接把游戏拉高了一个级别。趁着这次618，把pico4更新成了pico4u，很不错。
2023年9月12日 · 畅玩版8+128G,玩了几天了，戴上去也没有头晕的感觉，当然，每次就只玩半小时左右就满身大汗，打折买的乒乓球游戏很推荐玩，手感真的比自带的vr多合一运动好很多。 光之乐团也很好玩，也是打折入手
2025年2月3日 · 标准版,包装很严密，送的过年赠品也实用，游戏体验很好。而且过年期间好几款游戏特价，很值得入手～～ 另外，感谢春节期间还在线忙碌的 安子月 提供的贴心服务，手动送花~(＾◇^)/ ✿
2024年3月17日 · 8+128G畅玩版,超乎想象的好��除了画质分辨率越来越高的今天让我觉得这机器得分辨率确实有些捉急之外都很不错 有点护目镜效应 瞳距调节还是要手动调节但这个价格还送这么多游戏 真的很不错��
2024年3月8日 · 8+128G主机,做工非常好，国内虚拟现实眼镜的天花板非常支持，适合我这种喜欢看视频玩一些轻松小游戏的女生 非常推荐购买售后客服也非常的专业，我提出的问题他们都能完美解决打算再给爸妈买一副
2024年5月24日 · 8+256G畅玩版,送给家人的生日礼物�收到很惊喜开心！ 场景*真，不仅可以身临其境游戏还能健身打卡，喜欢运动里的拳击�很解压很容易暴汗特别畅快。希望能每天坚持打卡20分钟，期待自己的改变。
2024年5月27日 · 【畅玩体验派】8G+256G畅玩版,买来送给男朋友的，男朋友很喜欢，设计的科技感很强，佩戴很舒适，高清的视觉体验，仿佛置身于虚拟世界之中，轻便的设计方便携带，随时随地畅享沉浸式娱乐体验。物超所值，强烈推荐！
2024年7月26日 · 8+256G畅玩版,暑假送给小朋友的礼物。包装很结实，但用顺丰陆运让人等的有点点着急。朋友推荐下买的，性价比高，清晰度还没尝试电影，但是初始画面感觉一般般吧，但2000多的价格还要啥自行车呢
2025年6月11日 · 天猫运动版,之前买过一个 PICO neo 3，今年趁618加国补再入手 PICO 4 ultra 。产品试用几天挺好的，这家店很不错，客服也都很好。价格也厚道，会推荐朋友来购买的。
2023年11月6日 · 8G+256G畅玩版,挺好的，家里ps4和Switch都吃灰了，但是VR游戏机用来锻炼更不容易吃灰，比起别的游戏机来说，pico4的软件最方便，能直接在手机上买游戏，还能看见使用时间，很方便
2023年9月2日 · 畅玩版8+256G,惊艳到我了真的，我个人就算去电影院看电影也是看3d的，风景族，这个vr满足了我的想象力，就像身在游戏里一样，玩过山车的时候差点倒地笑死我了。过年再买一个跟老公一起玩游戏
2024年3月22日 · 8+256G畅玩版,超乎想象的好 •除了画质分辨率越来越高的今天让我 觉得这机器得分辨率确实有些捉急之外都很不错 有点护目镜效应 瞳距调节还是要手动调节但这个价格还送这么多游戏 真的很不错
2024年5月23日 · 【畅玩性价比】8G+128G畅玩版,期待已久的pico终于到了，拿到手的包装就很精美，立马打开进行体验，有很多游玩应用，健身类的，电影视频类的，射击战斗类，休闲类，种类应有尽有，之后再继续探索好玩的游戏！
2025年5月20日 · 全能版  主机*1+腿部追踪器*1+4应用+便携包*1+PU泡棉*1,听朋友推荐的，购买了最贵的套餐，产品做工精细，科技感满满，试玩后真的惊艳到我了，不管是运动燃脂，还是沉浸游戏，都是目前国产MR 的标杆！期待新的高端产品和更好玩的应用！
2025年6月12日 · 天猫运动版,收到货了，确实打开了新世界的大门，虽然很多场景的像素点和纱窗感很重，但是看电视玩游戏还是够的，毕竟vr现在还是不可能达到肉眼可见的程度，不过总的来说618的性价比很高了
2023年11月5日 · 8G+256G畅玩版,终于终于收到了！期间遇到点小插曲也圆满解决～ 体验了一下，游戏运动量挺大的，解压且减肥。 过山车视觉感官带动全身很真实，多合一运动和动感音旅很好玩，其他的还在探索中�
2023年8月3日 · 8+256G,下单后，很快就收到了。迫不及待地看说明书、开机试用。画面太震撼了：身历其境。再连接电脑，把自己用无人机和全景相机拍摄的全景图和全景视频导入。哇，看到的视角效果太好了！
2024年4月23日 · 8+128G畅玩版,朋友介绍的说很好，然后赶快买回来了，昨天就装好了，简直是太好了，像身临其境。然后下载了几个，主要喜欢玩游戏跟打球，挺好挺好的，一玩就停不下来。推荐大家也去买，很好玩。
2024年6月9日 · 【畅玩性价比】8G+128G畅玩版,当天下单第二天就到了，包装很好，拿到手很有份量，但戴在头上却很轻巧，非常好的宅家运动单品哈哈，不用出门就可以锻炼了，送给对象的礼物他很喜欢，以后还可以再买一个联机玩～
2025年5月19日 · 天猫运动版Plus  主机*1+腿部追踪器*1+腰部追踪器*1+爱奇艺会员+6应用,PICO4ultra这个VR眼镜简直就是给了一个既虚幻又真实的世界，可以玩游戏可以看3D电影，视觉体验超级震撼，大屏幕远远超越我的投影机，感觉自己置身于电影院包场中�
2025年6月28日 · 天猫运动版,超级棒的vr眼镜，一直都非常喜欢，这次618趁着活动，入手后真的很超值，元宇宙世界的第一入口。 游戏生态也非常丰富，很适合大家去玩。还能无延迟无线串流，真的是棒棒哒。
2023年10月5日 · 畅玩版8+256G,气味非常严重，带上一会眼睛就感觉被熏还是积压地疼，玩了半个小时甲醛辣的嗓子疼，画质也没有想象中的好，看了下商店有欲望的游戏也就那两个，想买最好得配台电脑连steam
2023年11月11日 · 8G+256G畅玩版,沉浸感很强烈。但是戴眼镜的话有点压鼻梁。充电很快很快，是typeC的接口。体验下来是没有眩晕感的，非常非常喜欢。而且客服也特别友善，耐心地解决我这个小白的所有问题。
2023年11月24日 · 8G+256G畅玩版,送给家人的礼物，收到很惊喜。包装完好精致，里面的视觉效果也很好，有休闲的客厅，还能看到太空的地球。游戏体验感也很好，能玩到出汗。一定要设置好安全区，清理好安全区域。
2024年9月1日 · 8G+256G畅玩版,pico确实不错，健身这个打拳游戏，十分钟一身汗，很累。其他赠送的游戏也很不错。看视频啥的也不错。加上自己家里有nas看电影都很方便。还可以玩光剑。直接下载文件导入
2025年5月26日 · 畅玩版,收到宝贝离开研究开玩，太惊喜了，原来科技已经发展成这样了，体验了moss和拼图，看了电影，还把眼镜里的内容投屏到电视上看了。实在好玩，可以说是今年买得最值得的东西啦
2023年11月14日 · 8G+256G畅玩版,资源挺多的，看了疯狂动物城。开启沉浸式就和影院效果一样，躺下就看不到了，需要坐着或斜靠着。游戏：多合一运动是最爱，玩这玩意没一会，一个小时过去了，还自己拍到墙上。
2023年11月6日 · 8G+256G畅玩版,给儿子买的生日礼物，他非常喜欢，收到货体验了几天，感觉非常好。游戏很丰富，身临其境的感觉很棒，头戴着不重，手柄握着也很舒适，运动游戏让他大汗淋漓，比玩手机强多了！
2024年6月15日 · 8G+256G畅玩版,非常新奇的体验，一个平板的价格，买到的是另一种娱乐方式，只是看电影和视频也很划得来，玩游戏的体验感也很不错，希望后续应用生态能够多做一些适配，出一些更好玩的游戏！
2024年11月20日 · 【赠体感追踪器】标准版,手柄握感不错，取消了环有利有弊，流畅性还不错，新一代芯片对画质有较高提升，缺点是不能设置屏幕常亮，三千多的机器还不给配充电器，头戴一如既往的勒头，总体还算满意。
2024年6月14日 · 8G+256G畅玩版,"第一次入坑VR，以前都是用电脑玩VRchart, 看网上推荐买的这款一体机，也是看了很久，初体验很棒，客服服务态度也很好，这手柄摸在手上也很有分量，反正就是很值"
2023年11月14日 · 8G+256G畅玩版,一直都在关注pico，pico3的时候就想买，刚好今年出了pico4，双十一又做活动，福利满满，该送来一个脸泡棉，初次体验非常好，画面清晰，身临其境，值得购买
2023年11月17日 · 8G+256G畅玩版,买给孩子的，初次使用很震撼的，东西不错，唯独一点，就是新机器上面贴的防护胶布，能不能换成质量好一点的，往下一撕机器上全是胶，严重影响开箱体验，都想给你们差评了
2023年12月15日 · 8G+256G畅玩版,送给老公的圣诞礼物，特别喜欢，pico可以说是国产目前最好的VR眼镜了，老公说体验感满分，超级开心，客服也很有耐心，回复问题很快，很不错的一次购物体验！点赞！
2024年7月6日 · 8G+128G标准版,解锁了新世界的大门，小白第一次接触vr实在太震撼，清晰度也是够用的，只是要慢慢适应，不然会晕3D，本以为戴眼镜会不舒服，没想到一点不影响，感叹一下科技的力量。
2024年3月29日 · 8+128G主机,之前玩了朋友买的这款vr，感觉超级神奇，并且里面的游戏也很丰富，特别是可以用来锻炼身体.试玩了几次后果断的买了下来，收到vr之后期待能发觉更多的好玩的游戏吧
2024年8月8日 · 8G+128G畅玩版,解锁了新世界的大门，小白第一次接触vr实在太震撼，清晰度也是够用的，只是要慢慢适应，不然会晕3D，本以为戴眼镜会不舒服，没想到一点不影，感叹一下科技的力量。
2023年11月19日 · 8G+256G畅玩版,还不错，玩了几天，买了两个。双人可以玩的游戏不太多，戴久了我会有点晕，女生用比较沉。用这个看电影还是费眼睛，健身可以，游戏再多点有趣的更好。。不然容易闲置
2023年11月4日 · 8G+256G畅玩版,非常好，国内玩方便，比较省心，拿来减肥用，有些游戏确实挺贵，玩的买几个就行，总体非常不错，vr对比的话算是性价比很好的产品，没有软件的特殊需求pico够用
2023年11月9日 · 8G+256G畅玩版,没有学习成本，开机就能玩，体验了拳击和音游还有射击游戏，畅玩版赠送的6个游戏不太行，还是自己付费买的三个游戏比较好玩，光之乐团、悦然、爱丽丝前传比较推荐。
2024年8月2日 · 8+128G畅玩版,挑了很久，孩子特别喜欢，爱不释手。视觉效果一级棒，可以用来打游戏，运动，个人觉得身临其境的感受，就是玩起来容易忘了时间，为了保护视力，可以定时让眼睛休息。
2023年11月9日 · 8G+256G畅玩版,好久之前就想买了，一直没有下手，这次看到优惠果断就出手了，第一次用还是蛮震撼的，就是用久了会头晕，慢慢适应应该会好点吧，客服也是有问必答，满意的一次购物
2023年12月28日 · 8G+256G畅玩版,本来只是买来尝试一下，结果还是决定留下，效果非常棒，小孩子都抢着玩。看电影就像在电影一样，玩游戏也非常的真实，每天都会玩一段时间，期待更多游戏应用加入！
2023年9月12日 · 畅玩版8+128G,非常棒！包装非常精美！到手以后每天都玩，爱不释手。尤其是这个边听音乐边砍砖块的游戏真的非常真实。因为是第一次砍东西，手还有点抖。不过不影响我的出剑速度！
2023年9月23日 · 畅玩版8+256G,效果真的很棒，最喜欢玩节奏，音乐类的，玩了几首歌，就很累，哈哈哈哈果然消耗卡路里。 喜欢密室游戏的千万不能错过，真的是体验了声临其境啊啊啊，太绝了真的。
2023年9月6日 · 畅玩版8+256G,这是第二次购买，送朋友的。朋友非常喜欢，玩得也很开心。我们已经开始联机玩游戏了，好几个非常不错的动作射击类游戏，可以多人一起玩。希望好玩的游戏越来越多。
2024年12月20日 · 【加赠贴脸泡棉】运动版,游戏挺多的，很容易上手，清晰度很高，完全没有晕3D，手柄没有前几代的那个环拿起来也感觉更舒服，以前看主播玩的有意思的东西终于可以自己玩了，自由度真的很高
2024年3月15日 · 8+256G畅玩版,我买给女儿的生日礼物，买回来很喜欢，很轻巧，我试了哈，很高科技的赶脚，画面清晰，还送了好多游戏，孩子好喜欢，平时不爱运动的孩子还可以边玩边运动，超级不错
2024年6月18日 · 8G+128G标准版,Pico的出品一如即往的的惊艳，整个包装非常精致。而且对于使用过的人来说，上手很简单……但是对于新手来说可能还需要学习。整体续航时间也比较长，充电也快～
2025年1月14日 · 运动版,游戏挺多的，很容易上手，清晰度很高，完全没有晕3D，手柄没有前几代的那个环拿起来也感觉更舒服，以前看主播玩的有意思的东西终于可以自己玩了，自由度真的很高
2025年1月7日 · 畅玩版,收到后，我老公迫不及待的就开始体验了，很喜欢！总体来说，确实很不错，客服的服务态度也很棒，客服小姐姐回消息很及时，答疑解惑很有耐心。物超所值，真心推荐！
2025年4月19日 · 畅玩版,Pico4Ultra体验超棒！4K超清屏沉浸感满分，人体工学设计佩戴舒适，强悍性能畅玩VR大作，丰富内容生态+90Hz高刷，智能交互让虚拟现实无缝衔接！
2024年1月19日 · 8+256G畅玩版,到了马上玩了打羽毛球，乒乓球�️拳击�等，超级真实！vr游戏�买值喽！ 平时买的游戏机超容易闲置，PICO4不会！游戏超多超好玩！推荐购买，早买早享受
2024年5月24日 · 【畅玩性价比】8G+128G畅玩版,抱着试一试的态度入手了这款VR，真的有身临其境的感觉，尤其是玩儿过山车，都有失重感。孩子也非常喜欢，在学校就把作业完成，想回家玩儿，但是得控制好时间。
2024年5月25日 · 【性价比优选】8G+128G标准版,拿到手就感觉质感很好，头显一点都不重没有压力。试了一下看电影和玩游戏，无论是精准度还是画面清晰度都很棒，心心念念的，终于体验到了。期待多出一些好游戏。
2025年1月7日 · 畅玩版,之前买的Pick g2，当时候就觉得挺好的。没想到pico4升级了这么多，确实越来越好用了。游戏丰富了，视频质量也很高，又有AR的功能。期待下一代产品
2025年6月22日 · 天猫运动版Plus  主机*1+腿部追踪器*1+腰部追踪器*1+爱奇艺会员+6应用,除了在体验店体验全职vr外，这是自己接触的第一款vr眼镜。拼图巡游体验非常棒！很有沉浸感！音游也非常有意思！什么时候全职vr游戏上线pico商店呢……
2023年11月15日 · 8G+256G畅玩版,外观小巧高端，戴眼镜使用完全没有不舒适 感，用来一边玩游戏还可以一边运动体验太 好了 ，第一次购买很多不懂得讲解的很耐心 周到。 我将已高达形态出击
2023年8月24日 · 畅玩版8+256G,机器表面手感很细腻，看得出来做工很用心。 开机自带的vr系统很流畅，游戏种类很多，免费的项目也能体验很好的vr效果。 串流效果国内其他品牌要好很多。
2024年12月28日 · 运动版,之前是pico3的老玩家，复购了ultra，本来就很惊艳，现在体验好了更多了，MR的世界真的很不错，本来不爱运动，现在每天都得动个一个小时，强烈推荐
2024年3月6日 · 8+256G畅玩版,给男朋友买的生日礼物，之前本打算买ps5给他，但他有一台ps4，索性我就换个类目让他感觉惊喜，该说不说他蛮喜欢的。 app上面的游戏也够他新鲜一阵了
2024年6月3日 · 8G+128G畅玩版,朋友推荐的，试玩儿后感觉非常好。正好赶上618大促，买了畅玩版，下单后第二天就收到了，特别赞。 客服服务态度很好 积极帮忙解决问题，推荐给朋友们��
2024年9月10日 · 运动版,Vision pro平替，可以看空间视频，能看到周围环境，可以戴着发短信，虽然不够清晰，但勉强够用，总体体验还是不错。戴久了还是会累，脸上也会有压痕
2025年4月24日 · 天猫运动版Plus  主机*1+腿部追踪器*1+腰部追踪器*1+爱奇艺会员+6应用,pico4 ultra真的非常适合作为入手的第一台vr设备！ 画面清晰，功能应有尽有，游戏种类繁多，非常喜 欢！下次出新款也必须优先考虑！值得推荐！
2025年5月23日 · 天猫运动版,试用了两个晚上，体验非常棒。不仅是我，爸妈也很喜欢。如果以后清晰度和续航能进一步提升，一定会继续购买新款。另，如果家里空间施展不开，不建议购买脚环。
2023年11月24日 · 8G+256G畅玩版,看网上评价不错就购买了，给女朋友生日礼物，里面的游戏挺不错的，还能边玩游戏边减肥，看3d视频效果也不错，正好双十一做活动送了几个游戏，非常nice
2023年11月2日 · 8G+256G畅玩版,去年买了一部玩了一整年，平时玩游戏站着玩，玩的时候还能动起来，比以前坐着低头刷手机强多了！今年又买了一部新的！旧的淘汰给老妈玩了！非常棒值得入手！
2023年12月26日 · 8+256G畅玩版,送给女儿的生日礼物，她看见同学有也想买一台，生日必须安排到位，收到货包装非常高级，迫不及待打开玩，现在还不是很熟练各种自己揣摩，希望能够快快上手。
2024年11月13日 · 运动版,挺不错的，视觉效果挺好，果然还是应该买运动款，打游戏什么的更方便，视频互联什么的也挺好的，如果手机上的APP也都能直接下载的话，感觉操作会更方便点
2024年3月16日 · 8+128G畅玩版,Pico老用户了，买过pico neo3，这次又买了4。4各方面都有升级，手柄的形状也调整了，玩起来不像neo3一样容易磕碰。客服态度很好，推荐～
2024年4月2日 · 8+128G畅玩版,送给老公的生日礼物  他很喜欢  这款商品的设计独特、使用体验出乎预料的完美。它无论是整体构造、还是性能上都没什么可以挑剔。我给这款商品五星好评！
2024年6月18日 · 8G+128G标准版,从未有过的感觉，特别好，买了一个，全家都享受到了快乐，简直是太值得了，画面清晰，感觉身临其境！绝绝绝！已经向朋友推荐了 朋友说也要买一个送给男朋友
2024年8月1日 · 8+128G畅玩版,买了几个游戏 挺好玩 就是我玩时间长我有点晕3D 奉劝买游戏的别买恐怖游戏 我昨天打丧尸 发现挨打了 一转头 一个丧尸直接贴脸了 吓的我都跳起来了
2023年11月11日 · 8G+256G畅玩版,作为VR小白，听网上的介绍**入的pico4，试用了一周，效果确实不错，看电影玩游戏都很沉浸，还有很多操作不太熟练要慢慢学，总体比较满意，好评。
2023年11月26日 · 8G+128G畅玩版,像素一般，要用5G网络才可以用，4G连接不上，整体来看还行，只是眼睛戴上会痛，看动物的不太清晰，像宇宙这块也是不太清晰，客服的态度不错，很有效率
2023年11月5日 · 8G+256G畅玩版,很新奇的体验，里面有很多免费的资源，而且送的几款游戏也非常好玩。看视频选360度全景和普通电影真的差别很大。另外过山车视频很晕，不怕的可以尝试下
2023年8月1日 · 畅玩版8+256G,收到货后试了一下，很不错，质量很好，值得拥有！五星好评！包装很完美，颜值很高，感觉物超所值！客服也非常耐心细致，发货快物流给力，以后还会再来☺️
2024年1月18日 · 8+256G畅玩版,一直想买一个vr自己玩、和给自己的宝贝玩、今天总算拿到手了、网上看来看去还是决定选择这个品牌，性价比很高…………希望一直开心幸福快乐下去哈哈哈哈
2024年1月6日 · 8+256G畅玩版,一收到货就已经玩上了，设置和操作都很简单，投屏到手机就可以跟家人分享，特别是运动游戏很经玩，模拟程度真实，玩一下就 出汗了，以后在家就可以运动了
2024年5月28日 · 【畅玩体验派】8G+256G畅玩版,PICOVR体验非常棒！画面清晰，声音*真，佩戴舒适，长时间使用也不会感到不适。游戏和应用选择丰富，可以满足不同玩家的需求。总体来说，非常推荐！
2024年6月20日 · 8G+256G畅玩版,佩戴舒适而且很轻，手柄使用起来也非常符合人体工程学，对于我这个快50岁的中年人来说，没事锻炼一下身体，看看视频，玩玩游戏，也是非常不错的选择呀！
2025年2月19日 · 【赠贴脸泡棉】运动版,非常好玩，效果特别好，身临其境，看极光简直了！还可以和手机链接，别人可以看到你正在玩的界面。好多功能和游戏还待继续探索～总之很喜欢，全家都能玩～
2025年3月31日 · 天猫运动版,非常好玩，但感觉性能和体验有待提升，物流快递送货及时，商家服务特别周到，耐心解答完善，操作流畅，内容丰富，舒适度可以，长时间佩戴也不会有不适感。
2025年7月6日 · 畅玩版,之前玩过pico4，觉得挺好的，后面出来这个新款，马上拿下，戴起来很舒服体验挺好的，之前用过q3，女朋友老说戴着额头痛，果断拿下这一个，好评好评
2023年11月14日 · 8G+256G畅玩版,上手就打开玩了。马上下载。很好玩。。。血。。。。。。。。。。很棒。。客服也很好。细心。耐心。。。。。。。。，✌(̿▀̿ ̿Ĺ̯̿̿▀̿ ̿)✌
2023年11月14日 · 8G+256G畅玩版,真的惊艳到我了，刚打开那一分钟真的感觉进到了一个全新的世界，自己仿佛就置身于全新的世界当中，真的太真实了，感觉自己用手就能摸到一样，太震撼了！
2023年11月17日 · 8G+256G畅玩版,设备颜值爆表 带的时间长了也没有不适感 清晰度特别高 满足了对 vr 的一切幻想 小孩和家人都特别喜欢 客服回复特别及时赠送的游戏也都特别好玩
2023年11月25日 · 8G+256G畅玩版,给孩子买的，非常喜欢，每天晚上洗完作业能抽空体验一下vr世界，也是不错的放松方式，大人自己也可以看个巨幕电影，特别是pico视频，真实感很好。
2024年11月5日 · 【赠体感追踪器】标准版,物流非常快！！！ 体验很好，真的就是六自由度的虚拟世界，可以自由的开发，最重要的是基本可以使用手机上的任何应用，并可以下载。 客服服务也很好！
2024年8月9日 · 8G+128G畅玩版,视觉比neo3更清晰，头戴更轻，手柄变重，总体来说大差不差，体验感还是有所提升的，有pico3就不建议换pico4，没有可以直接入手pico4
2025年5月23日 · 畅玩版,佩戴足够舒适可以戴1-2小时也不晕，送的游戏里面最喜欢拼图。正常手机游戏玩起来大屏还挺爽的，就是很多非原身游戏不支持手柄按键适配操作有点反人类
2023年11月3日 · 8G+256G畅玩版,东西收到了，只是还没来得及玩，打开看了一眼！快递发的是子母件有一个赠品贴脸泡棉，快递员以为只是那个泡棉，差点就签收了！个人建议尽量装一起吧！
2023年11月5日 · 8G+256G畅玩版,第一次使用VR产品，果然没让我失望，看电影，比在电影院看还有感觉，就是第一次使用的不太习惯，看过山车的时候，真的有种失重感，总而言之，挺好的
2023年12月16日 · 8G+256G畅玩版,物流很快，发的顺丰，第二天就到了。包装很不错，两层包装，商品保护的很好！抱着试试的态度买的，开箱后颜值不错，简单体验了一下，感觉很值。好评！
2024年1月3日 · 8+256G畅玩版,先是在朋友家试玩了两次，然后就种**，**下单了一个给自己作为2024年的新年礼物，到手非常激动，看视频玩游戏体验感都非常棒，推荐大家购买！
2024年3月3日 · 8+256G畅玩版,这款pico4，无论从舒适度，还是丰富度上都是非常强的，带上它沉浸在自己的世界里，非常有意思，能下载的程序很多，可以玩游戏可以锻炼，非常不错
2024年4月16日 · 8+128G畅玩版,在抖音集团团建的时候试用被种草，下单后果然不负所望，被老公抢去玩了一整晚。只能说除了电量无法匹配我们旺盛的精力，其他真的没话说，性价比超高！
2024年5月9日 · 8+128G畅玩版,刚买回来的VR眼镜.用了几天从包装和各方面感觉都不错。眼镜里的游戏和VR视频用来运动体验都非常好.而且图像清晰，有身临其境的感觉，物有所值。
2024年7月1日 · 8G+128G畅玩版,设备收到了，画质非常清晰，沉浸感强，既可以享受大屏体验，也能在游戏中锻炼身体，而且社区环境好，里面的老玩家很照顾新玩家，非常棒的一次购物体验
2025年1月8日 · 运动版,用来串流Steam游戏很不错，但是应用商店的送的游戏还要卷加1分钱兑换，从折扣卷页面点进应用购买下单后才发现没有自动用折扣卷和支付明细提示。
2025年2月17日 · 标准版,好评！发货速度很快，包装的也很仔细，客服回消息也快，态度也好。最关键的是商品质量很好，100%正品，经得起查验，是一个不错的商家，值得购买！
2025年3月27日 · 天猫运动版,头显较轻体验感好，游戏界面非常清晰但MR周边显示环境显示一般。电量可用2小时左右，送的游戏还是比较有意思的，尤其是和运动脚环搭配体验感满满。
2023年11月6日 · 8G+256G畅玩版,哈哈，太好玩了，大朋友小朋友大小朋友都很喜欢。科技感十足，游戏画面细腻生动。而且可以看爱奇艺、抖音、PICO视频，像在电影院一样。厉害了。
2024年12月15日 · 运动版,今天到手，捣鼓了一天基本弄明白了。非常流畅非常好玩，我个人觉得没什么缺点了。整个过程一直都是客服帮助我，很耐心很专业，很感动� 非常感谢！
2024年1月24日 · 8+256G畅玩版,PICO4承担了观影和娱乐的主力，头带设计合理，戴上还蛮舒服的，不觉得很重。显示已经比之前几代的VR有了大幅进步，价格适中，整体性价比较高
2024年7月31日 · 8G+256G畅玩版,外观设计简洁大气，重量和厚度的减少使得佩戴体验更加轻盈舒适，PICOVR眼镜提供了一个全新的、令人兴奋的虚拟体验，买的两个都很好，好评好评
2025年2月14日 · 【赠贴脸泡棉】运动版,这款VR眼镜画质非常清晰，操作也很简单，戴上之后感觉身临其境，玩游戏的体验超级棒！卖家服务态度也很好，发货速度也很快，非常满意的一次购物！
2025年6月4日 · 畅玩版,开心的购物体验，机器颜值不错，客服也特别有耐心，有不懂的立马会回复，解决问题的速度快。第一次体验VR设备，观影效果不错，还在慢慢研究研究…
2023年10月8日 · 畅玩版8+256G,给男朋友买了pick 他很喜欢，收到后就迫不及待玩起来了，我也尝试了里面的健身vr，很有趣，可以帮助督促我锻炼，期待接下来多尝试些游戏。
2023年11月3日 · 8G+256G畅玩版,刚拿到手，还是挺惊喜的，进去有新手指导，界面操作也很简单，瞳距调节能明显看到两眼视野在移动，感觉清晰度变化不明显，一只都挺清晰的。非常好
2023年11月7日 · 8G+256G畅玩版,收货后上手体验，看视频做运动玩游戏，瞳距可调节。在虚拟的世界里感觉真好，没想到VR做得这么真实。有事咨询客服，客服也是很细心耐心的解答。
2023年12月4日 · 8G+256G畅玩版,VR性价比挺高的，就是游戏比较贵，也有联机模式。上手比较容易，说明书也写的很清楚。送的这个游戏还行，但我玩的比较菜，整体来说还是很满意的
2024年1月22日 · 8+256G畅玩版,外包装看着非常的高大上，送给未来老公的新婚礼物，他非常喜欢，里面所显示的内容也非常的清晰，等不到结婚再送了，先过把瘾来，强烈推荐大家入手
2024年5月21日 · 8+128G标准版,买了这设备有点段时间了，年龄大了好多功能要慢慢研究，选了一些视频和游戏体验，不过也真是好玩，特别是打拳击的，玩一会浑身是汗，就当锻炼了。
2024年7月24日 · 8G+128G畅玩版,收到产品了，测试了两天需要一些时间去适应一下眼镜和调试一下手柄的灵明度，基本上符合产品的描述，用起来体验感很不错，客服的服务也很好，��
2024年8月4日 · 8+256G畅玩版,送朋友的PICO4pro，朋友非常喜欢，尤其里面的《实况钓鱼》游戏。身临其境，主打休闲聊天。里面的pico视频软件，更多了解外面的世界。
2025年4月12日 · 天猫运动版Plus  主机*1+腿部追踪器*1+腰部追踪器*1+爱奇艺会员+6应用,第一次玩vr设备，新手小白就选择了pico，一拿到手就非常方便连上网开始玩了，体验感非常非常非常好，客服也非常贴心，有问必答，下次还买�
2023年11月20日 · 8G+256G畅玩版,非常满意，以前买过这品牌VR，质量很好，这次买的画质，功能都提升了好多，佩戴舒服，趁着双十一搞活动购买的，优惠好多呢，店家服务态度很好
2023年11月6日 · 8G+256G畅玩版,以前用过psvr一代，对比之下pico4画质好太多了，4k屏足够清晰，串流steamVR效果也不错，最大的优点是完全无线实在太方便了！
2024年3月17日 · 8+128G畅玩版,迫不及待的入手啦，手柄握感舒适，戴着也不是很重，已经迫不及待的进入VR世界了� 客服态度超好～解决问题也超快，推荐推荐(*≧∪≦)��
2024年4月15日 · 8+128G标准版,沉浸感还是很强的，人果然还是视觉动物，在游戏就跟梦里一样可以飞起来有那种失重感。交互性也不错，响应速度很快。不过还是有通病戴久了会累。
2024年4月2日 · 8+128G畅玩版,买来送朋友的生日礼物，朋友超级喜欢，反馈画质比较清晰，体验感也不错！适合平时不爱运动的小宅们，游戏种类还蛮多，如果耗电量再小点就好了！
2025年2月9日 · 【赠贴脸泡棉】畅玩版,如果你的裸眼视力正常，**冲。看美女VR直播，玩VR游戏都很不错，如果有近视最好配眼镜镜片，如果像我一样有散光就慎重考虑，体验很不好。
2025年5月5日 · 畅玩版,Vr眼镜特别好，戴着特别轻，孩子非常喜欢，沉浸感十足科技小白也可以操作，画面清晰度特别高，打游戏特别流畅一点不卡顿，晚上解锁看电影效果
2023年11月3日 · 8G+256G畅玩版,种草已久，趁着双十一活动直接拔草。给孩子玩的多一些，实验了多合一运动，非常好玩！观看视频也不错，身临其境的体验，一个人包场的电影院。
2023年8月17日 · 畅玩版8+256G,太棒啦！ 效果特别好，没想到现在vr做的这么真实。 里面配的几个游戏，也特别好。boxing拳击课让人感觉特别好，比外面教练还专业！
2024年3月12日 · 8+128G主机,收到货后试了一下，很不错，质量很好，值得拥有！五星好评！商品质量不错，细节、品质、做工都非常好，发货贼快，快递也给力，棒棒哒~���
2024年4月18日 · 8+256G畅玩版,客服非常给力，对于问题的解答也非常详尽，物流超级快，昨天下午买的，今天上午就到了，很开心，开包体验也非常好，超满意。pico！启动！
2024年6月7日 · 【畅玩性价比】8G+128G畅玩版,买给小朋友玩的，很棒的是系统里有青少年模式，然后游戏还不错。就算买的畅玩版，可能有些还是不太适合小朋友玩。总体很满意，期待新品发布！
2024年8月11日 · 8G+256G畅玩版,"收到产品了，测试了一会需要一些时间去适应一下眼镜和调试一下手柄的灵明度，基本上符合产品的描述，用起来体验感很不错，客服的服务也很好,"
2025年4月1日 · 天猫运动版Plus  主机*1+腿部追踪器*1+腰部追踪器*1+爱奇艺会员+6应用,设备舒适度很不错，手柄也非常轻巧好用，按键清 晰明了。体验下来非常不错，操作也相当适合第 次上手vr的朋友，并且赶上了国补太划算了。
2025年6月3日 · 天猫运动版,送给老公的礼物，试用了一段时间，体验感非常好，画质细腻，佩戴舒适，手柄追踪精准，女生可以用来健身，孩子也有不一样的体会，全家都可以用
2025年7月3日 · 畅玩版,给朋友买了一个，朋友收到后很开心，以后可以一起投屏看个电影电视剧什么的，这个版本最让我满意的地方就是手柄的优化了，简洁方便了非常多。
2023年11月2日 · 8G+256G畅玩版,1天多就收到啦！！！！之前玩过朋友的pico4，真的很棒，体验感很好，所以趁着双十一买了pico4，优惠了好多，送了好多游戏！！！
2023年11月3日 · 8G+256G畅玩版,关注这款产品很久了，之前已在实体店体验过。终于等到这次双11活动，优惠力度很大，还送了好多游戏。儿子很喜欢，交互性很好，画质清晰。
2023年12月19日 · 8G+256G畅玩版,太好玩了，乒乓球跟真的打似的，各种转球都能发，手柄非常灵敏，保龄球也很爽，光运动就玩了好几天停不下来，完全可以替代健身，有意思多了
2023年8月3日 · 畅玩版8+128G,一收到货，闺女就抢着带上了，直呼好神奇，等我带上一试沉侵其中后，确实感觉到了一个不一样的世界，确实牛，如果待机时间再长点就更完美了
2024年11月28日 · 运动版,pico老用户了，从三就入手了，也有OQ，还是很支持国产的，这次4U总体不错，支持一下pico团队，希望能不断研发更好的设备和游戏
2024年12月1日 · 运动版,vr收到后马上试玩了几天，总体感觉非常棒，手柄和运动追踪器反应很灵敏！游戏很丰富，视频资源也不少！！建议添加更多的3D视频资源！！
2024年1月27日 · 8+256G畅玩版,孩子一直想买一款VR，之前在外面玩过一次一直念念不忘，终于给她安排上了，画面很清晰，体验感很不错，里面有一些游戏是免费的，值得购买
2024年1月31日 · 8+256G畅玩版,"发货快，到达也快；客服很有耐心，机器非常不错，里边的运动很真实，可以在家锻炼下身体了；画面清晰度不错，第一次接触vr,以后在追评了"
2025年6月21日 · 天猫运动版Plus  主机*1+腿部追踪器*1+腰部追踪器*1+爱奇艺会员+6应用,这个游戏机很不错，盒子很好看，清晰度很高，还送了四个游戏，客服态度也不错的，沟通比较愉快，有问题都可以找。赠品也比较多，推荐购买。
2023年11月5日 · 8G+256G畅玩版,一个大跨步踏入元宇宙世界，拿到手玩了两天根本停不下来，360度环绕效果十分震撼；双十一活动力度超级感人，还送了好几款游戏，冲阿！
2023年11月5日 · 8G+256G畅玩版,想买vr眼镜很久啦，各种对比之下选了这个畅玩版，手感很不错，脑袋比较大也不卡哈哈哈，双十一买还送了好几款游戏，可以好好玩一下了。
2023年11月7日 · 8G+256G畅玩版,买来明明是我想拿来运动减肥的，结果收到货2天，都是这个拳击小子拿去玩了，今天晚上我一定要霸占它！想买更多游戏来玩了哈哈哈哈哈哈哈
2023年12月1日 · 8+256G畅玩版,刚刚收到货，迫不及待的体验了，效果很好，360度影视效果，戴上眼镜玩也很好，不会不舒服，目前体验很好，再试试游戏效果如何哈哈哈哈
2024年10月26日 · 运动版,第一次买，第一次使用，还算可以，客服态度不错。用来减肥运动挺不错的，VRchat开始是奔着这个目的入手的，希望减肥有不错的效果！
2024年1月25日 · 8+256G畅玩版,货品收到了发货快，包装精美且有塑封装，商品孩子试了非常喜欢和想象中的一样。店家还赠送了几款游戏，客服态度非常好反应迅速有问必答
2024年2月20日 · 8+256G畅玩版,收到这一刻，就感觉太惊艳了，外观优美，立马上手试了试，操作很简单，画面不卡顿，可以看视频，玩游戏，客服的服务态度也非常好，很棒。
2024年2月27日 · 8+256G畅玩版,收到后玩了几天，体验感真的十分的不错！用起来很便利，充电也很方便，重量比较轻，戴久了也不会太累，大人小孩都可以轻松驾驭，很喜欢！
2024年6月1日 · 8G+128G标准版,今天到货后迫不及待玩了一把，很不错哦，里面很清晰，有几年没玩vr，上次还是微软mr时代，现在已经这么高性价比就能玩上，还可以无线
2024年6月23日 · 8G+128G标准版,全新正品，刚回来就迫不及待的打开体验了一一下，感觉很真实。有许多问题不会问客服，客服态度很好也很耐心的给解答，618入手真没毛病
2024年7月20日 · 8G+256G畅玩版,拿到先设置了背景就觉得好惊艳，身临其境，那个零岛特别的疗愈解压。一开始玩游戏我还不适应，孩子上手特别快。两个孩子联机玩，很开心。
2024年7月6日 · 8G+128G畅玩版,给儿子买的，提前在网上看了很多评测，最终选择了这一款。买回来后儿子说特别满意，佩戴很舒适，前后轻重平衡。视觉效果也很好，很清晰。
2025年6月25日 · 畅玩版,期待了好久 买来就迫不及待地打开戴上了 画质很好 很身临其境 身边朋友试了之后也都被安利到了 国产的价格也划算 期待后续更多产品
2023年10月5日 · 畅玩版8+256G,第一次购买，体验挺好的，女朋友从此爱上了运动，游戏玩的开心也锻炼了身体，好好好。就是复购活动能不能人性化一点，规则不要这么死板
2024年1月1日 · 8+256G畅玩版,第一次体验VR，很多东西还没搞懂，有被震撼到，这个玩游戏看电视完全是另一种体验了，第一次体验还不错噢，一名玩家给自己的新年礼物
2024年2月23日 · 8+256G畅玩版,不错，体验感很好，送的游戏也挺好玩的。清晰度高非常赞，带上去就像进入另外一个世界一样，身在其中！都舍不得拿下来，3d效果十足。
2024年2月3日 · 8+128G畅玩版,刚收到该没经过我的验收，就被俩娃自己摸索着开始玩了，电视和平板游戏马上失去了市场。超级满意的体验，希望里面的游戏和项目越来越对
2024年3月16日 · 8+256G畅玩版,到货就迫不及待打开了，果真没有让我失望，质量特别好，颜值也相当高，玩儿了一会拳击那个游戏，沉浸感很强，感觉多玩儿几次，能减肥啊
2024年6月15日 · 【性价比优选】8G+128G标准版,外观精致，手柄握持感非常棒，失手绳还能调节大小卡主，设计的很人性化。体验感也很不错，相比之前的neo3，性能上也有很大的提升。
2023年11月10日 · 8G+256G畅玩版,佩戴比较舒服，唯一缺点不能躺着，脑袋后会压到 游戏界面有点模糊但可以接受，玩游戏我是比较晕，建议每次玩1小时以内，眼镜受不了
2023年11月14日 · 8G+256G畅玩版,老公抖音刷到之后就想要去武商pico体验一下，体验完了就天天吵着要买，跟个小孩子一样，早上快递到了就迫不及待的去拿回来玩上了
2023年11月21日 · 8G+256G畅玩版,不错很新奇的体验，老婆很喜欢，老视频玩游戏都可以，在家还可以稍稍运动下，不需要很大空间，希望之后各种内容也能更优质更丰富一些
2023年12月21日 · 8+256G畅玩版,物流超级超级快！包装的十分精美。直播间主播小姐姐和客服宝贝服务非常热情周到。奈斯奈斯～第一次买VR眼镜感觉打开新世界的大门～
2023年8月23日 · 畅玩版8+128G,送给男朋友的生日礼物，他超级满意！收到当晚就开始研究，功能挺多的，还有沉浸式线上剧本杀！这个是万万没想到的，太惊喜了，强推！
2023年8月31日 · 畅玩版8+128G,用了几天再来评价。总的来说，符合期待，清晰度、灵敏度都还可以，沉侵式体验感拉满！可以入手，还有些功能正在摸索，希望能一直保持
2024年3月11日 · 8+128G主机,9号就收到了在家体验了两天，外形好看戴着不会觉得重，马上购买了两款游戏光之乐园和迷室vr，不愧是招牌游戏，效果很棒超级好玩！
2024年4月2日 · 8+128G畅玩版,看见朋友入手了，体验了一下发现不错就买下来了。里面游戏很好玩，清晰度也挺高的。里面除了游戏还可以看视频看电影等等。值得入手。
2024年7月7日 · 8G+128G标准版,除了电量掉了太快，重量还能进一步降低，其他没啥毛病。我买来就是用来投屏的？装了第三方乐播投屏，把vr当做电视端连接手机很好用
2025年2月25日 · 运动版,机器非常好，运行流畅，画面清晰，里面有好多的内容和游戏包括视频这些都是免费的，真是不错，互动性是其他设备无法比拟的，物超所值
2025年2月9日 · 运动版,挺好，比我之前买的一个VR一体机好很多，主要是看的清楚，还有里面很多功能也很人性化，用起来方便省心，适合我这种不太想捣鼓的人
2025年5月22日 · 天猫运动版Plus  主机*1+腿部追踪器*1+腰部追踪器*1+爱奇艺会员+6应用,用了三个礼拜了设备没问题，技术上问还需要改进一下，国产能做到这样蛮不错的了，动补还需要改进，有点定位不太准+僵硬，不适合跳舞
2023年11月13日 · 8G+256G畅玩版,非常好，体验不错，不怎么晕3d，游戏很多，运动类游戏推荐，可以锻炼身体，客服也有耐心，有问题都会解答，很棒的体验！！！！！
2023年11月15日 · 8G+256G畅玩版,看电影的效果还是非常完美的，如果想玩VR游戏真是一言难尽，里面就算是花钱的游戏都没有玩头，不管是游戏画面还是玩法很是没劲。
2023年11月19日 · 8G+256G畅玩版,之前在朋友家体验了一下pico4，感觉不错果断入手一个。用来观影，运动，游戏，体验都非常好，可以和朋友一起开黑，5人CS。
2023年11月4日 · 8G+256G畅玩版,外观小巧高端，戴眼镜使用完全没有不舒适感，用来一边玩游戏还可以一边运动体验太好了 ，第一次购买很多不懂得讲解的很耐心周到。
2023年12月19日 · 8+256G畅玩版,男朋友特别喜欢，拿到手就开始研究，研究了一下午，游戏也是挨个玩，比起普通游戏，pico4确实不一样，映入眼帘的画质，很喜欢
2024年1月10日 · 8+128G畅玩版,超级赞，很清晰，玩半条命画质没得说，太顶了，产品还能自带游戏，一体机超级方便，电脑有线串流非常流畅，无线没试过，不知道咋样
2024年1月11日 · 8+128G畅玩版,太到位了，很喜欢！专门选得最轻的一款，确实很轻，不压脸，而且客服送了好多好多好多好多游戏…拿到之后试玩了一下，体验感很好。
2024年3月16日 · 8+128G畅玩版,PICO很好，普通人足够用了，最关键的是不用翻墙，可以和steam串流，串流操作也很方便，只要wifi不需要线，体验很不错
2024年6月19日 · 8G+128G标准版,选了很久，还是选择支持国货。有一说一，字节还是有点东西的，大家都拿p4和q3比，但是这个价格是真香，3D体验真的非常惊艳。
2024年6月8日 · 8G+256G畅玩版,昨天下午买的今天中午就到货了，外观大气，科技感十足，体验视觉效果比较震撼，续航能力正常，整体来说都挺不错的还送了四款游戏�
2024年8月15日 · 8G+256G畅玩版,解锁的VR世界的大门，经常去商场玩VR，这款产品不输在商场的体验产品，可选的游戏种类也很多，客服也特别好，真的是物超所值！
2024年8月1日 · 8+128G畅玩版,游戏机到了 挺好的 就是我近视 需要卡个眼镜在里面 有些不舒服 其他都挺好 游戏也不算贵 就是不算太多 不过也足够玩好久了
2023年11月10日 · 8G+256G畅玩版,妈呀 打开新世界的大门，朋友们都争先恐后的过来试试 特别是看恐怖电影简直身临其境啊，这个双十一买的最最值得的就是这个啦！
2023年11月13日 · 8G+256G畅玩版,老公非常喜欢，体验了几款游戏感觉都很棒，就是要注意活动区域，容易撞到周围的家具。 另外客服小姐姐回复消息也很积极，给力！
2023年11月13日 · 8G+256G畅玩版,这已经是买的第二台了 观感特别好 国产品牌品牌越做越好了 售后小伙伴也是服务态度特别好 体验感和售后服务都满满的感动 。
2023年11月16日 · 8G+256G畅玩版,在外面体验了一次感觉特别新奇，双十一就下单了，感觉有很多东西可以玩的，还在摸索中，在里面也可以和大家一起玩，还是很好玩的
2023年11月20日 · 8G+256G畅玩版,国产最好的vr设备了，游戏很多，可以串流玩Steam，pico4能满足大部分娱乐需求，可惜只有vr，期待mr技术早日上线
2023年11月29日 · 8G+256G畅玩版,戴上头晕，就四款免费的，还不好玩。好玩的都需要小一百块的下载费用，没有什么意义，孩子戴了一下就不玩了，我带上一会儿就头晕
2023年12月7日 · 8+128G畅玩版,玩了第一次体验很开心，比在店里面的更好玩，更有真实感，体验感超棒，并且还有联机选项，期待再次购买，和最爱的人一起玩游戏。
2024年11月15日 · 畅玩版,我超喜欢，里面我觉得最好玩的是音游，还有vr视频也很震撼，往家一坐就可以出门去旅游，感觉超级棒。特别满意的一次购物体验。
2024年3月22日 · 8+128G畅玩版,主要是为了看片方便，目前是满意的，NAS直接连接读取，下一步准备配个镜片。在更高的清晰度出来之前，pico4完全够用了。
2024年4月10日 · 8+128G畅玩版,已经用了好几天了，用来健身玩解密游戏很不错，视觉效果很*真，玩room游戏很有感觉甚至有点害怕，体感游戏手柄震动效果很好
2024年4月27日 · 8+128G畅玩版,买来后这小子就喜欢上了 ，还是很乐意让孩子体验科技带来的快乐 ，遇到问题客服也很积极解决问题 ，支持国货，期待后续产品。
2024年5月26日 · 【畅玩体验派】8G+256G畅玩版,先试完了两天，确实很好玩！虽然提供的游戏不多，但是六合一运动就足够玩很久了。刚开始不会投屏到投影上，客服很耐心的教会了。
2024年6月12日 · 8G+128G畅玩版,复购的，总体来说还可以，还推荐朋友购买了，朋友的评价也不错，刚好碰上这次有抢购活动，就再买一台了。不知道会不会中奖呢……
2024年6月1日 · 【畅玩性价比】8G+128G畅玩版,给爱玩游戏的老公买的礼物，他一开始不了解这个。后来就爱上了，得到了他的好评，推荐给他们好朋友，他还特地买了小黄人的贴纸，
2024年7月30日 · 8G+256G畅玩版,非常好的一款宝贝，用着很方便，也不占地方，很实用，当时买的时候还在犹豫价格，买来之后一点都不后悔，而且物流还快，可以入手
2025年2月6日 · 运动版,各方面都挺有惊喜感，画面比想象当中清晰。联机也不需要复杂的安装，基本上开机就能使用。小朋友可以在家里玩VR游戏了。很满意
2023年11月13日 · 8G+256G畅玩版,东西收到了，特别期待，已经体验过了过山车真的特别刺激，好玩爱玩，又下载了好几款游戏，现在已经迫不及待的去玩啦，好玩推荐
2023年11月4日 · 8G+256G畅玩版,效果很好 游戏好玩 钓鱼很真实 确实比盒子好多了 指哪打哪 效果很好 游戏好玩 钓鱼很真实 确实比盒子好多了 指哪打哪
2023年11月7日 · 8G+256G畅玩版,第一次尝试vr太惊艳了  现在这价格就能玩到早几年想都不敢想 双十一购买福利也很多！本土化的使用体验也很棒 强烈推荐！
2023年9月8日 · 畅玩版8+256G,给老公买的玩具！刚收到就忍不住和他抢来玩了很久！赠送的游戏很好玩！很刺激很惊喜！操作也很简单，还送了替换垫！非常好��
2024年2月3日 · 8+256G畅玩版,第一次买VR，试了试，真的特别好用！一直羡慕别人终于自己买了一套VR.PICO他们家的VR确实很好试了，很清晰也很流畅
2024年3月23日 · 8+256G畅玩版,设备还是很不错的，戴着眼镜就算不带眼镜支架也可以，触觉很灵敏，也可以投屏到手机和电视和家人一起分享，还可以看演唱会视频
2024年6月12日 · 8G+128G标准版,新机很激动啊，希望pico能把生态做好吧，还有下一代新机，从3升级到了4，还在等其他配件过来，到时候再串流电脑，美滋滋
2024年6月25日 · 8G+256G畅玩版,物流很快，下单第二天就送到了，好玩，到手后每天都要玩很久，每天运动下会出汗，太久不运动了头几天玩的全身肌肉都酸痛的不行
2024年7月8日 · 8G+128G标准版,调瞳距真的是大创新，很好的解决了每个人视力不一样的问题。然后能套着眼镜带着vr，也是突破我的认知。pico，vr的神！
2025年4月19日 · 天猫运动版Plus  主机*1+腿部追踪器*1+腰部追踪器*1+爱奇艺会员+6应用,Pico 4 Ultra运动类游戏还是挺好玩的，不足的是电池续航不足，2个小时就没有电了，腰部追踪器适合的游戏还太少。
2025年6月26日 · 全能版  主机*1+腿部追踪器*1+4应用+便携包*1+PU泡棉*1,头显不算重，即使戴着眼镜再戴头显也不影响，好多游戏都身临其境，孩子喜欢用来玩游戏，大人用来运动不错，这个价格也很合适了
2025年6月8日 · 天猫运动版,科技改变生活，这款vr眼镜真的很不错，在家就能随时随地看电影，仿佛置身在影院，趁着618活动，价格优惠，推荐大家购买。
2025年7月6日 · 天猫运动版Plus  主机*1+腿部追踪器*1+腰部追踪器*1+爱奇艺会员+6应用,Pico 4外观轻盈，佩戴舒适。4K+超视感屏画质清晰，骁龙芯片运行流畅，丰富内容与精准追踪带来沉浸体验，性价比出色。
2023年10月11日 · 畅玩版8+128G,刚买来确实有点不太适应，但是慢慢熟悉就好了，用起来和手机电脑一样方便，这个机器运动健身太好了，每天能坚持40多分钟。
2023年11月13日 · 8G+256G畅玩版,收到货就迫不及待的试玩了一下 效果很棒 身临其境 头戴舒适 没有束缚感 即使戴着眼镜玩也可以 免费游戏很多 足够玩了
2023年11月15日 · 8G+256G畅玩版,包装好，到货快，很好玩很多游戏运动等，清晰操作简洁，有问题解决的很快，工作人员非常耐心打电话半小时一步步教操作，感谢
2023年11月26日 · 8G+256G畅玩版,质量太差了，刚收到货还没一天前镜片就掉了，不给换货还不给维修，几千块的东西这体验，啥也不说了淘宝十几年了第一个差评。
2024年11月14日 · 全能版（主机*1+体感追踪器*1+4应用+便携包*1+PU泡棉*1）,效果不错，价格合适。优点不少，也有缺点。比如配置略低，系统是平板的，应用还是资源少等。期待以后能有更多好的资源。加油
2024年2月14日 · 8+128G畅玩版,画面感很清晰 很好玩  佩戴也还舒适 不知道续航怎么样 过年物流很快 节日不用人挤人出去玩 在家开辟新玩法 值得尝试
2024年3月17日 · 8+256G畅玩版,儿子心心念念想要的pico 4，终于如愿以偿了，体验了好几次，画质清晰，音质也好，客服送的还有游戏，儿子玩的不亦乐乎
2024年4月24日 · 8+256G畅玩版,不吹不黑的评价确实还可以，设备给人一种很高大上的感觉，唯一感觉不足的就是赠送的游戏有点太少了，很多游戏都需要花钱购买
2024年5月10日 · 8+256G畅玩版,看电影就像是在电影院看的效果一样，3d效果的视频立体感很强，游戏的体验完全不一样，建议佩戴时间不要太久，眼睛会比较累
2025年1月31日 · 运动版,使用体验不错沉浸感确实好，缺点就是没有预期的那么高画质吧略糊，也可能我近视镜片还没配？（我近视100度应该影响不大）
2025年3月15日 · 标准版,孩子心心念的游戏一体机终于到了！非常喜欢玩的很开心！质量保证很好！放松心情好东东，大人也可玩！店家服务贴心周到细致！
2025年4月22日 · 天猫运动版Plus  主机*1+腿部追踪器*1+腰部追踪器*1+爱奇艺会员+6应用,PICO 4 Ultra简直是虚拟体验的“天花板”！高清画质、丝滑帧率、沉浸交互超带感，游戏观影自由切换，入手不亏！
2025年6月21日 · 畅玩版,PICO4u终于到货了，之前用过pico3.。这次的新产品也是进步了不少。感觉体验升级了很多，可以和朋友们一起玩了！
2023年11月19日 · 8G+256G畅玩版,收货体验：赠品和本体是分开发货的，收到的货没有损坏。游戏体验：激活就有4个游戏加问客服拿的2个游戏，体验还是不错的
2023年11月19日 · 8G+256G畅玩版,效果震撼是我从未有过的体验，大屏看电影和360度玩游戏太壮观了。顺带提一下光之乐团好上瘾  停不下来 根本停不下来
2023年11月21日 · 8G+256G畅玩版,好 很好 非常好 棒 很棒 非常棒 这个一体机vr可以说是现在性价比最高的产品 希望pico完善软件生态 nice
2023年11月24日 · 8G+256G畅玩版,拿到商品很开心，东西很好，这款VR设备给我带来了身临其境的沉浸感，画质清晰操作便 捷，是一次震撼的体验！good!
2023年11月3日 · 8G+256G畅玩版,还是很震撼的，现代科技真的可以给大家带来科技之光~很酷，还没开始玩游戏，已经被过山车视频吓到了��期待后面慢慢探索
2023年11月6日 · 8G+256G畅玩版,新买的设备今天刚到，也不知道效果怎么样。听朋友说这个东西很好玩，我才买的，希望能得到一个良好的体验。孩子很喜欢玩。
2023年11月8日 · 8G+256G畅玩版,非常好，观影感受与游戏都非常震撼！性价比很高，大人孩子都很喜欢！真是爱不释手！客服们服务态度非常好！点个大大的赞！
2023年11月9日 · 8G+256G畅玩版,好评 插上就可以用了 近视也没关系 直接带上眼镜再用VR 内容丰富 国内排名第一的VR商家 价格便宜 性价比非常高
2023年8月28日 · 8+256G,挺不错，下班锻炼身体，自从买了pico，腰不酸了，手不麻了，电脑游戏也不香了，吃饭倍香。游戏挺好玩，看电影也不错。
2023年8月8日 · 8+128G,科技的发展日新月异，没想到发展这么快，好久没有尝试虚拟现实了，3D和全景效果非常棒，物流很快，一次舒心的购物体验。
2023年9月30日 · 畅玩版8+256G,比较了一下产品还是选择了pico4  很喜欢到了立马尝试了 买的畅玩版 有几款游戏立马尝试了 体验感很好 很推荐。
2024年11月26日 · 全能版（主机*1+体感追踪器*1+4应用+便携包*1+PU泡棉*1）,超级帅，本来就是在朋友家玩了后才下单的，游戏体验很好，最喜欢的还是光剑，跟朋友一起玩分手厨房，切菜切得手都累了��
2024年1月22日 · 8+256G畅玩版,东西挺好的，现实感非常强，有身临其境的感觉还会有体验游戏赠送非常不错，可以尝试多几款游戏来体验一下，小朋友都很喜欢
2024年1月22日 · 8+256G畅玩版,宝贝心仪很久了，趁活动时候买真的太划算了，喜欢的不要犹豫啊…… 是理想中的产品�，质量不错，物流也很快，值得点赞！
2024年2月27日 · 8+256G畅玩版,好好玩啊，第一次体验 vr，PICO4 沉浸感很足，送的多合一运动太有意思了，而且手柄反应也很快，完全没有延迟，赞
2024年3月29日 · 8+128G畅玩版,这款产品颠覆了我对传统的这个游戏机的认知。很好的产品是国人的福利，非常推荐。尤其在健身方面的效果，绝对是未来之光。
2024年4月1日 · 8+128G主机,效果好，就像进入另一个世界，3D感特别强，玩游戏，看视频都不错，就是耗电很快，玩2个小时不到就要充电，其它都不错。
2024年5月29日 · 【畅玩体验派】8G+256G畅玩版,非常震撼，身临其境的感觉很美妙，科技感满满，观影体验也很好，东西精致，包装精美，年中优惠还挺大，值得入手，推荐推荐
2024年5月31日 · 【畅玩体验派】8G+256G畅玩版,一打开来简直就是惊喜，包装大气，价格太值了，试玩了一下，身临其境，还送了4个游戏，每个都好玩，推荐没入手的快入手。
2024年6月7日 · 【畅玩体验派】8G+256G畅玩版,非常棒，没事看看电影，每天运动一下都是非常好的，而且全家都可以玩，感觉最近自己跟着运动还是有效果的，玩乐一体非常棒
2024年7月16日 · 8G+256G畅玩版,戴起来很舒适 ，画质很清晰，也没有网上说的眩晕，游戏也很多，给老公买的生日礼物，他很喜欢，还能看电影看球赛都可以。
2024年8月7日 · 8G+128G标准版,显示效果LCD屏幕还是不够黑，希望下代升级OLED 屏幕，分辨率稍微高一点就好了，至少看看视频电影还是舒服的���
2025年6月14日 · 天猫运动版,之前用过 quest2，对比提升很大，使用佩戴的比较舒服，没有戴一会不舒服的感觉，而且还有国补，性价比还是挺高的。
2025年6月21日 · 天猫运动版Plus  主机*1+腿部追踪器*1+腰部追踪器*1+爱奇艺会员+6应用,非常震撼的效果，带来不一样的冲击，开始是别人介绍的，收到后才知道原来还有这么好的东西，给我们的生活带来了全新的体验
2025年6月9日 · 天猫运动版,已经体验几天了，不管是游戏还是观影体验都很好。最重要的是使用起来很方便，没有繁琐的步骤，可以直接关联抖音购买游戏。
2023年10月12日 · 畅玩版8+256G,拿到商品很开心，东西很好，这款VR设备给我带来了身临其境的沉浸感，画质清晰操作便捷，是一次震撼的体验！good!
2023年11月12日 · 8G+256G畅玩版,很不错 2000出头的价格性价比非常高 沉浸感很强 玩游戏也很不错 作为新人的第一个vr很值得 很期待pico5
2023年11月13日 · 8G+256G畅玩版,非常不错，趁着双十一的活动价格很实惠，活动力度很大，物流很快今天收到货之后就尝试了，效果非常不错，客服也超级棒！
2023年11月16日 · 8G+256G畅玩版,玩游戏还是很有带入感的，就是带位移的游戏走起来有些别扭，应用是重点，希望有更多神作诞生吧 眼镜没得说，必须给个赞
2023年11月4日 · 8G+256G畅玩版,画面很清晰，有近视的话戴那样比较轻薄的眼镜也能玩，投屏到电脑电视上大家可以一起看，主要还是玩音游和运动比较欢乐。
2023年12月20日 · 8+256G畅玩版,真的是太太太太太美妙了！观看视频效果超赞！真的是身临其境的感觉！游戏和运动我还没来及体验，相信也不会让我失望的！
2023年7月20日 · 畅玩版8+256G,产品很好，好玩，也很好学，孩子非常喜欢，大人也是容易上手，确实不错，感觉很有趣，一点都不会感觉到晕，推荐推荐购买
2023年8月8日 · 畅玩版8+128G,送给孩子的，生日礼物�！孩子非常喜欢 ！体验感非常好 视觉效果非常好 机身很合适！游戏种类也很多  非常棒的产品
2024年1月19日 · 8+128G畅玩版,去朋友家打了一把拳击，回来果断下单，真的很好玩，体验感很棒，客服也很耐心哦。喜欢喜欢，强烈安利给好朋友们回家后。
2024年1月20日 · 8+256G畅玩版,收到货了，物流很快，打开后很惊喜，包装很好。买来送儿子的，儿子试了试家人都很喜欢，画面很清晰，有身临其境的感觉。
2024年1月25日 · 8+256G畅玩版,戴眼镜使用也没有不适，比较轻便，使用起来也很方便。孩子玩的很开心，看电影很爽。要注意使用时间，否则眼睛容易疲劳。
2024年4月28日 · 8+256G畅玩版,体验不错  小朋友很喜欢 爱不释手！就是电池时间用不太久  玩久了建议休息一下  缓解眼睛疲劳  推荐朋友购买！
2024年5月25日 · 【性价比优选】8G+128G标准版,趁着618 入手了心仪很久的pico4 也算是体验了vr 整体感觉不错 主要用来看视频看球赛跟在巨幕影院差不多。
2024年6月18日 · 8G+128G标准版,心心念念的pico终于到手了，开机后整个设备的画面很惊艳，让人有种置身其间的感觉。用pico耍视频的感觉谁懂啊～
2024年6月25日 · 8G+256G畅玩版,收到玩半个月啦 真的很不错 在家就可以体验健身 游戏 演唱会电影 360度视角 太牛了 沉浸感超级强 推荐推荐～
2024年7月18日 · 8+256G畅玩版,不错，打开了新世界的大门，画面也挺清的，拿到就立马试了一下还没开始玩游戏，太有意思了，送给我弟的生日礼物他很喜欢
2024年8月11日 · 8G+256G畅玩版,VR的体验感就不用多说了，产品质量很好，使用没有一点卡顿，虽然中途连不上搞了好一会，一问客服找办法试一下就解决了
2025年1月21日 · 全能版（主机*1+体感追踪器*1+4应用+便携包*1+PU泡棉*1）,商家的服务态度太出色了，细心周到。配货速度超快，没一会儿就发了。包装精美严实，保护周全。功能丰富实用，太完美了！
2025年5月27日 · 畅玩版,之前是古老的pico g2 4k，换p4u后流畅度差了几个时代，显示效果也好了太多。就是分辨率没有想象的那么高。
2023年10月9日 · 畅玩版8+256G,在朋友的怂恿下期终于入手啦，看电影看视频效果非常好，游戏也很有趣，其他还在慢慢探索中，感觉还能探索一些新的玩法
2023年11月11日 · 8G+256G畅玩版,比之前用的Pico3提升很大，分辨率清晰了不少厚度也薄了很多，控制器也更灵敏了还多了彩色透视，期待明年的第五代
2023年11月18日 · 8G+256G畅玩版,玩了好几天，非常不错，个人更喜欢玩运动和音游，看电影玩游戏都很爽～可以联STEAM VR，非常满意，五星好评！
2023年11月21日 · 8G+256G畅玩版,玩了几天来评价，做工很好，内存大，不卡顿，手柄灵敏，震感好。玩游戏看电影很震撼。有赠游戏大作，客服很热情专业。
2023年11月23日 · 8G+256G畅玩版,第一次购买VR眼镜，想买了很久了，丫头在我后面助推了一把，终于出手了，感觉还不错，玩了几次，慢带劲的，推荐吧！
2023年11月25日 · 8G+256G畅玩版,玩过几家大公司VR，最后还是选择pico，大公司，大品牌，做工很不错，里面的游戏也多，现在买畅玩版还自带游戏。
2023年12月10日 · 8G+256G畅玩版,非常好！老公很喜欢～视觉效果很好，超级清楚！头盔不重，戴着不累～可以用投影投到墙上，大家一起参与的感觉很不错～
2023年12月19日 · 8+128G畅玩版,外观很满意 作为vr产品可以说是性价比之王了 就是vr设计上不能躺着玩游戏 玩久了容易晕 不过不过还好值得入手
2023年8月21日 · 8+256G,PICO4产品挺不错的，自从被抖音收购之后，销量一直在增长，希望之后的产品越做越好，带给大众真正不一样的体验。
2024年2月24日 · 8+128G畅玩版,发货很快，打开后感觉很有科技感，入门体验了一下，挺炫酷的，客户仔细的讲解使用方法，希望以后带来更好的使用体验！
2024年2月2日 · 8+256G畅玩版,年会奖品，颜值高，做过精致，送了几个小配件，清晰度蛮好的，音质也不错，身临其境，玩探险游戏非常好，过年必备神器
2024年2月9日 · 8+128G畅玩版,画面非常清晰，感观很好，音乐使人有种身临其境感，客服很耐心，赠送的游戏很好玩，商店中也有很多可免费下载的应用。
2024年3月7日 · 8+128G主机,刚到家拆封后的10分钟开始，就听见那屋传开了“哎呀我”“哈哈”“媳妇儿你快来看”，瞬间感觉买的就是一个“值”！
2024年6月9日 · 【性价比优选】8G+128G标准版,到货挺快，包装齐全，是正品，中文的玩起来比较方便，不用折腾，戴着比meta舒服很多，画质都一般吧，性价比挺高。
2024年7月18日 · 8+128G畅玩版,刚拿到手就迫不及待开始试了！跟外面的真的差不多哎，很惊喜，对比而言性价比算挺高的了，毕竟出去玩一次也要上百块。
2025年5月19日 · 畅玩版,第一次体验VR设备，也是听朋友介绍选择了Pico，非常不错，观影效果非常棒，娱乐健身两不误，还在慢慢研究研究。
2025年6月25日 · 天猫运动版Plus  主机*1+腿部追踪器*1+腰部追踪器*1+爱奇艺会员+6应用,外观精致，使用感受极佳，产品质量超出预期，特意试用了5天，感觉很惊艳。物流服务也很给力，客服有问必答。5星好评
2025年6月6日 · 全能版  主机*1+腿部追踪器*1+4应用+便携包*1+PU泡棉*1,好玩，很带劲，坚持运动第二天，适合宅男款，戴上头盔嗨起来，游戏有新人折扣，力度很大，不好玩可以退款，看电影更爽
2025年7月2日 · 畅玩版,这件商品质量真心好！面料柔软舒适，缝合处牢固结实，没有任何瑕疵。用了一段时间，依然保持着良好的状态，物超所值！
2023年11月12日 · 8G+256G畅玩版,东西收到了，迫不及待使用了体验非常棒。可以自己划分安全区不用担心玩vr的时候不小心打到家具， 非常推荐购买！
2023年11月16日 · 8G+256G畅玩版,到手质感很不错，刚进界面的时候感觉有点模糊，选中游戏之后就非常清晰了，还能用来发微信、打王者、看电视，很满意
2023年11月5日 · 8G+256G畅玩版,本来其实对vr没有太大感觉 主要是送男朋友的 结果试了之后 真香  尤其是那个超燃一刻 感觉比健身环好玩多了
2023年11月5日 · 8G+256G畅玩版,第一次尝试，物流很快，比想象中还好，画面精美，视频震撼，游戏丰富，就是时间久了会感觉有点晕，还需要更多适应。
2023年7月21日 · 畅玩版8+128G,已经用过一段时间了，效果不错�，客服服务有耐心，解答详细，赞一个！ 包装非常结实，东西保护得很好，值得好评！
2023年9月24日 · 畅玩版8+256G,和预期的差不多，就是一开始收货的时候没电了，以为是坏的，充上电就好了，玩了几款游戏非常不错，看电影非常震撼。
2024年1月28日 · 8+256G畅玩版,收到后马上体验了一下，之前没用过pico的产品，总的来说还不错，可玩性也还行，串流还没试过，这个价位算可以了
2024年3月14日 · 8+128G主机,宝贝收到了，太惊喜了，质量非常好，性价比很高，真是出乎我的意料！看电影很爽！开心！我觉得内容还可以再丰富一下
2024年4月4日 · 8+256G畅玩版,新手小白第一次买VR，看了网上推荐选择了这一款，画质还是挺清晰的，外观颜值也很高大上！希望可以出更多的游戏！
2025年4月19日 · 畅玩版,第一次体验，感觉很神奇，融合视频、浏览器、玩游戏，设置操作简单明了，不用说明书就可以玩了，不足就是耗电太快。
2025年4月8日 · 天猫运动版Plus  主机*1+腿部追踪器*1+腰部追踪器*1+爱奇艺会员+6应用,颠覆了我对VR一体机以往的认知和感受。 再也不用去外面花钱体验VR游戏了。躺在床上电影，游戏都能随时体验了。
2025年5月30日 · 天猫运动版Plus  主机*1+腿部追踪器*1+腰部追踪器*1+爱奇艺会员+6应用,才没多久，降价了，换一个链接，就说不能保价了，不过分嘛，说什么老带新，也没到账，电量也就2个多小时，就没电了
2023年11月14日 · 8G+256G畅玩版,收到眼镜后，孩子特别喜欢，瞳距对焦简单，操作界面清晰，孩子也能轻松上手。看了很多家，赶上双十一真的很合适。
2023年11月3日 · 8G+256G畅玩版,使用后感觉非常好，非常给力，好玩。建议大家都来购买玩一下，很新奇的体验。 产品质量相当好哦。国产牛，给力。
2023年11月4日 · 8G+256G畅玩版,非常期待的pico到货了，包装特别的精良，开机带上之后体验感非常好，完全沉浸在vr之中，超值的一次购买体验
2023年12月2日 · 8G+256G畅玩版,收到货啦，送人的，看着很棒，等等看朋友的评价～直播间下单还加送了一个游戏，快乐快乐！！！希望得到朋友好评～
2023年8月24日 · 畅玩版8+256G,期待很久终于入手了，看电影看视频效果非常好，游戏也很有趣，还在慢慢探索中，后期会尝试串流，探索一些新的玩法
2024年1月30日 · 8+256G畅玩版,朋友推荐的，刚开始可能觉得不会很好玩，但是收到之后很满意，还有四款免费的游戏，戴上之后感觉很棒，总之吹爆。
2024年3月14日 · 8+256G畅玩版,第一次买VR玩，很新奇，家人都很喜欢。效果*真，画面清晰，小试了一下运动游戏非常有真实感。没有过的新体验！
2024年3月20日 · 8+128G主机,游戏很好玩，新人还送游戏8折券，直播间购买还送游戏，机器很清晰，玩起来也很流畅，可以看电影，可以和朋友互动
2024年5月3日 · 8+256G畅玩版,具备360度全景画面可以身临其境，通过声音、全面影响感受气氛和氛围，空间感、距离感都会更有层次。非常喜欢。
2024年6月17日 · 8G+128G标准版,之前玩过纸盒版的简易VR设备，知道大概什么效果。但是这个刚戴上效果还是很震撼的。有些场景真的跟在眼前一样。
2024年6月21日 · 8G+256G畅玩版,很不错，机器效果非常非常好，送的拳击游戏很棒，每天运动半小时很锻炼，商城的mossII游戏画面简直太美了！
2025年3月20日 · 天猫运动版,设备舒适度很不错，手柄也非常轻巧好用，按键清晰明了。体验下来非常不错，操作也相当适合第一次上手vr的朋友。
2025年5月19日 · 天猫运动版,老用户了，比Pico4轻了不少，沉浸感更强，这是第二台设备非常好用，感觉很真实。客服小姐姐和物流都非常棒！
2025年6月3日 · 全能版Plus  主机*1+腿部追踪器*1+腰部追踪器*1+便携包*1+爱奇艺会员+4应用,朋友推荐来买的，VR眼镜很棒�，重量轻不压头，操作简单易懂，画面清晰震撼，仿佛置身现场，是一次全新的体验�
2023年11月15日 · 8G+256G畅玩版,360度沉浸体验感觉太棒了！瞳距能调到适合我的58mm，戴着眼镜也不影响玩。画面是拍的投屏后的电脑屏幕。
2023年11月17日 · 8G+256G畅玩版,实体店体验不错，双十一优惠果断下手。送给老公锻炼身体，赠送4款游戏不太好玩，期待收费游戏价格能优惠一下。
2023年11月3日 · 8G+256G畅玩版,小朋友很喜欢，第一次买科技产品，质感非常好，使用也非常流畅，戴在头上也很轻，不会很累，非常好的一次体验。
2023年12月27日 · 8+128G畅玩版,画面非常清晰 非常好玩  游戏种类也多 值得入手 各种VR视频 非常真实 带入感非常强 大人小孩都可以玩
2024年1月18日 · 8+256G畅玩版,好好玩，尤其是即刻运动体验感太好了。大部分还可以跟朋友们快乐联机！推荐即刻运动+多合一+光遇+敦煌巡游记
2024年1月1日 · 8G+256G畅玩版,实在是太好了，跨年的第一个礼物送给女朋友，她是种草好久了非常非常的喜欢喜欢到爆炸了，一宿不睡也要玩一会儿
2024年2月17日 · 8+128G畅玩版,收到后质感很好，先调节了瞳距，没有眩晕的感觉，体验了几天下来觉得可玩性非常高，还在摸索中，整体感觉非常好
2024年2月25日 · 8+256G畅玩版,效果挺好的，真的是沉浸式体验，戴着也挺舒适的，追踪精度高，体验感非常好。看电影也是身临其境，爱了爱了！！
2024年2月27日 · 8+256G畅玩版,宝贝科技感极强 孩子特别喜欢玩 大人也可以用它来健身 锻炼 都是不错的选择 畅玩版 很方便 推荐大家入手
2024年5月24日 · 【畅玩体验派】8+256G畅玩版,物流特别快，拿到手激活的每一步都有提示，特别方便，游戏很流畅，画质很清晰，玩了好大一会也没有晕的感觉，棒
2024年7月30日 · 8G+128G畅玩版,包装很精致，儿子拿到就打开了，里面的游戏和视频电影�都很好，大人也可以玩，加上投屏就更好玩了。值得推荐。
2024年7月7日 · 8G+128G标准版,犹豫了很久，最终还是下单了买来主要是用作vr运动，打打乒乓球羽毛球，也是很有意思的。总体而言还是很不错的
2024年8月24日 · 8G+128G畅玩版,一体机 很有吸引力 ，能让我每天运动坚持下去，相信我能瘦下来�。就是可惜有点儿买早了 买完之后推出了新品
2025年3月22日 · 天猫运动版,最新款的vr收到了，和家里原来的小米vr相比，感觉就像是拖拉机和问题是飞机的区别一样，不过还没有开始使用
2023年10月13日 · 畅玩版8+128G,PICO.4太好玩了，看大片，玩遊戲身臨其境，妥妥的沉浸式體驗，太爽了，每天都會玩上1個小時，棒棒噠！
2023年11月11日 · 8G+256G畅玩版,怀着盼望的心情，终于等来机器了，体验感不错，觉得真是一次成功的尝试，最主要的是，赶上活动价格太开心了！
2023年11月11日 · 8G+256G畅玩版,机器很不错 有身临其境的感觉 每天在家就可以锻炼了 刚玩了保龄球很过瘾 光之乐团也很好玩  推荐！！！
2023年11月13日 · 8G+256G畅玩版,一收到就迫不及待的打开   联网    注册 商城里的东西也比较全面  不错   现在就缺好友一起玩了
2023年11月16日 · 8G+256G畅玩版,每天下班回来小小的放松一下，睡前床上看会剧再睡，社畜的压力得翻缓解�早买早享受~非深度玩家真的够用了。
2023年11月19日 · 8G+256G畅玩版,很好玩 可惜就是免费游戏不多 之前想找的一款游戏也没找到 但是有拳击游戏真的很不错 喜欢 可以在家锻炼
2023年12月2日 · 8G+256G畅玩版,优点就是自带的平台不错，缺点是片源少，少的游戏运动可以，打枪的就头晕，其他要钱还没试，抖音直播也还可以
2023年7月24日 · 畅玩版8+128G,做了很多功课买的，趁着活动有优惠，着急用，发货很快，顺丰发货，当天买，第二天就到了，随后体验了再来追评
2023年8月1日 · 8+256G,萌新第一款入手的VR，确实不错 我玩儿VR头晕很严重，电脑游戏也是，但仍然挡不住热爱，其实慢慢就适应了
2023年9月23日 · 8+128G,迫不及待的拆了包装，感觉有种赛博朋克的感觉，真想快点找个游戏感受一下啊！画质感觉比三年前买的好很多了！
2023年9月4日 · 畅玩版8+256G,去山姆体验了几次、果断下午下单第二天下午到货了、太快了、画面不错比较真实、玩游戏、健身、看看电影不错、
2024年11月30日 · 运动版,东西不重，戴的时间长一点也不会太累，比以前的vr好很多，游戏也不少，这次优惠还送了不少好游戏，非常推荐
2024年3月22日 · 8+128G畅玩版,刚收到眼镜，就感觉质量很好，打开以后玩游戏看电影的感受和其他电子产品比确实是另外一种感受，非常好玩体验
2024年3月28日 · 8+128G畅玩版,第一次接触VR 感觉还可以 现在还不怎么熟悉 正在慢慢摸索 体验感还是可以的 玩了几个小游戏都挺不错的
2024年4月9日 · 8+128G标准版,快递很快，下午下单，第二天就到了，第一次用vr看视频还挺震撼的，可惜不是特别清晰，这个价位性价比挺高的
2024年5月15日 · 8+256G畅玩版,体验非常好！视野非常宽阔. 第一次带眼睛有点累. 时间长习惯了就好了. 游戏非常多. 体验感真不错啊！
2024年6月17日 · 8G+128G标准版,Pico4，画面*真，沉浸感强，操作流畅，佩戴舒适，内容丰富，给我带来了前所未有的虚拟体验，五星好评！
2024年7月11日 · 8G+256G畅玩版,佩戴舒适 感受真实 资源丰富 视野清晰 影院效果很棒 视听体验很好 包是自己配的 免费资源再多点就好了
2025年1月21日 · 运动版,买之前没用过不知道适配生态如何，到手用了一个星期发现很多好玩的应用，发玩朋友圈马上就有好友找我一起玩！
2025年5月11日 · 天猫运动版,收到货后仔细用了一下：佩戴很舒适，轻盈不下坠，非常合适体感运动，而且客服们都挺尽心尽责，很好的体验��
2023年11月23日 · 8G+256G畅玩版,收到货了，玩了几天才来评价，真的很好玩，里面还有健身运动类游戏，跟着一起做运动还能锻炼身体，值得推荐
2023年11月4日 · 8G+256G畅玩版,收到货了，强烈推荐！！！我主要是买来运动的，试了一下超燃一刻，打了两组拳击，暴汗，已经感觉要瘦了��
2023年11月5日 · 8G+256G畅玩版,小朋友很喜欢    已经在充电了哈哈哈哈哈哈   第一次开机不太懂客服也很有耐心   各方面都很满意
2023年12月20日 · 8+128G畅玩版,质感很好！！！！声临其镜！！！玩恐怖的代入感好强！太吓人了！还可以联机一起玩，很有意思！值得入手！！
2023年8月12日 · 畅玩版8+256G,送朋友的礼物，朋友非常的喜欢。 之前在其他朋友家偶然接触过pico的眼镜，感觉很好玩，体验感很不错。
2024年1月18日 · 8+256G畅玩版,客服推荐的大内存，又赠了游戏，给孩子买的，他非常喜欢，发货也快，隔天就到了，现在家里连电视都不开了。
2024年1月23日 · 8+256G畅玩版,给小朋友买的，特别喜欢里面的钓鱼游戏，足不出户钓遍世界各地。游戏厅也很好玩，实现抓娃娃机自由。好评！
2024年4月11日 · 8+128G标准版,画面清晰，佩戴舒适，头盔重量也比较理想，戴两个小时完全不晕，脖子也不酸，玩过的vr眼镜里最好的一款。
2024年5月24日 · 【畅玩性价比】8G+128G畅玩版,今天刚拿到手，快递很快，对于新手来说挺友好的，客服还是挺耐心的，问的问题都能及时解答，新手上路也很快
2024年6月14日 · 【畅玩性价比】8G+128G畅玩版,不错，画面清晰，操作简单，互动性强，卖家服务态度很好，解答问题耐心细致。发货速度快，包装严实，满意！
2024年6月27日 · 8G+128G畅玩版,第一时间收到VR眼镜，包装精美，佩戴舒适，画面精美清晰，设有安全范围   享受快乐的同时，增加安全感
2024年7月30日 · 8G+128G畅玩版,很不错，玩了好几次才来评价了，游戏挺好玩的，很好。电影也不错，希望可以手机镜像，想用手机在里面玩游戏
2025年4月9日 · 全能版  主机*1+腿部追踪器*1+4应用+便携包*1+PU泡棉*1,感谢客服详细讲解，4000多的设备，有这种效果，很值，很感动！我还想着要再购买一个，可以两个人一起玩
2023年11月30日 · 8+256G畅玩版,收到货了玩了一下午，好累。看视频就像在眼前一样，屏幕也可以调的非常大，只是总感觉电池很快就用完了。
2023年11月30日 · 8G+256G畅玩版,买了之后玩了一段时间，感觉很好。串流steam玩的。非常不错。客服也很好。不会弄得客服会耐心的教。
2023年11月5日 · 8G+256G主机,第一次使用这类产品，效果和描述一样，很喜欢，尤其是运动娱乐很符合我的预期，喜欢运动的朋友强烈推荐。
2023年11月5日 · 8G+256G畅玩版,好玩，刚开始遇到开不了机的问题，客服指导解决的，玩着送的10个游戏，好开心�，看来还缺个包好好保管
2023年11月9日 · 8G+256G畅玩版,vr游戏很多，体验感不错，有身临其境的感觉，尤其是运动的时候，感觉就和在现场打比赛一样，非常有趣。
2024年2月19日 · 8+128G畅玩版,比想象中好，超出期待了，沉浸感很强，的确有身临其境的感觉，另外送了五款游戏，性价比很高，物超所值！
2024年3月13日 · 8+128G畅玩版,很精致，质量非常好，很满意的一次购物。谢谢店家！遇到了很多问题，客服都认真忙吗帮忙解答，体验很好。
2024年5月26日 · 8+128G标准版,恶意拒绝价保，拒绝理由是颜色不一致，你pico4除了白色难道还有第二种颜色？这个理由你好意思写嘛？
2024年6月24日 · 8G+128G畅玩版,这款Vr眼镜是我比较满意的一款，从清晰度，反应和客服态度都是比较好的，下次给朋友送礼物就选这款了。
2024年8月2日 · 8G+128G畅玩版,拿到盒很有重量，打开带上不重没有负担，很清楚，是玩过朋友的然后买了一个，很不错，还在继续探索中……
2025年4月17日 · 天猫运动版Plus  主机*1+腿部追踪器*1+腰部追踪器*1+爱奇艺会员+6应用,送老公的生日礼物，科技感很足，体验不错，比电脑游戏优秀太多，电影办公也完全空间自由了，期待更多开发
2023年10月10日 · 畅玩版8+256G,我妹推荐给我的，试玩了两天。身临其境  和打游戏机感觉是不一样的，看了宇宙星空   震撼到我了。
2023年10月5日 · 畅玩版8+256G,使用方法很简单，戴着也不重，游戏体验感很好，很沉浸。很适合居家玩(●'◡'●)，还能顺便锻炼身体
2023年11月14日 · 8G+256G畅玩版,收到货了，体验很好，音效也很不错，送的游戏也很好玩，很喜欢哦！客服也很耐心！祝商家生意兴隆！！！
2023年12月30日 · 8+256G畅玩版,相对于80后的我确实感觉到震撼，一直以为3D电影已经很先进了，没想到VR还可以做到360度无死角
2023年8月11日 · 畅玩版8+128G,送老公的生日礼物，已经玩上了，客服态度很好，基本有问必答，直播间下单还有多送两个游戏，大大推荐噢
2024年12月19日 · 标准版,从pico3到pico4，第二次购买了，沉浸感很强，尤其喜欢拿来运动，不知不觉就达标了。值得入手
2024年1月19日 · 8+256G畅玩版,送男朋友的生日礼物，他好喜欢。 送男朋友绝对没错，不会踩坑，非常棒，我也可喜欢 送的游戏也特别棒
2024年1月22日 · 8+128G畅玩版,送货速度很快，上手也很简单，第一次体验新鲜感十足，软件十分流畅，看视频体验也不错，可玩性非常高。
2024年2月23日 · 8+256G畅玩版,宝贝好玩，物流很快，客服也很专业。自带的几个游戏都很好玩，适合各大人小孩。可以娱乐也可以当建设。
2024年2月7日 · 8+256G畅玩版,第一次买VR眼镜，确实可以，看2D电影很不错，就像在电影院，3D电影身临其境 游戏还没着手开始玩
2024年3月10日 · 8+128G畅玩版,挺不错，操作易上手，多玩几次就能很好的使用了，画面显示清晰，能让人有种身临其境的体验，物有所值吧
2024年3月23日 · 8+256G畅玩版,实在太好玩了！客服小姐姐特别好一直耐心的给我解答问题！游戏也很多感觉不用串联也可以玩很久惹嘿嘿！
2024年6月4日 · 【畅玩体验派】8G+256G畅玩版,男朋友得生日礼物 可喜欢了 但是玩的时候一定要画好边界和地面距离 别因为太沉浸了受伤了哈哈哈哈哈
2024年7月24日 · 8+256G畅玩版,速度非常快一天就到了，使用也很好，最近几乎不玩手机了，都在玩这个，画质很好，游戏也挺多很推荐购买
2024年8月7日 · 8G+256G畅玩版,很好，功能强大电影效果完美，游戏无可替代，必须强烈推荐给大家，价格实惠值得购买很满意，五星好评！
2025年1月12日 · 运动版,新年礼包超有性价比。商品质量一流，细节完美。材质优质，使用起来效果显著，是一款让人信赖的好产品。
2025年5月21日 · 全能版Plus  主机*1+腿部追踪器*1+腰部追踪器*1+便携包*1+爱奇艺会员+4应用,一收到货就迫不及待试了，效果非常好，真的有身临其境的感受。期待减肥效果！只是追踪器还不知道咋用。
2025年5月2日 · 畅玩版,PICO 4 VR一体机画质高清、佩戴舒适、操作简单、沉浸感强，是国产VR的佼佼者，性价比超高！
2025年6月10日 · 天猫运动版,包装非常结实，东西保护得很好，值得好评 客服服务态度很好，快递也不赖，希望老板生意越来越好！！！
2025年6月1日 · 畅玩版,还不错，体验了一周总体还是可以的，就是透视模式有点糊希望后续能更新系统可以自行设置透视模式分辨率
2023年10月15日 · 畅玩版8+256G,产品还是挺方便，容易操作 游戏送了几款，很适合运动，家里运动，场地不大也可以划圈 还可以看景色
2023年10月24日 · 8+256G,畫面很好，帶上頭也不是太重，活動還送遊戲，客服態度很好，有問必答，買給老公的生日禮物，他很喜歡
2023年11月18日 · 8G+256G畅玩版,开机使用的界面内容丰富多彩，软件品类多，确实是闲暇时间娱乐首选。是普通大众值得拥有的一个宝贝。
2023年11月4日 · 8G+256G畅玩版,不让孩子玩手机的办法，这不就有了吗！大人孩子都爱玩手机大赞！！！  家里的第三台PICO4了～
2023年11月5日 · 8G+256G畅玩版,比想象中画质好。挺满意的，可以给孩子感受到不一样的世界，启发思维，就是不知道对视力影响大不大。
2023年11月7日 · 8G+256G畅玩版,好评，画质很清晰，可以玩商店的小游戏也可以串流电脑玩大作。串流链接电脑看电影和玩游戏都很方便。
2023年12月10日 · 8+256G主机,PICO加油，永远支持PICO，期待明年的PICO 5，国内的元宇宙的建设就靠PICO了。谢谢
2023年12月29日 · 8+256G畅玩版,太好玩了，孩子到家爱不释手，再也不玩手机了，不用沉迷手机，还可以运动健身，非常喜欢！会推荐朋友
2023年8月12日 · 8+128G,首次体验感觉很不错，很真实，效果很棒，女朋友也特别特别喜欢，以后用来看电影玩游戏真是不错的选择
2023年8月28日 · 8+256G,商品十分美观，体验一下十分特殊，第一次购买，有非常好的购买体验。另外快的速度惊人，次日达。赞�
2023年9月24日 · 8+128G,和之前买过的VR眼镜简直是不一样，颗粒感几乎是没有，看视频还可以拉进拉远，免费的游戏也很好玩。
2024年2月10日 · 8+256G畅玩版,刚好过年在家无聊，女朋友送了玩玩，挺有沉浸感的，可以在家体验娱乐下，再看看有啥好玩的 [呲牙]
2024年2月15日 · 8+256G畅玩版,在万象城里看到的一款游戏机，果断下单了，节日在家玩挺有意思，发货速度快挺好的！质量和效果挺不错
2024年2月18日 · 8+256G畅玩版,游戏确实很好玩，颠覆了我对游戏机的想象，科技真的很发达。戴久了还是会有一点点头晕，但总体还好。
2024年2月29日 · 8+256G畅玩版,非常不错，清晰度比之前买的奇遇好很多，没有了那么明显的颗粒，戴着比较舒服，两个遥控器非常有质感
2024年7月2日 · 8G+256G畅玩版,收到两天来，评价太好玩了，打开了新视界大门，非常*真，下载了免费的游戏，最喜欢古籍寻游记和拳击
2025年2月17日 · 【赠近视镜片】运动版,已经购买到货了，外观质量都是非常好，就是直接国货，之前网上对比了q3，感觉还是pico更适合我
2025年3月24日 · 天猫运动版,体验了下vr视频，身临其境的感觉，确实很震撼，画面比较清楚，软件也还可以，客服解答问题也很专业
2025年5月5日 · 天猫运动版Plus  主机*1+腿部追踪器*1+腰部追踪器*1+爱奇艺会员+6应用,灰常的好玩我两个儿子玩的很开心 画面特别好特别容易上手 性价比超高的 我自己也打算入一个看电影
2023年11月14日 · 8G+256G畅玩版,对于第一次使用的人很震撼，立体场景人物近在眼前，分辨率再提高一个层次就更完美了，但也很不错了
2023年11月15日 · 8G+256G畅玩版,很满意的一次购物，商家服务好，发货神速，物流也很给力，宝贝收到后非常喜欢，买得放心，用得安心
2023年11月18日 · 8G+256G畅玩版,非常好 头不会晕 也不重 玩起来很舒服 电影看着也很棒 里面有很多游戏和电影电视剧 挺好玩的
2023年11月4日 · 8G+256G畅玩版,外观设计漂亮，尺寸大小合适，包装仔细完整，商店游戏很多，感觉很好，发货速度快，服务态度一流！
2023年11月5日 · 8G+256G畅玩版,效果真的不错，所有的页面都很真实，近在咫尺，触手可及，刚收到家人都抢着体验，玩没电了才停止。
2023年11月5日 · 8G+256G畅玩版,电脑，手机玩够了，来试试VR。双十一预约购买还送多款VR发作。后续尝试一下串流电脑游戏玩玩。
2023年11月5日 · 8G+256G畅玩版,隔天就到了，真爽，第一次用这种产品，感觉挺震撼的，清晰度很高，上手容易，身临其境的感觉真好。
2023年11月7日 · 8G+256G畅玩版,非常满意这款vr，只能说科技提高生活娱乐质量，现在给配了包和眼镜片，只能说体感再逐步提升中。
2023年12月24日 · 8+256G畅玩版,孩子去店里体验过就心心念念惦记这个机器。寒假开始马上就来买。画质清晰流畅。很满意的一次购物。
2023年8月14日 · 8+128G,pico性价比特别高，买了家里小孩老人都能用，下班回家大家都喜欢玩，绝对不亏，值得入手冲冲冲
2023年9月7日 · 畅玩版8+256G,首次购买VR体验还算不错，没有晕的感觉，清晰度还可以，边线设置的也比较准，后期继续体验一下。
2024年12月21日 · 【加赠贴脸泡棉】标准版,用了一下，显示水平可以达到psvr的效果，分辨率其实还行，主要是甜蜜点太低了，串流效果不错。
2024年1月21日 · 8+256G畅玩版,pico4这款机子非常好，性价比非常高，视觉感特别强，非常好的体验感，感觉是一次非常好的购物
2024年2月22日 · 8+256G畅玩版,我有问题客服就解答了，态度很好。里面游戏非常非常好玩，而且可以运动�️，有机会一定要买一个！
2024年2月6日 · 8+128G畅玩版,画面感太棒了，一家老小都要玩儿，朋友来我家玩的也爱不释手回家就买了一台。非常推荐！操作不难。
2024年2月6日 · 8+256G畅玩版,"收到之后,孩子立马迫不及待的拆了，眼镜很好���特别小巧，客服态度也好，值得买的一款vr眼镜"
2024年5月30日 · 【畅玩体验派】8G+256G畅玩版,送儿子成年礼的礼物，全家都玩的很开心，画面清晰，非常棒的体验。小朋友很喜欢，大人也喜欢哈哈哈
2024年6月19日 · 8G+128G标准版,屏幕清晰，主要是使用起来特别简单方便，很适合新手小白入门使用，瞳距范围大，对大脸用户很友好。
2024年6月23日 · 8G+256G畅玩版,商品很满意，邮寄速度也很快，体验比较好，送的游戏挺好玩，入坑，需要定防沉迷，要不停不下来��
2024年7月28日 · 8+128G标准版,就体验感出色，功能丰富，沉浸式体验感强，游戏种类多，电池续航时间长分辨率高佩戴长时间不会疲劳
2025年1月14日 · 运动版,东西收到了，发货很快，询问客服有关问题时对方也很有耐心，视觉效果也相当不错，总的来说比较满意
2025年2月13日 · 运动版,客服非常有耐心，孩子也很喜欢，我自己也玩了一下，特别棒！拼图游戏爱不释手，希望图库能再多些。
2025年5月19日 · 天猫运动版Plus  主机*1+腿部追踪器*1+腰部追踪器*1+爱奇艺会员+6应用,一次开心的购物体验，机器颜值无话可说，客服也特别有耐心，有不懂的立马会回复，解决问题的速度快
2025年5月30日 · 全能版Plus  主机*1+腿部追踪器*1+腰部追踪器*1+便携包*1+爱奇艺会员+4应用,一直想体验一下这类型的产品，这次趁着活动买了全套，性价比不错，视觉效果也震撼，后续会继续体验
2025年6月24日 · 天猫运动版,主机运动套装，有腿部追踪玩的很开心，运动量很大，希望能顺便减减肥。整体生态再丰富些就更好了。
2025年7月3日 · 天猫运动版Plus  主机*1+腿部追踪器*1+腰部追踪器*1+爱奇艺会员+6应用,玩了几次了，很不错。游戏再多点女生喜欢玩的就好了。种田类型的，是不是也可以考虑呀～五星好评！
2023年10月15日 · 畅玩版8+256G,是理想中的产品�，质量不错，物流也很快，值得点赞！客服态度也挺好的，值！以后有需要还会来买
2023年11月14日 · 8G+256G畅玩版,外观设计漂亮，尺寸大小合适，包装仔细完整，宝贝手感不错，带上眼镜以后感觉很真实，真的很好玩
2023年11月25日 · 8G+256G畅玩版,发货快，包装好，价格应该是全年最年最优，pico的VR原生态应该算国内品牌最优的，值得入手
2023年11月2日 · 8G+256G畅玩版,非常好，已收到货，希望能出更多的游戏，答应的福利也有！！太爱了！！！！希望能越做越好！！！
2023年11月3日 · 8G+256G畅玩版,体验了一会，就充电去了，总体感觉挺好的，观感不错，孩子喜欢，游戏送的也挺多，满意的一次购物
2023年11月3日 · 8G+256G畅玩版,物流很快，而且双十一真的很便宜！！第一次购入vr一体机给了我很新奇的体验，期待出pico5
2023年11月4日 · 8G+256G畅玩版,pico4收到了 特意玩过之后再来评价的 特别好玩 孩子是真的很喜欢 视觉效果很震撼 好评
2023年11月4日 · 8G+256G畅玩版,我上班就是为了这个我上班就是为了这个我上班就是为了这个我上班就是为了这个我上班就是为了这个
2023年11月9日 · 8G+256G畅玩版,视觉效果已经很好很好了，感受很不错，主界面和游戏视频画面都很清晰，简单易操作，很值得入手。
2024年12月27日 · 【加赠贴脸泡棉】运动版,很好！体验感特别强  用来运动 玩游戏 看电视剧都可以  上手很快  已经爱不释手了hhh
2024年1月19日 · 8+128G畅玩版,商品很好，商家服务态度也很好，很适合新手入门VR世界。可以玩的应用很多，娱乐与健身两不误。
2024年1月22日 · 8+256G畅玩版,说实话，功能和外观及使用感受比pico3确实强了不少，物流很快，收纳包比3代小了不少，值。
2024年3月17日 · 8+256G畅玩版,客服的态度特别好，尤其不懂得问会立马给回复，也是考虑很久买了这款，就想孩子还在家能锻炼锻炼
2024年5月23日 · 【畅玩性价比】8G+128G畅玩版,之前在朋友家里玩过两次被种** 身临其境 是和其他游戏不一样的体验 拿上就爱不释手了 超值
2024年6月17日 · 8G+128G畅玩版,非常完美的vr眼镜�，重量适中带着不会很重，软件反应很快，做工精细，期待后面用它玩游戏哦。
2024年6月19日 · 8G+256G畅玩版,第一次使用，还是很震撼的，看视频的效果特别棒，很清晰，目前在充电，充好之后再多研究一下功能
2024年6月2日 · 8G+128G畅玩版,这个VR效果体验嘎嘎的男女都能玩还能看视频性价比超高。兑换的四款游戏也够玩一阵，非常不错。
2024年8月5日 · 8G+256G畅玩版,孩子很喜欢，产品效果不错，很清晰，刚买了多合一运动，羽毛球飞镖等都很好玩，看视频电影非常棒
2025年4月29日 · 天猫运动版Plus  主机*1+腿部追踪器*1+腰部追踪器*1+爱奇艺会员+6应用,非常好，总算体验到私人影院的感觉啦，vr游戏也非常有乐趣，可以顺带着运动健身，好玩又健康～
2025年4月30日 · 天猫运动版,很好玩，画质比预想中的要好，咨询客服很热情，能及时 为我解答使用中的问题，玩一段时间再追评
2025年6月4日 · 畅玩版,非常好！效果很棒，而且特别好玩儿！现在入手标准版，各种折扣下来竟然才2700多！简直无敌！
2023年10月22日 · 畅玩版8+128G,产品特别好，送老公的生日礼物，他非常的喜欢全家都喜欢玩儿。效果非常的*真场景非常的不错�
2023年10月29日 · 畅玩版8+256G,一个字，好 两个字，很好 三个字，非常好！ 根本就好玩到停不下来，每次都被玩到电量用尽。
2023年11月4日 · 8G+256G畅玩版,第一次玩，感觉打开了新世界的大门，看了一下过山车和视频，运动和游戏还没有体验。感觉还不错
2023年11月6日 · 8G+256G畅玩版,还行吧，3d的看看电影什么的还是不错的。打游戏，做运动也可以，就是电太少了，希望可以改进
2023年11月7日 · 8G+256G畅玩版,很牛*，打开新世界的大门，主要是vr抖音很好玩。！！！！唯一一个买了不后悔的！！！！！！
2023年11月8日 · 8G+256G畅玩版,不错的，画面也挺清晰，可以画安全区，出了安全区就可以看到周围真实的场景，不怕打到周围东西
2023年12月28日 · 8G+256G畅玩版,还可以。送的游戏只喜欢一个塔防游戏。其他几个都不喜欢。电用的太快了。两小时左右就没电了。
2023年12月2日 · 8G+256G畅玩版,发货速度超级快！分辨率很高很清晰！声音效果也非常好！！游戏正在下载体验中！客服很有耐心！
2023年8月24日 · 畅玩版8+256G,仿佛打开了新世界，真的很漂亮，质量很好，价格也实惠，值得购买。客服服务也非常好，有问必答
2024年2月18日 · 8+256G畅玩版,收到了体验不错很清晰也很舒服物流很快客服服务态度也很好就是不知道后期续航怎么样了值得购买
2024年3月9日 · 8+256G畅玩版,效果确实很好，国内vr眼镜天花板了，随时随地可以玩，大人小孩都停不下来，电池消耗有点快！
2024年5月31日 · 【畅玩体验派】8G+256G畅玩版,送给男朋友的生日礼物，她很喜欢，质量也很好，做工精细，他喜欢很久了，收到很开心，一直在玩
2024年6月22日 · 8G+256G畅玩版,看电影***，大屏玩电脑游戏也不卡顿，性能算不错啦，还有那个3D直播就好像站在面前一样。
2024年6月24日 · 8G+128G标准版,物流很快，客服服务非常到位。到手的产品也非常棒，使用以后体验很好，以后有机会会再买新品～
2024年6月5日 · 8G+128G标准版,买之前说支持大疆djifly，买了以后插上去没反应。客服只会推托让我问大疆客服，好生气！
2025年4月15日 · 天猫运动版Plus  主机*1+腿部追踪器*1+腰部追踪器*1+爱奇艺会员+6应用,终于收到Pico4 Ultra，彩色透视超清晰，骁龙XR2 Gen2芯片也超流畅，太香了
2023年10月17日 · 畅玩版8+128G,产品非常好，物流特别快，特地买来送男朋友的，他超级喜欢，畅玩版的游戏还不错，赶上折扣了
2023年10月7日 · 8+128G,性比价飞好，看视频很过瘾，送了很多游戏，游戏玩起来很刺激，值得信赖，大家可以放心购买！
2023年11月13日 · 8G+256G畅玩版,朋友推荐的，试玩了一下，正好碰到双十一，就直接下单了，拿到快递之后直接拆开玩了，觉得值
2023年11月18日 · 8G+256G畅玩版,带着挺轻的，双十一买到也很优惠，玩着很有意思，客服的态度也非常好，有问题会立马给解决。
2023年11月19日 · 8G+256G畅玩版,体验感好于预期。送的游戏沉浸感蛮强的。视频的话，很多资源清晰度不够，还是要上4k才行。
2023年11月23日 · 8G+256G畅玩版,神奇的VR，真的是太好玩了，把我这不喜欢玩游戏的人都带动起来了，希望卖家生意兴隆旺旺旺
2023年11月23日 · 8G+256G畅玩版,非常好非常非常好非常好非常好非常非常好非常好非常好非常非常好非常好非常好非常非常好非常
2023年11月25日 · 8G+256G畅玩版,朋友介绍来的，一群伙伴一起玩，赶紧趁活动下手。我们这圈朋友基本手一台，每天组队玩游戏。
2023年11月2日 · 8G+256G畅玩版,东西很好，包装精美，售前售后也都非常棒，耐心帮我解决问题，非常棒的商品！下次还会购买。
2023年11月3日 · 8G+256G畅玩版,顺丰快递，速度。产品轻巧，品相好。 已经试用，很好。孩子玩的很开心。游戏多点就更好了。
2023年12月15日 · 8G+256G畅玩版,非常喜欢，相当喜欢，物流也很快，质量也很好，是一次非常快乐的购物体验！推荐大家购买！！
2023年12月19日 · 8G+256G畅玩版,机器收到啦，老公很喜欢，感觉打开了一个新世界，可以玩，也可以锻炼身体，还可以钓鱼哈哈哈
2023年7月23日 · 8+256G 畅玩版,产品非常好，可以在室内进行锻炼。还能跟真人联网去比赛，很有意思，大人小孩子都很喜欢呢。
2024年1月31日 · 8+256G畅玩版,机器不重，戴在头上可以接受。电池再有块备用可更换的快充就完美了。玩一段时间后再发追评。
2024年3月28日 · 8+256G畅玩版,超级好玩的vr，运行很流畅，画质很清晰，建议一次性买两台，这样就可以互相联机一起玩啦！
2024年4月16日 · 8+128G畅玩版,产品真的棒，真的帅气，身临其境的感觉，而且客服很到位，有什么需求会尽量满足，快速入手吧
2024年6月13日 · 8G+128G畅玩版,媳妇送我的生日礼物�，马上就打开玩了！体验超棒，运行稳定，特别开心的一个生日�满分好评
2024年6月26日 · 8G+128G标准版,送给朋友的礼物，实物包装非常科技感，适合送人，体验感极佳，希望pico还会出下一个系列
2024年6月7日 · 8G+256G畅玩版,太棒了！！！！！无敌好吧，满足了我的vr游玩需求，里面互动很多，关键是方便和好友一起玩
2024年7月14日 · 8G+128G标准版,好玩，用来健身库库消耗卡路里，嘿嘿，送的打折卡也没浪费，在应用市场买了几个游戏，勿辜负
2024年8月3日 · 8+256G畅玩版,犹豫了很久，最终还是选择了这款，没有选择错，非常值得购买，看电影感觉太棒了，非常清晰！
2025年1月6日 · 运动版,商品质量很好，孩子非常喜欢！卖家服务态度热情周到，发货速度快，非常满意这次的购物体验。
2025年5月15日 · 畅玩版,主要用来看电影/电视，观看效果很好，操作顺手，还能看得到现实环境。VR串流玩游戏待测试
2025年5月26日 · 全能版  主机*1+腿部追踪器*1+4应用+便携包*1+PU泡棉*1,东西没啥问题，物流都快。但p币发的磨磨唧唧，有点小幽默，最不耗时间的东西偏偏给不出来。
2025年6月19日 · 畅玩版,外观干净漂亮，做工很不错，这配送和到货速度简直绝了，包裹也保护得很好，使用体验感很好！
2025年6月29日 · 全能版Plus  主机*1+腿部追踪器*1+腰部追踪器*1+便携包*1+爱奇艺会员+4应用,使用方便，同一网络下可以直接看电脑上面的内容，刷抖音比手机、iPad用着观看好看很多。
2025年7月2日 · 天猫运动版,挺好比上一代提升挺大的，之前我用的是neo3，感觉挺好的，客户态度很好，送的东西也很多
2023年10月3日 · 畅玩版8+256G,很不错，很好玩，画面很好，看电影也很好，小孩都抢着玩，个人喜欢厨房里的，小孩喜欢抢的
2023年11月15日 · 8G+256G畅玩版,特别好玩，之前就玩过觉得价格有些贵没买，赶上双十一果断下单，体验感很好，还送了游戏。
2023年9月21日 · 8+128G,运行流畅，分辩率很高，视角也大，内容丰富，还是值得入手的。我戴眼镜，体验感也很不错！
2024年1月5日 · 8+128G畅玩版,没玩过很新鲜，送老公的，游戏不会玩还能看个电影直播啥的，还没有摸透怎么玩，正在摸索中
2024年3月14日 · 8+256G畅玩版,这个大玩具很适合送人，男女老少咸宜，3d效果初次适应有点眩晕，总体赠送对象比较满意�
2024年4月8日 · 8+256G畅玩版,比较惊艳，感觉还不错，也比较好操作 不会很难 刚玩了一下 现在在充电 等下在研究一下
2024年5月23日 · 【畅玩体验派】8G+256G畅玩版,确实很好玩，打开新世界一样。有些游戏孩子也可以玩，头戴不种，戴眼镜玩也没有任何影响。
2024年5月24日 · 【畅玩体验派】8G+256G畅玩版,第一次体验vr，还是挺满意的。沉浸效果也不错，客服态度很好，不明白的问题都能及时解答
2024年5月25日 · 【性价比优选】8G+128G标准版,很震撼，足不出户就可置身野外的感觉真是很美妙，还有置身电影院第三排的感觉也是爽歪歪！
2024年6月18日 · 8G+128G标准版,东西很好，老公超级喜欢，作为礼物送给老公  估计没有哪个男孩子会不喜欢吧   哈哈哈
2024年7月27日 · 8+256G畅玩版,感觉很不错的，非常*真的效果，第一次玩vr感觉很新奇，很多还不会，之后再慢慢摸索吧。
2024年7月2日 · 8G+128G标准版,说实话也就那样把。看小电影的时候还是有点体验感。但是细节感觉不够。游戏没有玩。不知道
2025年5月21日 · 全能版Plus  主机*1+腿部追踪器*1+腰部追踪器*1+便携包*1+爱奇艺会员+4应用,非常不错啊，没想到国产也能做得这么好了有配套的应用商店，佩戴舒适戴着眼镜也能正常玩！
2025年6月19日 · 畅玩版,算是pico的忠实用户了，加上这个已经是入手的第三款设备了，继续期待未来的pico5
2025年6月20日 · 天猫运动版Plus  主机*1+腿部追踪器*1+腰部追踪器*1+爱奇艺会员+6应用,机器很好用，佩戴舒适显示效果很好，还赠了很多赠品和游戏，性价比十分不错，推荐大家购买
2023年10月5日 · 畅玩版8+256G,给男朋友买的生日礼物 ，他很喜欢，场景很真实，天天玩的暴汗，没有延迟 ，体验很好。
2023年11月13日 · 8G+256G畅玩版,期待很久的VR一体机 双十一便宜不贵 游戏很多 又能健身 质量还好 速度很快 不错
2023年8月12日 · 畅玩版8+128G,本次购买体验非常好，头部带着不重，很轻便，客服服务态度很好，画质很清晰，推荐推荐～
2023年8月14日 · 畅玩版8+256G,戴着又舒服又比较轻便，体验感非常好，既清醒又流畅，个人感觉是目前vr产业的不二之选
2023年8月22日 · 8+128G,眼镜还是很不错，中间出了小插曲，客服处理也很快，希望续航能跟上，可以玩的更持久一点
2024年12月24日 · 【加赠贴脸泡棉】运动版,真的不错，就是暂时生态差了一些，但是steam串流效果非常好，期待pico越做越好
2024年1月11日 · 8+128G畅玩版,特别好的体验，非常喜欢！图像清晰，音质也很棒，给全家带来了无穷的快乐，推荐大家购买
2024年1月21日 · 8+256G畅玩版,观望了好久终于下手了，不负所望，这款VR玩起来体验感很好，清晰度也不错，可以入手。
2024年1月30日 · 8+256G畅玩版,买回来之后安利了好几个朋友，很好玩，不爱运动的人平时玩这个也能锻炼身体，值得入手～
2024年3月23日 · 8+256G畅玩版,给老公买的生日礼物，很满意，是他想要的，每天都会玩，很开心，功能很多，体验感很好。
2024年3月31日 · 8+256G畅玩版,包装很好看，第一次玩vr很惊艳，就是感觉近视的确实配一下镜片会好些，还在继续探索中
2024年4月23日 · 8+128G畅玩版,感觉很不错。3d感很强，感觉很真实，就是要保护眼睛。刚玩有点小晕，总体还是很不错的
2024年5月23日 · 【性价比优选】8G+128G标准版,质量真的很不错，包装大气结实，客服灵沁和安荼荼应该点赞，百问不厌，及时回复，感谢！
2024年5月23日 · 【畅玩性价比】8G+128G畅玩版,颜值很高很好看，玩起来也很舒服。客服回复速度很快，也很耐心，物流很快，第二天就到了
2024年5月31日 · 【畅玩体验派】8G+256G畅玩版,视野清晰，VR现实感受很真实，游戏丰富，可以用来居家运动，近视的朋友要戴眼镜才可以
2024年6月15日 · 【性价比优选】8G+128G标准版,快乐厨房和实况钓鱼挺好玩的，身临其境的感觉，看电影和电影院场景一样，整体感觉不错！
2024年7月30日 · 8G+256G畅玩版,科技感十足，资源内容丰富，全景视频代入感很强很震撼，很超值的VR设备，孩子很喜欢。
2024年8月3日 · 8G+128G标准版,感觉很不错，很真实，第一次玩vr感觉很新奇，还有很多需要探索的慢慢来吧，总之很好！
2025年2月21日 · 【赠贴脸泡棉】全能版（主机*1+体感追踪器*1+4应用+便携包*1+PU泡棉*1）,买到了心仪的商品，物美价廉，质量好得没话说。物流顺畅，商家服务细致，售后服务靠谱。
2025年2月3日 · 运动版,我对这个商品的材质非常有信心，用了很久看起来还像新的一样，丝毫没有展现出任何瑕疵。
2025年3月8日 · 运动版,不如老款设计好，下巴漏光。。。。东西全都是老的，价格翻了一番。。。失败！不建议购买
2025年6月2日 · 全能版Plus  主机*1+腿部追踪器*1+腰部追踪器*1+便携包*1+爱奇艺会员+4应用,PICO 4收到货了，感觉整体设计很棒，画质清晰，使用体验也不错。客服态度非常好。
2023年10月4日 · 畅玩版8+256G,给男朋友买的生日礼物希望他会喜欢，我试了一下还蛮好用的，现在就下载点游戏来耍一耍
2023年11月10日 · 8G+256G畅玩版,期待已久终于等到双十一到货，两兄弟慢慢摸索，玩得停不下来，果然没介绍错，值得拥有
2023年11月13日 · 8G+256G畅玩版,包装很精美，屏幕没有坏点，佩戴舒适，体验超级好，第一次用vr选择pico真的没错
2023年11月17日 · 8G+256G主机,朋友推荐的，双十一果断下单，送老公的生日礼物，表示非常满意，客户回复超级快，赞�
2023年11月19日 · 8G+256G畅玩版,体验感很新鲜，孩子玩得不亦乐乎。戴眼镜玩没什么特别影响，没有我想象的那么压鼻子。
2023年11月25日 · 8G+256G畅玩版,VR的原生态做得很好，就这一点就值得入手，这是帮朋友买了，可以联机玩游戏，不错！
2023年11月25日 · 8G+256G畅玩版,发货快，包装好，质量好，生态好，身边一群朋友都玩这个，pico 4价好，赶紧入手
2023年11月2日 · 8G+256G畅玩版,发货与物流很快，11.2晚上就已经到手上。耗电稍微快了一些。更新系统，准备试玩。
2023年11月4日 · 8G+256G畅玩版,挺好的 全家都抢着玩 就是游戏太贵了 有点舍不得 可以健身 看电影 体验感非常好
2023年11月8日 · 8G+256G畅玩版,画质很清晰 ，玩起来也没有眩晕的感觉 ，本来以为买回来会落灰 没想到越玩越喜欢。
2023年11月9日 · 8G+256G畅玩版,产品很有科技感，戴着不头晕，很贴合。用来听音乐跳操的，老公用来玩游戏，都很满意。
2023年9月8日 · 畅玩版8+256G,孩子喜欢很久了这次当生日礼物给他，喜欢的不得了呢！操作起来也很简单方便，给力！！
2024年12月9日 · 全能版（主机*1+体感追踪器*1+4应用+便携包*1+PU泡棉*1）,刚收到好好玩，感觉打开了新世界大门进入了虚拟世界，本来买来画画的发现玩游戏也不错
2024年1月8日 · 8+256G畅玩版,送给弟弟的礼物，包装很精致有质感，设备游戏还在体验中期待能有一个快乐得游戏时光！
2024年3月8日 · 8+256G畅玩版,操作方便 体验拉满 玩游戏 看视频 看直播都可以 客服小姐姐也很热心 满分好评！
2024年3月9日 · 8+256G畅玩版,商品收到了，包装非常好，物流态度也很不错，商品收到后质量没有问题，游戏体验感极好
2024年6月5日 · 【畅玩性价比】8G+128G畅玩版,第一次在网上购买，也是看评价才买的，质量还不错，也很便宜，有需要的朋友可放心购买
2024年7月17日 · 8G+128G标准版,好玩，爱玩，好久没有了解vr了，没想到现在比之前好了不少，这下能狠狠玩vr游戏了
2025年1月23日 · 运动版,体验非常好，孩子非常喜欢，画面非常清楚，反应也很灵敏，打开了新世界的大门，好评！
2023年10月1日 · 畅玩版8+256G,很好玩  没买错哦   喜欢的下手吧    很划算  游戏超级多 看电影也很好
2023年11月10日 · 8G+256G畅玩版,�收到立马打开看了一下，非常不错，质量超好，颜值又高�，推荐推荐�超级好玩儿。
2023年11月3日 · 8G+256G畅玩版,货收到啦，第一时间就打开试玩，很好玩，超级开心，必须好评，推荐给好朋友一起玩儿
2023年11月4日 · 8G+256G畅玩版,�心仪已久，果断下手，用过之后感觉很不错，是正品，快递也很给力，果然名副其实�
2023年11月6日 · 8G+256G畅玩版,第一次入手vr设备.体验很新奇很好玩，有很多好玩的游戏，看视频像在电影院的感觉
2023年11月6日 · 8G+256G畅玩版,第一次用。体验感不错。就是玩某些游戏有点头晕。客服说适应断时间就行。后期再看看
2023年9月13日 · 畅玩版8+128G,东西很好，快递速度很快一天就到了，送的游戏很好玩，已经下载好了。清晰度也可以。
2023年9月20日 · 8+256G,效果还可以，佩戴舒适 也不重 沉浸感很强，送的游戏打拳很爽，国货崛起，冲冲冲！
2023年9月2日 · 畅玩版8+128G,发货很快隔天就到了 很喜欢 在家也能体验vr了 根本停不下来 还能刷抖音看电视
2024年12月7日 · 畅玩版,很惊艳的效果啊！男朋友的生日礼物他很喜欢 。用它玩游戏真的会上瘾，科技的力量！
2024年4月23日 · 8+256G畅玩版,安装好了 很好玩 也很喜欢这款 让人身临其境的融入到游戏中 还可以健身 太赞啦
2024年6月3日 · 【畅玩性价比】8G+128G畅玩版,机器挺好，试了几个游戏，看了一下电影，都还可以，等有时间再试试其他功能，好评。
2025年1月19日 · 运动版,总体来说比较满意，调整好之后画面比较清晰，赠品很实用，希望下代产品能继续进步。
2025年6月20日 · 天猫运动版,用着还不错，比quest用着方便多了，618活动很不错，加上返卡活动价格很美丽
2025年7月1日 · 全能版  主机*1+腿部追踪器*1+4应用+便携包*1+PU泡棉*1,东西真心不错，买了后，全家一起玩，真的不一样的体验，东西也非常不错，值得购买。
2023年11月12日 · 8G+256G畅玩版,刚收到就玩了很久，里面的乒乓球游戏很值得买，看视频体验很新奇，很推荐大家购买
2023年11月13日 · 8G+256G畅玩版,同事的pico3借孩子玩 双十一入手pico4 更轻 更清晰 感觉速度也更快
2023年11月14日 · 8G+256G畅玩版,第一次购买vr、效果还不错、身临其境的感觉、直播视频很清晰、游戏制作的也很棒
2023年11月3日 · 8G+256G畅玩版,东西收到了，挺好用的，第一次买vr用品，刚进去挺刺激的，双11还送了贴脸泡面
2023年11月6日 · 8+256G,体验感真的很不错，每天都大汗淋漓，那个眼罩可以多买一个，汗水打湿可以更换洗晒
2023年12月30日 · 8+128G畅玩版,效果达到预期，眼镜放在里面也合适，用起来没有不舒服，目前正在探索更好玩的东西
2023年8月5日 · 8+128G,好玩好玩，画面清晰，丰富资源，不错的体验，哈哈哈哈哈哈哈哈哈哈哈哈哈哈哈哈哈
2024年1月31日 · 8+128G畅玩版,特别好玩 游戏很多 视野效果挺不错的 操作很灵活 可玩性很强 不错哦哦哦哦哦
2024年2月15日 · 8+256G畅玩版,宝贝很不错，手柄很灵敏，画面很流畅，质感很好，设备使用感受很不错，五星好评！
2024年2月26日 · 8+256G畅玩版,画质很清晰，体验感很强，戴眼镜也能玩，物流也很快，两台一起玩更好玩，五星好评
2024年2月2日 · 8+256G畅玩版,一收到就开始玩玩起来，画面清晰，感觉身临其境，音效互动感都非常好，值得购买！
2024年2月3日 · 8+256G畅玩版,宝贝手感很好，有分量，非常满意，儿子玩的大呼小叫不亦乐乎，希望有更多的资源。
2024年2月8日 · 8+128G畅玩版,简直不要说太牛，拿到就开始抢着玩，操作非常简单，体验感超强，感叹一句科技啊！
2024年5月23日 · 【畅玩体验派】8G+256G畅玩版,手柄手感很好。看电影很爽，有影院的感觉。送了一个海绵垫，可以替换着用，很好。
2024年5月31日 · 8G+128G标准版,挺好玩的，主要用来看视频，没想到还能看抖音，初次见还是很震撼的，希望有下一代
2024年8月11日 · 8G+128G标准版,这游戏玩着还可以，第一次进去的时候确实非常震撼，让我看看还有什么好玩的地方吧
2025年2月14日 · 【赠贴脸泡棉】运动版,不错，打开了新世界，主玩音乐游戏，画面略微有点糊，不错还能接受，主要玩游戏性
2025年5月31日 · 天猫运动版Plus  主机*1+腿部追踪器*1+腰部追踪器*1+爱奇艺会员+6应用,这款vr。真实体验感太强了。 真的一样。强力安利。价格还实惠。兄弟们冲冲冲。
2025年6月15日 · 畅玩版,不知道该怎么说 国补后的价格非常合适了 但是用起来体验还是一般 过段时间追评
2023年10月13日 · 畅玩版8+256G,第一次购买 看视频还行 总体体验感还可以 准备入手一些看着还喜欢的游戏玩玩
2023年10月8日 · 畅玩版8+256G,宝贝相当不错，画面真实而且不累眼，和大几百的没法比，内容丰富多彩，值得推荐
2023年11月10日 · 8G+256G畅玩版,给家里小朋友买的，小朋友很喜欢，操作很流畅，客服态度很好，很棒的购物体验。
2023年11月11日 · 8G+256G畅玩版,第一次接触VR一体机，中间有点小插曲也都完美解决了，整体使用来说还挺好玩的
2023年11月4日 · 8G+256G畅玩版,物流很快！！！！包装也很棒！！！机子看起来也不错！！开始体验vr咯！！！！
2023年11月7日 · 8G+256G畅玩版,被别人种**的，双十一活动赶紧入手了一个，非常划算，这款VR眼镜太好玩了！
2023年8月13日 · 畅玩版8+256G,体验感很好，适合运动休闲，续航能力一般但是可以自己买线充电玩，快一起加入吧
2023年9月8日 · 畅玩版8+256G,可玩性很强，客服服务态度也好，刚玩会有点不适应，多玩几次就好很多了，很不错
2024年1月27日 · 8+256G畅玩版,买给娃的生日礼物，收到就迫不及待打开玩了，娃研究了一会儿就知道怎么玩了哈哈
2024年4月2日 · 8+256G畅玩版,视觉效果还是挺好的，操作也简单易懂，可以玩游戏，看视频，期待解锁更多功能。
2024年5月13日 · 8+256G畅玩版,功能很强大，游戏，看视频、电影都可以，孩子非常喜欢，每天用VR运动半小时！
2024年5月22日 · 【畅玩体验派】8G+256G畅玩版,之前买的Quest，玩的有点不顺，看评价这款不错，试试看吧，玩后再来评价。
2024年6月11日 · 8G+256G畅玩版,玩一会就头晕目眩……？我也不晕3D啊…… 电脑配置不行，还是得串联的才好玩
2024年6月12日 · 8G+128G标准版,质量真是很不错，戴起来体验感很不错，科技感十足，孩子也很是喜欢，非常满意哈
2025年7月10日 · 天猫运动版Plus  主机*1+腿部追踪器*1+腰部追踪器*1+爱奇艺会员+6应用,非常棒！不愧是大牌子，价格实惠体验好，希望后续能更新更多的vr/mr生态。
2025年7月2日 · 天猫运动版,很好玩很好玩，真的很爽，对比我之前用的提升感觉非常大，618活动买的很便宜
2023年11月16日 · 8G+256G畅玩版,显示很清晰，操作简单，赠送的游戏可玩性高，娱乐的同时还能健身，物超所值。
2023年11月3日 · 8G+256G畅玩版,已经买了第二台了，这次打算玩联机游戏，单机游戏玩腻了，两个人的游戏才好玩
2023年11月5日 · 8G+256G畅玩版,机器很好，物美价廉，玩游戏看电影嘎嘎爽，强烈推荐大家购买，也送了很多游戏
2023年8月26日 · 畅玩版8+256G,早就想买了产品质量很好，用起来也很棒，终于下单了也挺流畅的人生中第次好评
2023年9月27日 · 畅玩版8+128G,客服人员非常的耐心，回答了不少的问题。机器今天收到了，开始使用感觉不错！
2024年1月29日 · 8+128G畅玩版,宝贝很漂亮，刚买回来看不懂设置，客服很有耐心一步一步截图教我，，很感谢！
2024年3月23日 · 8+256G畅玩版,游戏太好玩了，一生中最好的vr，里面的游戏很好玩，还能语音通话，无敌了。
2024年6月10日 · 8G+128G标准版,产品非常棒观感很不错很喜欢的一个vr眼镜，价格也非常实惠，非常推荐购买！
2024年6月29日 · 8G+256G畅玩版,vr超级好玩，用来看电影也很好，普通视频软件也可以放成电影院巨幕一样观看
2024年6月4日 · 【性价比优选】8G+128G标准版,游戏更好玩，戴起来舒适度很好，非常不错，不会很重，舒服，玩起来很尽兴哈~
2024年6月5日 · 8G+128G畅玩版,vr的封闭性非常好，沉浸感也特别足，还没有试过串联。画面如果再清晰点更好
2024年7月7日 · 8G+128G畅玩版,东西收到了，准备送别人的礼物，还没机会拆开试用，包装很好，客服态度也很好
2025年2月24日 · 【赠近视镜片】标准版,非常好的体验！打开了新世界的大门！看视频小说玩游戏都非常不错！推荐推荐！
2025年3月25日 · 全能版  主机*1+腿部追踪器*1+4应用+便携包*1+PU泡棉*1,之前玩 q 现在玩 p 各有各的好吧 这个不用折腾 挺方便起码 后续追评
2023年11月3日 · 8G+256G畅玩版,画面清晰，内容也挺有意思的，挺好的一款头显，孩子很喜欢，绑的也很紧实。
2023年8月14日 · 畅玩版8+256G,佩戴挺便捷，视觉效果也挺好的，玩了几个游戏，试了试看电影，感觉都不错！
2023年9月13日 · 8+128G,体验很好，性价比很高，也送了很多游戏，看视频的体验很新奇，大家都来买�
2024年4月26日 · 8+256G畅玩版,画面看着蛮清晰的，手柄定位也很准确，玩游戏一点也卡很流畅，客服人也很好
2024年4月7日 · 8+256G畅玩版,在朋友家试玩了一会儿，太好玩了，果断入手，观看视频电影视频也是非常赞，
2024年6月22日 · 8G+128G畅玩版,三次购买，我觉得也没必要说得太多，实际行动已经说明一切，这次买了两台。
2024年6月24日 · 8G+256G畅玩版,买来送老婆的 超级喜欢 vr 体验超棒 能玩的游戏也很多 推荐推荐！！
2024年8月8日 · 8G+128G畅玩版,新奇的体验，VR游戏很好玩，3D视频沉浸感很强，互动应用有很高参与感。
2025年1月3日 · 运动版,送给队友的生日礼物，沉浸式体验，效果非常好，内置游戏也很多，非常推荐！
2025年2月6日 · 运动版,给孩子买的新年礼物，总体使用感受很满意，图像清晰，质感不错！推荐购买！
2025年6月13日 · 畅玩版,别的都要，就是中间那根带子太难受了，玩一会儿就变中分，必须用第三方头戴
2023年11月10日 · 8G+256G畅玩版,超乎想象，非常神奇，手柄配合也非常到位，可以做一个运动休闲的好玩具！
2023年11月10日 · 8G+256G畅玩版,送给孩子的生日礼物，孩子很喜欢说比在外面店里玩清楚很多，很满意不错！
2023年11月19日 · 8G+256G畅玩版,很不错，体验很棒。送了很多东西还有游戏，能看电影也能运动，性价比高。
2023年11月4日 · 8G+256G畅玩版,我姐之前买了一个，推荐来买的，确实不错，还送了很多款游戏，体验不错的
2023年11月9日 · 8G+256G畅玩版,很震撼，感觉已经很好了，可以在家里看电影院的感觉，游戏在多点就更好了
2024年12月27日 · 【加赠贴脸泡棉】全能版（主机*1+体感追踪器*1+4应用+便携包*1+PU泡棉*1）,效果非常满意。第1次接触很好上手。前后均匀重量也没有很重。值得购买。
2024年4月21日 · 8+256G畅玩版,vr眼镜很棒。孩子很喜欢 物流也很快 到家就迫不及待的玩上了 很满意
2024年4月25日 · 8+256G畅玩版,体验感很好啊，那个动感音律真的好适合健身啊，如果能再多些歌曲就更好了
2024年4月3日 · 8+256G畅玩版,体验感很好，家人都很喜欢.就是电池待机时间不长，能改进些就更完美了！
2024年5月12日 · 8+256G畅玩版,画面比预想的要好亮度不错砂窗效应也不明显，此价位能做到这样超预期了。
2024年6月16日 · 8G+128G标准版,玩了一段时间了，很好玩，家里面大人孩子都喜欢，是近期最满意的一笔支出
2024年7月7日 · 8G+256G畅玩版,个人还是感觉不错，资源也丰富，上手还行，希望会有更多资源更新和维护！
2025年1月21日 · 运动版,佩戴舒适，速度反应快，场景真实，效果非常棒，期待VR的游戏越来越多。
2023年11月10日 · 8G+256G畅玩版,使用了一周，感觉还不错，游戏还挺好玩的，还可以串联游戏，都玩不过来
2023年11月11日 · 8G+256G畅玩版,很好玩，视觉感受可以，场景很美，玩游戏有劲，是一款休闲娱乐的好VR
2023年11月3日 · 8G+256G畅玩版,收到就开机简单试玩了一下，游戏体验很好，对比其他品牌还是留这款了～
2023年8月18日 · 畅玩版8+256G,东西收到了嘎嘎好用男朋友很喜欢很不错好的很性价比很好喜欢这个牌子的
2023年9月18日 · 畅玩版8+256G,画面清晰，可玩性非常好。重点表扬音效 音质非常好。身临其境的感觉。
2024年12月17日 · 标准版,东西非常好，系统流畅，游戏非常真实，看视频身临其境的感觉，非常刺激
2024年1月21日 · 8+256G畅玩版,送给老婆的生日礼物！非常喜欢，质量也没问题，可以自行下载游戏，超好
2024年2月17日 · 8+128G畅玩版,今天收到了，马上充电，体验了一下运动，非常棒，还有很多需要慢慢体验
2024年3月10日 · 8+128G畅玩版,很好的使用体验，身临其境，畅玩版还自带4款游戏，作为礼物送出非常好
2024年4月5日 · 8+128G畅玩版,刚到手试了一下 初步体验还不是很不错的 质感不错 设备轻量 好评！
2024年5月28日 · 【性价比优选】8G+128G标准版,买来看电影用的，插电使用会有风从里面往眼镜吹，戴久了眼镜会有点干。
2024年5月29日 · 8G+128G畅玩版,眼镜收到了 效果还不错。里边内容也很丰富。能多送几个运动的游戏最好
2024年6月22日 · 8G+128G标准版,发货很快，第三天就收到货了，vr眼镜显示效果很不错，使用体验很棒。
2024年7月23日 · 8+128G标准版,超出预料了，非常好用，显示也很清晰，很流畅，到手开机就能用，是正品
2024年7月3日 · 8G+128G标准版,产品外观很时尚很好看 清晰度也可以 手柄流畅 体验感很好 身临其境
2024年7月6日 · 8G+128G畅玩版,(σﾟ∀ﾟ)σ哇好精致，娃特别喜欢，为了今天开箱期待好久了，好棒！
2024年8月10日 · 8G+256G畅玩版,挺好玩的，长时间不运动，玩游戏运动一下也挺好的，期待更多的游戏上新
2025年1月2日 · 全能版（主机*1+体感追踪器*1+4应用+便携包*1+PU泡棉*1）,朋友很喜欢，说太震撼了！！推荐大家购买。我自己用的是2，也挺好的！
2025年4月29日 · 天猫运动版,比4画面清晰了不少，手柄变轻了，使用上舒适感也提高很多。支持国产！
2025年5月18日 · 畅玩版,挺好的，很好用，客服回复也很及时，推荐大家玩玩射击游戏凛冬，很好玩
2025年6月22日 · 天猫运动版,这次趁活动优惠赶紧入手，体验了一下运行流畅反应快，显示效果也有不错
2025年6月27日 · 全能版Plus  主机*1+腿部追踪器*1+腰部追踪器*1+便携包*1+爱奇艺会员+4应用,商品质量不错，卖家服务态度很好，发货速度快，整体购物体验非常满意！
2023年11月11日 · 8G+256G畅玩版,pico4戴起来舒服，玩游戏，沉浸感很好，画面清晰，很快就能上手
2023年11月4日 · 8G+256G畅玩版,618给孩子买了一个玩了几次挺好玩，这次趁活动给自己也买一个玩。
2023年11月4日 · 8G+256G畅玩版,pico4到手了，小孩子很喜欢，3D体验感很不错，值得推荐购买。
2023年11月4日 · 8G+256G畅玩版,孩子爱不释手，游戏也挺有意思的，画面好，看电影就更爽了，推荐购买
2023年11月6日 · 8G+256G畅玩版,发货很快，拿到赶紧试用，还蛮好玩的，打游戏，过山车，还在摸索中。
2023年8月23日 · 8+128G,基本上用着不错，手感还算丝滑.但是WiFi连接和孔距调节有待改进
2024年12月22日 · 【加赠贴脸泡棉】全能版（主机*1+体感追踪器*1+4应用+便携包*1+PU泡棉*1）,效果非常满意 第一次接触比较好上手。前后配重均匀佩戴不累值得购买
2024年3月4日 · 8+128G主机,发货很快很快 收到很不错 我要开始研究啦啦啦啦啦啦啊啦感觉很炫酷
2024年6月18日 · 8G+256G畅玩版,给儿子买的礼物，儿子非常喜欢，使用容易上手，很好玩，体验感不错�
2024年6月27日 · 8G+256G畅玩版,这种好东西怎么才告诉我，全家男女老少没有不喜欢的，这个钱花的值～
2024年8月1日 · 8G+256G畅玩版,符合预期！沉浸式玩乐！确实不错！4比3的体验感好很多！推荐！推荐
2024年8月25日 · 8G+128G标准版,确实ui的体验很流畅，发展到今天已经很成熟。如果再轻一点就好了。
2025年1月19日 · 运动版,非常棒，一年前买过一个，用着很好，现在有新型号了，在来一个，哈哈
2025年1月5日 · 运动版,收到了，与介绍一模一样，还有新年大礼包，很超值。享受游戏了，好评
2025年4月3日 · 天猫运动版Plus  主机*1+腿部追踪器*1+腰部追踪器*1+爱奇艺会员+6应用,进入了奇妙的世界，体验感很棒！客服也很耐心，有问必答。物超所值！
2023年11月14日 · 8G+256G畅玩版,好产品、好品质、好服务，宝贝确实值这个价钱，在这给商家点个赞�
2023年11月5日 · 8G+256G畅玩版,很好玩，已经玩上了，不头晕，希望可以不积灰，希望游戏可以出多点
2023年11月5日 · 8G+256G畅玩版,观看视频效果很好，玩游戏也还不错就是不能看时间太长，会有眩晕感
2023年8月22日 · 畅玩版8+128G,做工材料精致精细，游玩体验很爽，带上它，我就知道我是头号玩家了
2024年12月28日 · 【加赠贴脸泡棉】运动版,收到货啦，物流速度一般，试用了下感受还是不错的，没电了充会再玩
2024年1月25日 · 8+256G畅玩版,很好玩，有娱乐性，不要长时间佩戴就行，要注意瞳距，不然会不舒服
2024年3月31日 · 8+128G畅玩版,赞，很可以，玩游戏很有代入感，包装盒的厚度震惊我了，十分优秀。
2024年4月22日 · 8+128G畅玩版,男朋友过生日送他的礼物 真的很不错 玩游戏还可以运动 值得购买
2024年4月5日 · 【赠近视镜片】8+128G标准版,非常好 性价比很高 设计也很漂亮 还赠送游戏 里面资源也很丰富
2024年5月25日 · 【畅玩性价比】8G+128G畅玩版,顺丰送到家的，速度非常快。 男朋友拿到可开心啦 售后服务也很好
2024年6月15日 · 8G+128G畅玩版,非常不错，包装也非常的不错，售后的服务也非常不错，及时解决问题
2024年6月28日 · 8G+256G畅玩版,vr眼镜操作简单，游戏和运动的体验不错，客服耐心解答，真心推荐
2024年6月29日 · 8G+256G畅玩版,东西到了，摸着很有质感，小朋友很爱很爱，期待接下来的游戏体验！
2024年6月3日 · 【性价比优选】8G+128G标准版,物超所值，显示效果很好，系统流畅。商城里游戏很多，也经常有优惠
2024年6月5日 · 8G+256G畅玩版,刚开始玩头晕，画面还比较清晰。小孩比较喜欢。就是射击类有违和感
2024年7月1日 · 8G+256G畅玩版,包装很好，画质也清晰，体验感拉满，送老公的，开心的像个**……
2024年7月5日 · 8G+128G畅玩版,非常不错的。。。。物流很快。。。。很喜欢玩。。。。。。。。：。
2025年1月21日 · 畅玩版,挺不错的沉浸式体验。重量也还行，游戏挺好玩的�会推荐朋友也购买
2025年4月8日 · 天猫运动版,非常好 还有优惠补贴 还有国补 其实体验下来很稀奇 超有沉浸感
2025年7月2日 · 畅玩版,不错 挺好玩的 vr多合一运动最好玩 就是别的射击类的一些很晕
2023年11月11日 · 8G+256G畅玩版,孩子玩得很开心，质量很好，自带有几个游戏，还需要自己购买游戏
2023年11月14日 · 8G+256G畅玩版,终于收到了，摸了一下感觉就会弄了，很好玩的东西，值得慢慢研究
2023年8月11日 · 畅玩版8+128G,沉浸式体验很强，一家人都非常喜欢��������������
2023年8月21日 · 8+128G,商品收到了，体验感还不错，做工不错，容易上手，客服也很耐心教
2023年8月23日 · 畅玩版8+256G,宝贝收到了，很喜欢，视觉效果特别棒，以后还会选择pico的！
2024年1月19日 · 8+128G畅玩版,买到办公室给同事体验了一下很好玩哈哈！同事们都很喜欢说很值得
2024年1月27日 · 8+128G畅玩版,掌柜的服务态度真好，发货很快。商品质量也相当不错， 宝贝不错
2024年4月13日 · 8+128G畅玩版,很不错的一款头显，分辨率高，运行流畅，官方的串流也简单方便。
2024年4月26日 · 8+256G畅玩版,商品非常好非常棒，值得购买，孩子也非常喜欢，真心推荐给大家哦
2024年5月4日 · 8+128G畅玩版,东西还行不错 外观也很好看 画面还行 东西也不沉 整体不错�
2024年8月11日 · 8G+256G畅玩版,买个对象玩的，一开始对象还很抗拒，现在么玩得必谁都欢昂！！！
2024年9月27日 · 运动版,快递非常快，下单两天就到了，包装很精致，非常的不错，正在试玩
2025年5月31日 · 全能版Plus  主机*1+腿部追踪器*1+腰部追踪器*1+便携包*1+爱奇艺会员+4应用,试玩了一下完全不会晕，游戏也挺好玩的，可以看电视看小说都可以
2023年11月8日 · 8G+256G畅玩版,使用方便，操控灵活，好玩，待机时间还不错，双十一活动给力。
2024年11月14日 · 12G+256G运动版,女儿要了很久，趁双十一入手了，可以玩游戏可以看视频，好评！
2024年11月3日 · 【赠体感追踪器】标准版,超级好。神器。。比PICO4强大很多！爱不释手   哈哈哈
2024年12月22日 · 【加赠贴脸泡棉】全能版（主机*1+体感追踪器*1+4应用+便携包*1+PU泡棉*1）,非常完美的产品，大小朋友都爱不释手，寒假期间可以放开玩耍啦
2024年1月21日 · 8+256G畅玩版,感觉好真实啊，特别喜欢，我爱人也喜欢。你值得拥有。好开心哦
2024年3月26日 · 8+256G畅玩版,想买很久了 一直在考虑，终于拿下了，和想象中一样，非常棒。
2024年4月21日 · 8+256G畅玩版,拿回家，孩子就玩到电用完呢，不错，VR带着走进你想要的世界
2024年5月26日 · 【性价比优选】8G+128G标准版,感觉pico4的技术已经很成熟了，真的找不到理由买Q系列了
2025年1月12日 · 全能版（主机*1+体感追踪器*1+4应用+便携包*1+PU泡棉*1）,發貨快，收到貨質量很好，帶上去的泡棉很舒服，玩遊戲體驗很爽
2025年1月16日 · 全能版（主机*1+体感追踪器*1+4应用+便携包*1+PU泡棉*1）,东西非常的好，游戏下载什么的都很方便，很好的一次购物体验。
2025年2月7日 · 【赠贴脸泡棉】运动版,感觉不错，带上后也可以查看周围环境，有许多应用游戏可以选择
2023年7月21日 · 畅玩版8+128G,很不错，带上去很真实，之前就体验过，一直想买，感觉很不错
2024年1月20日 · 8+128G畅玩版,不错不错，之前试玩过这次直接入手咯！感觉很好玩～包装不错
2024年3月5日 · 8+128G主机,vr效果很惊艳，完全沉侵式体验，家人很喜欢，又买了第二个
2024年5月11日 · 8+256G畅玩版,好玩，给老公的生日礼物，他非常喜欢，收到到现在爱不释手的
2025年1月27日 · 全能版（主机*1+体感追踪器*1+4应用+便携包*1+PU泡棉*1）,包装很严密，机器开机比较流畅，送了四款游戏，体验挺不错的
2025年4月23日 · 天猫运动版Plus  主机*1+腿部追踪器*1+腰部追踪器*1+爱奇艺会员+6应用,支持国产，非常不错的一次购物体验，希望国产vr能越做越好
2025年6月16日 · 全能版  主机*1+腿部追踪器*1+4应用+便携包*1+PU泡棉*1,看360°的视频看风景很爽 操作也简单 各种软件也挺丰富
2023年11月19日 · 8G+256G畅玩版,趁着双十一优惠入手，屏幕清晰，看剧、串联、游戏都不错。
2024年12月27日 · 【加赠贴脸泡棉】运动版,还不错，游戏挺多的，也不贵，朋友推荐的，可以互动一起玩
2024年5月6日 · 8+128G标准版,场景很酷很*真 体验感非常好！！就是玩久了可能会有点晕
2024年9月7日 · 运动版,东西收到啦，快递很快，包装很棒，因为要送人就没有打开。
2025年4月13日 · 天猫运动版Plus  主机*1+腿部追踪器*1+腰部追踪器*1+爱奇艺会员+6应用,要买的人注意，deovr目前不支持pico4ultra
2025年6月2日 · 畅玩版,颗粒感还是比较大 没有苹果的清晰好在便宜够用要什么飞机
2023年11月17日 · 8G+256G畅玩版,很好玩 看电影也很舒服 十分推荐 客服服务态度也很好
2023年11月27日 · 8G+256G畅玩版,还不错 看起来 就是电量管不了很久 很多东西都需要买
2023年12月25日 · 8+256G畅玩版,挺好玩的，第一次玩过山车还有点晕，客服回复也比较及时
2023年12月29日 · 8+256G畅玩版,迫不及待打开看看，设备很好，游戏也很丰富，值得下单！
2024年1月28日 · 8+128G畅玩版,机子拿到手很高级 画面也很好，游戏也很多，推荐推荐！
2024年2月23日 · 8+128G畅玩版,购物体验极其差，开个发票各种无理要求，到现在还不给开
2024年3月21日 · 8+256G畅玩版,超级好玩，就是刚上手有点头晕恶心，那也好玩，值得购买
2024年6月22日 · 8G+256G畅玩版,收到货了！视觉效果不错，游戏可玩性高。功能继续开发中
2024年6月29日 · 8G+128G标准版,挺好的，若是可以根据我的眼睛自动实时调节瞳距就更好了
2024年8月8日 · 8G+256G畅玩版,我没玩，给我老公的生日礼物，他喜欢的不得了，特别爱玩
2025年3月20日 · 【赠近视镜片】全能版（主机*1+体感追踪器*1+4应用+便携包*1+PU泡棉*1）,跟描述的是一样的，很显高档，要买的朋友可以一起下单！
2025年6月16日 · 畅玩版,相当不错的购物体验。设备对于戴眼镜的人来说也十分友好
2025年6月18日 · 天猫运动版Plus  主机*1+腿部追踪器*1+腰部追踪器*1+爱奇艺会员+6应用,试用了一周吧，基本没有眩晕感了，画面还行，略低于预期
2025年7月5日 · 全能版  主机*1+腿部追踪器*1+4应用+便携包*1+PU泡棉*1,进入虚拟世界，太美妙的感觉！减压！有趣！爱了！爱了！
2023年11月13日 · 8G+256G畅玩版,东西收到了玩的挺好的�东西不错�卖家服务态度也很好
2023年11月16日 · 8G+256G畅玩版,另一个世界，太*真了�下载了钓鱼、乒乓球，值得购买
2023年11月18日 · 8G+256G畅玩版,太棒了，给孩子买的，孩子喜欢，我也喜欢！身临其境！
2023年11月4日 · 8G+256G畅玩版,体验感很不错，运动游戏达到减肥效果，家人都很喜欢玩
2023年12月24日 · 8G+256G畅玩版,买回来给爸妈玩儿的，不错操作蛮简单易懂的，容易上手
2024年11月7日 · 【赠体感追踪器】标准版,两台齐活，每天跟老婆打打兵乓球，拼拼拼图。不错不错
2024年12月16日 · 标准版,健身效果很好，比请健身教练划算多了，应用丰富，点赞
2024年12月18日 · 运动版,非常哇塞，新手很容易上手，游戏特别过瘾，感官很酷。
2024年3月31日 · 8+128G畅玩版,挺有意思，体验过很多vr眼镜，pico还是很不错的
2024年4月5日 · 8+128G畅玩版,很好玩，非常真实，最喜欢钓鱼游戏，体验感很好，推荐
2025年1月20日 · 全能版（主机*1+体感追踪器*1+4应用+便携包*1+PU泡棉*1）,整体感觉挺不错的  就是待机时间再长些就好了 满意
2025年1月26日 · 运动版,送给小朋友的新年礼物 特别喜欢 游戏体验感很好 �
2025年2月27日 · 【赠近视镜片】畅玩版,礼物包装精美，质感超棒，送人的选择，感觉很有面子。
2025年6月24日 · 全能版Plus  主机*1+腿部追踪器*1+腰部追踪器*1+便携包*1+爱奇艺会员+4应用,基本满足对VR的影视游玩需求 更多的功能还在摸索中
2025年6月28日 · 畅玩版,非常好用，这玩意儿也太好用了吧！操作起来忒方便了！
2023年11月19日 · 8G+256G畅玩版,满意，好玩，喜欢！很有趣，还在犹豫的赶紧下单吧！
2023年11月23日 · 8G+256G畅玩版,很有意思，就是还没搞明白怎么跟电脑串流就能操作了
2023年9月3日 · 8+128G,很不错  使用的第二个 vr产品。功能方便了许多
2024年12月17日 · 全能版（主机*1+体感追踪器*1+4应用+便携包*1+PU泡棉*1）,东西很不错，我媳妇和孩子非常喜欢玩，希望越做越好
2024年1月29日 · 8+256G畅玩版,给妹妹买的礼物，她非常喜欢，以后就是锻炼神器了。
2024年6月10日 · 8G+256G畅玩版,很好玩真的巨好玩，有些游戏稍微有一点点晕可以调整
2024年8月8日 · 8G+128G畅玩版,开机看了一下，还可以，等赠送游戏到了再体验一下。
2025年1月22日 · 运动版,被种**，包装很精美，体验感也很好，相当满意了～
2025年1月25日 · 运动版,期待值拉满，很好玩，都放不下来，一边玩一边充电。
2025年2月26日 · 【赠近视镜片】标准版,第一次用，vr影源就像真人站你面前，确实震撼到我
2025年2月8日 · 标准版,使用起来还可以   看起来也还算清晰  不错不错
2025年6月11日 · 畅玩版,包装很好  客服很给力  有求必应  还在研究中
2025年6月14日 · 畅玩版,随便一包装 一点不用心 破损了商家也不管 说用着
2023年11月4日 · 8G+256G畅玩版,送的游戏还是挺好玩的，看视频也很爽，支持一下。
2023年11月5日 · 8G+256G畅玩版,试了一下，屏幕很清晰，全新未拆封的，真的很好玩
2023年9月6日 · 畅玩版8+256G,送的游戏还是挺好玩的，看视频也很爽，支持一下。
2025年2月17日 · 【赠贴脸泡棉】运动版,很好用 很好玩 体感*真  颜值很高 宝宝喜欢
2025年4月28日 · 天猫运动版,设备很好，就是送的游戏不喜欢又不能换等价值游戏
2025年6月16日 · 畅玩版,画质清晰，体验稳定，优惠力度大，现在可以入手。
2023年11月4日 · 8G+256G畅玩版,三个孩子三台VR，从此和手机说拜拜��怒推！
2023年11月4日 · 8G+256G畅玩版,好玩儿，用起来眼睛不是那么累，看手机太累了。
2024年1月5日 · 8+256G畅玩版,刚刚到货还没来得及开封 迫不及待想打开看看。
2024年7月28日 · 8G+128G标准版,打开了新世界的大门，体验非常棒，价格也实惠。
2025年1月16日 · 畅玩版,设备不错 我和女儿玩的都很开心 还在学习当中
2025年1月16日 · 运动版,拿到以后孩子就迫不及待玩起来了，科技感十足！
2025年1月4日 · 标准版,很好玩，体验感都很好，元旦拿下，全家都很喜欢
2025年6月2日 · 天猫运动版Plus  主机*1+腿部追踪器*1+腰部追踪器*1+爱奇艺会员+6应用,体验还不错，特别是mr的玩法体验，值得推荐。
2025年6月9日 · 天猫运动版,东西不错的哈，挺好用，新体验，比以前用过的号
2024年12月2日 · 运动版,太震撼了，超级喜欢啊，非常真实，家人都喜欢
2024年1月23日 · 8+256G畅玩版,宝贝体验非常棒，质感非常好，真心推荐！！！
2024年5月8日 · 8+256G畅玩版,挺好玩的。初次玩。哈哈，不太熟练。值得拥有
2024年9月21日 · 运动版,效果不错。看视频很好，VR是科技进步的阶梯
2025年1月6日 · 【加赠贴脸泡棉】运动版,寄过来的时候有点脏，不知道是不是二次销售的
2025年2月12日 · 【赠贴脸泡棉】畅玩版,非常新奇的体验，视野宽阔，佩戴感比较舒适。
2025年3月21日 · 【赠近视镜片】运动版,活动的价格浮动太大了，半个多月就差了好几百
2023年11月20日 · 8G+256G畅玩版,送朋友的乔迁礼物，她很喜欢，已经沉迷了。
2023年11月3日 · 8G+256G畅玩版,宝贝很好，客服态度很好，很不错的购物体验
2023年7月23日 · 畅玩版8+256G,第一次尝试VR，很新奇，放假在家玩玩不错
2024年12月30日 · 【加赠贴脸泡棉】标准版,不错不错很好玩  玩法很多 用来娱乐消遣
2024年3月28日 · 8+128G畅玩版,整体还不错，操作简单。活动价买比较划算。
2024年7月10日 · 8G+128G畅玩版,收到货啦，颜值高，操作便捷，体验感很好。
2025年2月8日 · 全能版（主机*1+体感追踪器*1+4应用+便携包*1+PU泡棉*1）,真的是太炫酷了 体验感非常棒 太好玩了！
2025年3月31日 · 全能版  主机*1+腿部追踪器*1+4应用+便携包*1+PU泡棉*1,现代风格，附件齐全，质量过硬，游戏沉浸。
2023年11月12日 · 8G+256G畅玩版,出乎意料的好，都不用去电影院看电影了！
2023年11月13日 · 8G+256G畅玩版,新鲜，好玩，可以看世界了。物流也超快。
2023年11月22日 · 8G+256G畅玩版,真的推荐啊，快递速度特别的快，爱了爱了
2023年11月6日 · 8G+256G畅玩版,晒一下单，开始试着玩，看看咋样！！！！
2024年2月27日 · 8+256G畅玩版,客服态度非常好屏幕清晰游戏好玩非常支持
2024年6月11日 · 8G+256G畅玩版,非常好，客服服务态度也相当不错值得推荐
2025年1月20日 · 运动版,玩儿的很带劲，送的眼镜真的送到了心趴上
2025年1月25日 · 标准版,产品感受很好。非常好玩。客服比较贴心。
2025年1月2日 · 【加赠贴脸泡棉】畅玩版,这个宝贝真的很好玩哟，比想象的更带劲.
2025年1月4日 · 运动版,目前没看到有啥问题，就是可惜这代没面捕
2025年3月25日 · 天猫运动版Plus  主机*1+腿部追踪器*1+腰部追踪器*1+爱奇艺会员+6应用,挺好玩的，主要是玩射击，体感器还没使用
2025年6月20日 · 天猫运动版Plus  主机*1+腿部追踪器*1+腰部追踪器*1+爱奇艺会员+6应用,机器很好用，显示效果很好，推荐大家购买
2023年10月13日 · 8+128G,看视频看综艺直播挺不错，游戏比较单一
2023年11月19日 · 8G+256G主机,眼镜挺好的，感觉看到了未来��‍♀️
2023年11月23日 · 8G+128G畅玩版,东西不错，希望能有官方的手机串流应用
2023年11月5日 · 8G+256G畅玩版,第一次体验VR带来的感觉还是挺震撼的
2023年7月25日 · 8+128G 畅玩版,有问必答，服务好， 功能齐全，质量高
2023年8月18日 · 畅玩版8+256G,赞赞赞，打算再入手一个，和对象一起玩
2023年9月12日 · 畅玩版8+128G,好，好玩，太好玩了！贼**好玩���
2024年11月3日 · 运动版,东西到了，十分期待效果(◦˙▽˙◦)
2024年1月3日 · 8+128G畅玩版,比爱奇艺的方便 不需要基站 随意转身
2024年4月5日 · 8+128G主机,五星好评，体验非常棒棒，给大家推荐哈
2024年8月23日 · 8G+128G畅玩版,太酷了，我男朋友非常喜欢，兄弟们快冲
2025年1月17日 · 运动版,还好还好还好还好还好还好还好还好还好
2025年1月29日 · 运动版,戴起来很舒服，眼镜框不大就可以直接戴
2025年1月8日 · 全能版（主机*1+体感追踪器*1+4应用+便携包*1+PU泡棉*1）,真的第一次接触，感觉不一样，挺好的！
2023年10月22日 · 畅玩版8+256G,简直是震撼，确实好用，一家人都想玩
2023年11月15日 · 8G+256G畅玩版,真不错 送的游戏好多 有一种真实感
2023年11月18日 · 8G+256G畅玩版,vr很好玩，包装也很好，值得购买！
2023年12月11日 · 8+128G畅玩版,目前的感官非常不错，很期待使用状况
2023年12月20日 · 8+256G主机,宝贝已收到 非常不错 体验感非常好
2023年8月11日 · 8+128G,已收货  包装完整 后期使用后追评
2023年8月28日 · 畅玩版8+256G,真的好惊喜啊。让我旷工玩游戏的一天
2024年12月30日 · 【加赠贴脸泡棉】标准版,物流很快 时尚感很强 十分期待拆开
2024年1月24日 · 8+256G畅玩版,很不错，教程上手很快，看电影很清晰
2024年1月3日 · 8+128G畅玩版,不错不错 很喜欢 包装很好 棒棒的
2024年8月11日 · 8G+256G畅玩版,非常好玩，场景模拟很真实，爱不释手
2025年1月21日 · 运动版,体验很好，游戏也很多  无卡顿延迟
2023年11月2日 · 8G+256G畅玩版,双十一最期待的东西，隔天就到了！
2023年12月17日 · 8G+256G畅玩版,画质非常好，赠送的游戏也非常好玩
2024年2月13日 · 8+128G畅玩版,很高清，玩游戏和看电影都很享受。
2024年6月15日 · 8G+128G标准版,收到后第一时间体验了 效果很好！
2025年2月17日 · 【赠贴脸泡棉】运动版,做了一些功课才下手 买来送朋友的
2025年2月24日 · 【赠近视镜片】运动版,感觉很新奇还挺好用的 适合送家人
2025年3月4日 · 【赠近视镜片】畅玩版,新的收纳盒比之前的还要更小更轻便
