时间及产品型号,评论内容
2023年10月11日 · 钛空光学眼镜【新品上市】,一直没有发货，只能退了，店家服务很好
2023年10月14日 · 飞行员全框光学镜三代【热卖旗舰款】,大小合适，佩戴舒适，操作简单，蓝牙灵敏！
2023年10月30日 · 钛空光学眼镜【新品上市】,首先说差评！  9月30日全款预购，写明10月1好开始发货。一直到10月30日都说没货。  为了不超时发货，竟然发了小瓶清洗液，没货没眼镜，你搞的什么预购  同样价格华为旗舰店全都发了，你这代理店一个都没发。你这抹黑华为品牌啊  大家看清楚了，别再这家店里买东西了
2023年11月14日 · 方形半框光学镜三代【热卖旗舰款】,收到货之后用了，感受很好，质量不错，正品度数配的也对，总体来说使用效果挺好。
2023年11月19日 · 方形半框光学镜三代【热卖旗舰款】,说实话，超级好用，开心的购物
2023年11月21日 · 方形半框光学2【新品上市】,确认收货了，客服饼饼服务非常好，眼镜超赞的说，还送了镜片
2023年11月27日 · 飞行员光学2【新品上市】,第一次体验这种高科技眼镜，接听电话很方便，听音乐音质也很好，非常不错的体验
2023年11月28日 · 智能眼镜2【方形无框光学】新品,眼镜很轻，送的镜片直接可以使用，音质不错，平时开车听音乐，听书，接电话很方便。
2023年11月28日 · 智能眼镜2【飞行员光学镜】2023新品,拿到眼睛就来配镜片，产品很好，很满意，客服也挺好，愉快的一次购物
2023年11月29日 · 智能眼镜2【方形半框光学镜】2023新品,发货挺快！朴实无华！好评！
2023年11月29日 · 金丝光学眼镜2【新品上市】,体验不错，900度的镜片➕镜架重量参考。
2023年11月30日 · 智能眼镜2【飞行员光学镜】2023新品,很好用，链接很稳很快，耳机跟眼镜的完美结合。
2023年12月10日 · 智能眼镜2【钛空光学镜】2023新品,颜值超高，这个就不说了。声音音质相比二代简直就是质的提升。续航这个还没有试出来，什么时候出去一整天试一试，看看能连续听多久。原来的智能眼镜是真不行，4个小时。希望这个真的像宣传的那样能达到11个小时。顺便说一下，那个叫楚然的售后服务还不错。
2023年12月11日 · 智能眼镜2【方形无框光学镜】2023新品.,挺好的，和说明一样，很轻，很合适
2023年12月13日 · 智能眼镜2【飞行员光学镜】2023新品,宝贝收到了，质量很不错，包装精致，材质优秀，比想象中好，送礼自用非常合适，下次继续购买
2023年12月16日 · 智能眼镜2【金丝光学镜】2023新品,商家送的镜片用不上  自己去眼镜店配的镜片 400度 克重给姐妹们参考
2023年12月16日 · 智能眼镜2【钛空光学镜】2023新品,买东西还是要擦亮眼睛，从来没有差评过。新东西就叫你走售后。
2023年12月18日 · 智能眼镜2【飞行员光学镜】2023新品,一次很好的购物体验，服务周到，物流快速，配送也很周到，态度也很好，好评
2023年12月19日 · 智能眼镜2【钛空光学镜】2023新品.,眼睛款式非常的好看，续航也非常好，带起来也很轻。
2023年12月20日 · 智能眼镜2【金丝光学镜】2023新品,态度好，质量好，速度快，十分不错的购物体验
2023年12月21日 · 智能眼镜2【飞行员光学镜】2023新品.,真正用了发现真的好用，尤其是戴耳机久了之后，发现眼镜式的很方便，也好用，电量足够用两天的，也不会有电池焦虑，音质也比想象的要好，追剧，听歌，打电话都挺好，就是礼物都没给，和店家在协商，等发货后继续追评
2023年12月23日 · 智能眼镜2【方形半框光学镜】2023新品,眼镜非常棒，整体发音很不错，店家还送了一副近视镜片。配镜专业，清晰。物流发的顺丰特别快。好评。
2023年12月24日 · 智能眼镜2【飞行员光学镜】2023新品,眼镜非常好用，骑车、办公都可以用，店铺配了防蓝光眼镜片也很好用，骑自行车的时候可以听歌，接电话，唤醒语音感觉实用性很强，充电也很方便，楚然客服的服务很好。可以设置触感滑动增加了实用性。
2023年12月26日 · 智能眼镜2【飞行员光学镜】2023新品.,特地找了一家连镜片一起配的，就是怕自己手残党装不了，结果镜片跟眼镜还给你分开发，还让自己装，搓得手疼都没弄好，超级差的体验。
2023年12月2日 · 智能眼镜2【钛空光学镜】2023新品,商家寄给我的时候就是这样的。因为试戴了一下，感觉不合适，就没有看细节，直接放回盒子里退货了。商家收到后，拒绝退款，表示我收到第一时间没有反馈，就认定是我造成的。眼镜试戴了一下就有划痕，那么是不是质量有问题。更加夸张的是，商家说镜框内侧都有划痕，就试戴了一下，内侧的划痕是怎么来的？
2023年12月30日 · 智能眼镜2【方形半框光学镜】2023新品,不是一次愉快的购物体验，镜框很轻，带上舒适度不错，但是附送的镜片不知道是个什么材质，带上一上午头昏眼花，尤其对灯光 阳光敏感，完全睁不开眼。官网配个蔡司镜片也就是加个几百块而已。这种镜片还不如收点费配个靠谱点的镜片
2023年12月30日 · 智能眼镜2【方形半框光学镜】2023新品,非常不错！很满意！值得购买！非常不错！很满意！值得购买！
2023年12月30日 · 智能眼镜2【方形无框光学镜】2023新品,带着感觉不错，镜片很好，音质可以。
2023年12月31日 · 智能眼镜2【方形半框光学镜】2023新品,眼镜质量一级棒，佩戴舒适无不适感觉！蓝牙耳机音质感应都相当不错，客服墨墨导购及质询非常耐心讲解礼貌细致！
2023年12月31日 · 智能眼镜2【方形无框光学镜】2023新品,收到货折腾了几天，感觉还是不错，接打电话挺方便。
2023年12月31日 · 智能眼镜2【钛空光学镜】2023新品.,怎么说呢，确实很香，怎么用怎么香，虽然知道就是的带蓝牙耳机的眼镜，可还是觉得香，比官网贵了几百，基本上就相当于配了个镜片吧！
2023年12月3日 · 智能眼镜2【钛空光学镜】2023新品,佩戴十分舒适，因为只有40多克重量而已，但是续航十分满意，10多个小时是很保守的了，日常使用一整天完全没问题。感谢客服小然细心加耐心的售前售后服务。���
2023年12月4日 · 智能眼镜2【飞行员光学镜】2023新品,重量不算很重，目前用起来效果也很不错，使用一段时间再看看吧
2023年12月5日 · 智能眼镜2【方形半框光学镜】2023新品,速度快，服务好，上一代就作为备用眼镜了，这一代有质的提升，推荐购买！楚然加油�
2023年12月5日 · 智能眼镜2【飞行员光学镜】2023新品,眼镜到手确实不错，客服确实很耐心，基本做到秒回
2023年12月6日 · 智能眼镜2【方形半框光学镜】2023新品,是正品，功能也很好用，第二次从他们家采购了，服务不错！
2023年12月6日 · 钛空光学眼镜2【新品上市】,佩戴了快两周，感觉很舒适。音乐声音跟耳机虽然有较大差距但主打一个省事方便，追求音质的慎重，喜欢简化的人适合购入���
2023年12月8日 · 智能眼镜2【钛空光学镜】2023新品,饼饼推荐的真心好，戴着特别舒服，推荐购买
2024年10月10日 · 智能眼镜2【方形无框光学镜.】发布会新品！,丰常好用 时尚美观高大上 开车也非常方便 也不重店里服务好！
2024年10月10日 · 智能眼镜2【方形无框光学镜.】发布会新品！,时尚大气简单操作 都好用，客服评价也挺好 ，还能开车都很方便
2024年10月10日 · 智能眼镜2【方形无框光学镜.】发布会新品！,精致好用 颜值高 佩戴方便 开车出行都非常好用，性价比非常高
2024年10月10日 · 智能眼镜2【方形无框光学镜.】发布会新品！,非常好用，宝贝发货快，值得拥有 。佩戴合适开车都很方便，挺好
2024年10月10日 · 智能眼镜2【飞行员光学镜.】发布会新品！,眼镜带起来很舒适，商家服务很好，顺丰快递包邮到家。
2024年10月11日 · 智能眼镜2【方形半框光学镜.】发布会新品！,这些年最糟糕的一次购物，下次再也不在网上配眼镜了，备注了装好发货，最后镜片和镜框还是分开寄，早上又去眼镜店找人装，真的很烦
2024年10月13日 · 智能眼镜2【方形半框光学镜.】发布会新品！,眼镜上班用真的方便 上班不方便看手机 带耳机久了耳朵又疼   配了这个眼镜不怕漏接来电和微信消息了  续航足够从早上顶到晚上下班
2024年10月14日 · 【加99元送价值269元前框】钛空光学镜+飞行员2透灰色前框,非常轻便， 简洁明了，实用性强，体验极佳，超出预期，非常满意，值得推荐！
2024年10月14日 · 智能眼镜2【方形无框光学镜.】发布会新品！,这是我收到最快最好的货物！货真价实，真材实料，音质很好，反应灵敏！谢谢�
2024年10月14日 · 智能眼镜2【飞行员光学镜.】发布会新品！,非常好，收到货物打开之后发现包装很好，很细致。商品的质量也很好;客服有问必答，态度好，发货速度快，对于这一个价位来说，很值得购买！
2024年10月15日 · 智能眼镜2【方形半框光学镜.】发布会新品！,华为智能眼镜2，时尚科技完美结合，佩戴舒适，功能强大，超值推荐！
2024年10月20日 · 智能眼镜2【方形半框光学镜.】发布会新品！,送老公的，老公很喜欢。
2024年10月22日 · 飞行员光学眼镜2+【送飞行员墨镜夹片.】,眼镜重量很轻，而且佩戴很舒适，镜片度数也没有问题，非常满意，
2024年10月24日 · 【加99元送价值269元前框】飞行员光学镜2+飞行员2黑白渐变前框,漏音严重，很重，一般人戴不了，质量还行了，说白了，就是在耳朵上放了一个小的蓝牙音响，很简单，
2024年10月25日 · 智能眼镜2【钛空光学镜.】发布会新品！,这眼镜真的很轻 佩戴舒适感非常好 以后还会在你家回购的 佳乐客服服务跟很用心
2024年10月26日 · 【加99元送价值269元前框】飞行员光学镜2+飞行员2透灰色前框.,比预期的要好看，浅色的很好看。效果达到预期了。
2024年10月28日 · 【加99元送价值269元前框】钛空光学镜+飞行员2透灰色前框,顺丰快递给力，华为眼镜很帅，客服还送了墨镜夹片，大大的赞，下次换镜架再来光顾！
2024年10月2日 · 智能眼镜2【方形半框光学镜.】发布会新品！,眼镜很好很酷，还送了一副墨镜夹片超级实用，客服也很耐心，出现了问题一直耐心沟通
2024年10月2日 · 金丝光学眼镜2+【送墨镜夹片】,金丝这款带上最舒适，感觉没有很重， 镜框很精致，做工好， 镜腿虽然粗正面看不明显， 音质真不错，近视的人群可以省下一个蓝牙耳机，非常方便，还不会丢，续航够用， 还有个墨镜夹片，开车时夹上，夹片重量可以忽略
2024年10月30日 · 智能眼镜2【钛空光学镜.】发布会新品！,音质很好，带上也很舒服，好评
2024年10月31日 · 智能眼镜2【钛空光学镜.】发布会新品！,东西比我想象中的还要完美，十分给力，值得入手
2024年10月3日 · 智能眼镜2【方形无框光学镜.】发布会新品！,去华为店试戴了各种镜框，最后还是选择了网上购买无框眼镜（店里没货），无框比较百搭点（我方脸），图二为各款镜框尺寸，图三为后铰链的长短（有说明说可以判断是否需要更换铰链），我近视的，配好再寄过来需要一周所以我让阿絮客服（点赞阿絮）帮我先发眼镜，我测好度数再发镜片给我，这样快一些（其实配好寄过来时间也差不多，眼镜店也要发回厂家才能配镜�要4天） 解放双手，不用额外再戴蓝牙耳机了是我最满意的，音质也很棒，再也不会漏接电话了，怎么没早点知道这么个好东西❤️非常满意
2024年10月5日 · 智能眼镜2【钛空光学镜.】发布会新品！,是正品 科技感十足 科技改变生活 大品牌值得信赖
2024年10月5日 · 飞行员光学眼镜2+【送飞行员墨镜夹片.】,眼镜试了。很好用。音质很不错。值得拥有
2024年10月7日 · 智能眼镜2【方形半框光学镜.】发布会新品！,这也太实用了吧 简直就是摸鱼神器   客服也好有耐心
2024年10月7日 · 智能眼镜2【飞行员光学镜.】发布会新品！,店家服务态度很好，眼镜的功能也是很不错的，可以满足正常佩戴，听歌以及接打电话的需求。
2024年10月7日 · 金丝光学眼镜2+【送墨镜夹片】,有质感的盒子～～超级喜欢～正品更喜欢。送给老爸的生日礼物，刚好生日当天到了，真的很惊喜。品质 物流 服务都OK～爱了爱了
2024年10月7日 · 飞行员光学眼镜2+【送飞行员荧光夜视夹片.】,这个智能眼镜超级方便我工作，佩戴舒适也不累耳朵，外出的话还有蓝光眼镜替换，超级好用，性价比很高，老婆送我的礼物❤❤
2024年10月8日 · 智能眼镜2【钛空光学镜.】发布会新品！,配镜配的很合适，智能眼镜完美替代了蓝牙耳机
2024年10月9日 · 智能眼镜2【方形无框光学镜.】发布会新品！,很惊艳的一副眼镜，华为品牌加持，续航够长，关键是电话听音乐不用戴耳机，非常方便。希望新一代能增加更多功能，一如既往的支持！
2024年11月11日 · 智能眼镜2【方形半框光学镜.】发布会新品！,很满意，商家态度很好，带起还不错
2024年11月13日 · 【加购送价值269元前框】飞行员光学镜2+飞行员2亮黑色前框.,东西很好，客服也很耐心很好
2024年11月13日 · 智能眼镜2【金丝光学镜】发布会新品！,音色听着还不错，充电很快，接电话顺畅，通话清晰。女生购买金色边框是不错的选择，值得推荐。
2024年11月13日 · 智能眼镜2【钛空光学镜.】发布会新品！,之前顾虑会不会重，到手用几天感觉没有什么压力感。声音还可以，可以省去带无线耳机的听觉压力一大半。好评华为
2024年11月14日 · 智能眼镜2【方形无框光学镜】发布会新品！,华为正品，双十一价格实惠，还送了个小礼品
2024年11月14日 · 智能眼镜2【方框太阳镜】2024新品发售.,物流快.正品.品质好.非常好用.值得拥有
2024年11月15日 · 【加购送价值269元前框】钛空光学镜+飞行员2灰白渐变前框,这款华为智能眼镜二代，它的颜值很好看，包装很精美，带上去很好看
2024年11月16日 · 智能眼镜2【方形半框光学镜.】发布会新品！,眼镜很好，用起来很方便，体验感很不错，质感到位，客服也非常细心有耐心，有问题一一帮忙解决，推荐购买。
2024年11月18日 · 智能眼镜2【方形半框光学镜.】发布会新品！,眼睛非常好用，老公对比了，比上一代轻，而且音质更好。 开会再也不用找耳机和耳朵不舒服了
2024年11月19日 · 智能眼镜2【方形半框光学镜.】发布会新品！,上一代用了两年，这一代比上一代镜腿更细了，续航也更好
2024年11月19日 · 智能眼镜2【方形半框光学镜.】发布会新品！,眼镜款式很好，戴起来重量合适，推荐购买
2024年11月19日 · 智能眼镜2【方形半框光学镜.】发布会新品！,华为产品还是值得信赖的，对于近视的人来说非常的值得入手，可以替代耳机和手表大部分功能。送的近视镜片配的度数挺准的。
2024年11月1日 · 智能眼镜2【钛空光学镜.】发布会新品！,眼镜戴着很舒服，颜值也高，续航音质都很高
2024年11月20日 · 【加购送价值269元前框】钛空光学镜+飞行员2透灰色前框,眼镜收到了。不错，比老款的轻便不少。功能上相对老款进行了优化，使用更便捷了。近视镜片感觉不错，刚刚好。
2024年11月21日 · 智能眼镜2【方形半框光学镜.】发布会新品！,- 精致时尚：镜腿尺寸仅为9.7mm，较上一代大幅缩减，整体造型更精致美观。 - 工艺出色：镜框采用精细工艺，呈现层次感，在光线照耀下呈现金属光泽。 佩戴体验 - 舒适轻盈：虽内置高科技配置，但重量控制得当，且重量平衡佳，长时间佩戴也不会对耳朵和鼻梁造成明显压迫感。 音频功能 - 音质出色：音质表现不俗，低音增强，声音质感很厚重
2024年11月21日 · 金丝光学眼镜2+【送夜间驾驶夹片片】,不错，自己线下换了眼镜片，初戴上有些重，要多戴，喜欢颈椎监测的功能，，，让自己多抬头，不低头，，，，，可以多摸摸鱼了
2024年11月22日 · 【加购送价值269元前框】钛空光学镜+飞行员2透灰色前框,眼镜收到了，很满意等使用了看效果，客服态度也很热情。
2024年11月22日 · 智能眼镜2【方形半框光学镜.】发布会新品！,眼镜刚开始戴着不太习惯，就是腿太粗，耳朵不太习惯。但是接打电话和刷视频非常方便。眼镜片是给配好的，带着这几天没发现眼睛不适的情况。。买完就后悔了，应该直接买钛合金的那款。之前没买是因为去线下试了一下，感觉自己戴上以后一种斯文**的样子���
2024年11月22日 · 金丝光学眼镜2+【送墨镜夹片】,眼镜带着舒服好看，值得推荐！
2024年11月23日 · 智能眼镜2【方形半框光学镜.】发布会新品！,眼镜很好包装也不错，配的度数镜片，安装好发来的，服务也挺好的。
2024年11月23日 · 智能眼镜2【钛空光学镜.】发布会新品！,眼镜收到了  特别惊艳  科技感十足  听小说打电话声音都很清晰  客服特别有耐心  讲解怎么连接手机   华为真牛 会一直支持华为
2024年11月24日 · 智能眼镜2【钛空光学镜.】发布会新品！,眼镜非常满意！绝对好用！非常推荐大家购买！商家服务态度很好！
2024年11月26日 · 【加购送价值269元前框】钛空光学镜+飞行员2透灰色前框,不得不说上班摸鱼的好东西，客服服务态度很好有耐心也负责任，除了配镜有点慢其他没毛病。
2024年11月27日 · 智能眼镜2【方形半框光学镜.】发布会新品！,双十一有活动，正好给老公选了这款作为生日礼物。包装很精致，应该是正品，拆开试了品质很不错，暂时没有发现任何问题，听音乐只要不是非常大声，其他人都听不到，其他的功能慢慢探索吧。客服回复得也很及时耐心，对于问题能够一一解答。
2024年11月30日 · 智能眼镜2【方形半框光学镜.】发布会新品！,好好用，会推荐同事购买的
2024年11月30日 · 智能眼镜2【方形半框光学镜.】发布会新品！,戴起來挺舒服，音質及持航力也不錯，連接手機方便，用了幾天也沒有出毛病�
2024年11月30日 · 智能眼镜2【钛空光学镜.】发布会新品！,非常好用，接电话听歌再也不用戴耳机了
2024年11月30日 · 智能眼镜2【飞行员光学镜.】发布会新品！,试戴了好几天了，蓝牙效果不错，整体会比正常眼睛偏重一点，好看！
2024年11月3日 · 智能眼镜2【方形无框光学镜.】发布会新品！,很好用续航也不错，镜腿稍微有点粗买的无框最轻的
2024年11月4日 · 【加99元送价值269元前框】飞行员光学镜2+飞行员2黑白渐变前框,新眼镜提供便捷的生活体验，音质也不错。对于追求科技与时尚并重的用户来说，华为智能眼镜是一个不错的选择‌。
2024年11月4日 · 智能眼镜2【方形半框光学镜.】发布会新品！,送朋友的生日礼物，上班摸鱼神器，华为质量也有保证，自己用了两个，非常推荐
2024年11月4日 · 智能眼镜2【钛空光学镜.】发布会新品！,非常合适的眼镜，轻巧美观，科技感强
2024年11月6日 · 智能眼镜2【方形半框光学镜.】发布会新品！,眼镜用了一段时间才来评价，很好用，度数很准，反应迅速，耗电量低
2024年11月7日 · 【加购送价值269元前框】飞行员光学镜2+飞行员2亮黑色前框.,购买时非常认真的帮我把近视镜片的问题解决了，眼镜收到以后戴着感觉比较舒服，声音也可以非常满意！
2024年11月7日 · 智能眼镜2【钛空光学镜.】发布会新品！,爱了爱了，颜值担当，操作简单便捷，音质也不错！
2024年11月7日 · 飞行员光学眼镜2+【送飞行员墨镜夹片.】,物美价廉，音质还行，主要是不用戴耳机，耳朵负担小了好多，而且也很好看
2024年11月9日 · 飞行员光学眼镜2+【送飞行员墨镜夹片.】,超级好用，眼镜的这个耳机给我带来了全新体验，特别方便，好用，摸鱼神器。
2024年12月11日 · 智能眼镜2【方形半框光学镜】发布会新品！,很智能，老公30岁生日礼物，很喜欢
2024年12月11日 · 飞行员光学眼镜2+【送飞行员夜间驾驶夹片.】,成功拿下华为眼镜2！之前用的1用了好几年了，发现这个产品续航才是刚需，看到2现在价格合适、续航升级、重量减轻了，果断入手了美美拿下
2024年12月12日 · 【加购送价值269元前框.】钛空光学镜+飞行员2透灰色前框,眼镜符合预期，也很适合脸型，触碰很灵敏，期待后续使用效果
2024年12月13日 · 【加购送价值269元前框.】钛空光学镜+飞行员2透灰色前框,本次配镜蛮满意的，中间犹豫过，好在客服楚然非常专业且耐心细致，才下定决心买了这付眼镜，近视➕散光和去门店配的别无二致，连接华为当然没问题，连苹果16也同样顺利，相当不错�
2024年12月15日 · 智能眼镜2【钛空光学镜】发布会新品！,戴上挺轻快，戴上就自动开机连接手机，响应速度也快，做工精细美观
2024年12月16日 · 金丝光学眼镜2+【送墨镜夹片】,客服非常仔細的詢問，讓一頭霧水的我搞清楚需要下單的各選項，非常好的購買體驗。
2024年12月16日 · 金丝光学眼镜2【加购送墨镜夹片.】,五星好评，非常好！顺丰很快就到了！
2024年12月18日 · 智能眼镜2【钛空光学镜】发布会新品！,发来是这种变形的  发回去换  他们第二天就收到退货了  多次催促 过了好几天才发货   退货运费十八元也不给   找淘宝小二投诉去
2024年12月19日 · 金丝光学眼镜2【加购送墨镜夹片.】,质量很好，音质很好，快速连接，充电很快，充一次电用两天，效果不是一般几百块钱的可比，值得拥有。
2024年12月20日 · 智能眼镜2【钛空光学镜.】发布会新品！,钛空的颜值非常高，音质也不错，一般带一天的电量完全够用
2024年12月20日 · 飞行员光学眼镜2【加购送飞行员墨镜夹片】,续航能力没虚标   发货速度很快  客服服务态度好有耐心
2024年12月21日 · 【加购送价值269元前框】钛空光学镜+飞行员2透灰色前框,眼镜很喜欢声音清晰，续航有十多个小时，外观也很靓，很喜欢的一次购物
2024年12月22日 · 智能眼镜2【方形无框光学镜.】发布会新品！,眼镜是正品，戴上很漂亮。通话也很清楚。太喜欢了
2024年12月22日 · 智能眼镜2【方形无框光学镜】发布会新品！,比较轻 很快适应了，是去本地华为中心调试的，接电话方便、摸鱼不错
2024年12月22日 · 飞行员光学眼镜2【加购送飞行员墨镜夹片】,眼镜收到了，和体验店的一模一样，很轻，真的不怎么漏音，期待接下来的正常使用体验
2024年12月23日 · 智能眼镜2【方形无框光学镜.】发布会新品！,这款眼镜的质量很好，佩戴舒适。卖家的服务态度非常好，发货速度快，非常满意！
2024年12月24日 · 智能眼镜2【方形半框光学镜】发布会新品！,可以，比想象中轻，关键是续航能力强。
2024年12月24日 · 飞行员光学眼镜2【加购送飞行员墨镜夹片】,眼镜真的很不错，看起来也高大上。送的眼镜盒和普通眼镜盒质感也不一样，先试试一段时间，希望好用。
2024年12月25日 · 智能眼镜2【方形无框光学镜.】发布会新品！,非常满意，眼镜度数也合适。很轻便、很容易上手，并不复杂。总体满意。
2024年12月26日 · 智能眼镜2【钛空光学镜】发布会新品！,很好的眼镜，度数配得很准，听小说和音乐都很好，隐私性很强�。
2024年12月27日 · 智能眼镜2【方形无框光学镜.】发布会新品！,发货速度很快，因为定做了镜片也就三天就到了，戴上了挺不错的，一次不错的购物体验！
2024年12月27日 · 飞行员光学眼镜2【加购送飞行员墨镜夹片】,眼镜设计的特别好，客服解释也很耐心，送的礼品也很到位！
2024年12月28日 · 智能眼镜2【钛空光学镜】发布会新品！,东西不错，是正品无疑，还送了小礼物，很好用，以后还会来的。
2024年12月28日 · 智能眼镜2【钛空光学镜】发布会新品！,产品很好，客服也很好！很耐心解答我很多问题，还送了小礼物.愉快的购物体验！
2024年12月29日 · 【加购送价值269元前框】飞行员光学镜+飞行员2墨镜前框,佩戴感觉还不错，快递也很快，还送了很多赠品
2024年12月30日 · 智能眼镜2【方形半框光学镜】发布会新品！,用着不错，听着很清晰，外观也好看，强烈推荐
2024年12月31日 · 智能眼镜2【钛空光学镜】发布会新品！,体验感不错 比手表方便好多 音效效果很棒！
2024年12月31日 · 智能眼镜2【钛空光学镜】发布会新品！,非常好用，只正品，质量很好，商家送了很多礼物，物所超值
2024年12月3日 · 【加购送价值269元前框】飞行员光学镜2+飞行员2亮黑色前框.,眼镜非常时尚，大气，细节方便做的很好，比一代轻便很多音质很好，你不说没人发现你带的只能眼镜摸鱼神器
2024年12月3日 · 智能眼镜2【方形半框光学镜.】发布会新品！,物流很快，宝贝收到，东西齐全，用着还不错，眼睛戴着老往下滑，平时自己也不戴眼镜，肯能是自己没有调整好估计需要到店里调整一下，鼻梁处感觉有点宽，总体感觉用下来还行，没有做过极限测试不知道一直用电的情况下能用多久。
2024年12月3日 · 智能眼镜2【金丝光学镜】发布会新品！,发货很快，当晚下单，第二天收到。
2024年12月3日 · 智能眼镜2【钛空光学镜.】发布会新品！,眼镜非常好，质量也好，带上清晰，非常喜欢！
2024年12月4日 · 智能眼镜2【方形无框光学镜】发布会新品！,诺言客服耐心细心，不愧为华为大品牌，质量流畅度是非常棒！用上了就摘不下来了
2024年12月4日 · 智能眼镜2【飞行员光学镜.】发布会新品！,试用了，音质很不错，商家客服服务好，耐心解答，是正品，匹配度数准确，价格实惠，好
2024年12月5日 · 智能眼镜2【方形半框光学镜.】发布会新品！,非常好用，蓝牙及语音通话均比较清晰，开车也方便。
2024年12月5日 · 智能眼镜2【方形无框光学镜】发布会新品！,必须给一个中肯的评价。华为不是传说中的遥遥领先。 1：我买的是无框的，重量最轻的。但是还是待久了会感觉很压鼻子和耳朵。 2：收到以后漏音很明显啊。我第一次摸鱼就被抓了。开会能听见的。明显不如骨传导的效果。和第一次用华为手表体验感相差太远了。 3：眼镜的度数配的还算准确。 4：充电一般1个半小时吧。 5：运输时间远远超过客服预想的。 6：没有任何惊艳的地方。算是中规中矩。 7：时尚度很一般。可能是人丑。 8：待机时间一般。 6：调音和挂断灵敏度都很一般。
2024年12月6日 · 智能眼镜2【方形无框光学镜】发布会新品！,眼镜音质很好，除非特别嘈杂，一般听的很清楚，也解放了双手；镜片配的也很合适，用无框的朋友要注意，两侧的螺丝可能会有点影响视线；中间有点问题，已于商家沟通好了。
2024年12月6日 · 飞行员光学眼镜2+【送飞行员夜间驾驶夹片.】,飞机员镜框非常好看，眼镜是正品，蓝牙连接也比较灵敏，不重，戴上没有重物感，非常满意
2024年12月7日 · 智能眼镜2【飞行员光学镜.】发布会新品！,很喜欢！好看的，看上很久了，到手不失望，客服诺言很好，有耐心
2024年12月8日 · 【加购送价值269元前框】飞行员光学镜2+飞行员2黑白渐变前框,作为一个华为产品的发烧友，在今天也是把华为的日常穿戴产品都拿下了，选的是飞行员的镜框，平光镜，款式的设计还是很好看的，把自己平常佩戴的眼镜换掉后，其实算不上变化很大，区别于上一代智能眼镜，镜腿更加细，整体更加轻便，但是上一代的镜框与镜腿拆卸更加便捷，或许是频繁拆卸导致的贴合度降低或者触碰掉落等原因，这一代的镜框更换需要用螺丝刀拆卸。 没有特别吸引的功能，我想不是华为产品的发烧友，同时又日常佩戴眼镜的话，智能眼镜的选购应该不是必须，但是颈椎监测的功能还是有点意思，期待更好更多的功能开发。 我觉得没有什么槽点，硬要说的话，镜腿的设计可能容易在低头的时候掉下来一点，但在配置一副眼镜动辄上千的今天，花差不多的价格买一副华为的智能眼镜，也是一种有意思的选择。
2024年12月8日 · 智能眼镜2【金丝光学镜.】发布会新品！,音质不错，款式好看，不错不错！
2024年12月8日 · 智能眼镜2【钛空光学镜.】发布会新品！,华为还是很不错的，第二次购买了，男盆友很喜欢，说要一直回购呢，哈哈，喜欢的不行，客服服务态度也是超级好，给个赞，
2024年12月9日 · 【加购送价值269元前框】钛空光学镜+飞行员2透灰色前框,带上感觉不重，声音也清晰，用一段时间再来评价，希望是一次满意的购物
2024年12月9日 · 【加购送价值269元前框】飞行员光学镜+飞行员2墨镜前框.,应该是正品，配镜免费，用起来很方便！
2024年1月10日 · 智能眼镜2【飞行员光学镜】2023新品,对眼镜比较满意，复合心理预期，音质很不错，身临其境的感觉，用着很方便，对办公人士很友好
2024年1月10日 · 智能眼镜2【飞行员光学镜】2023新品,用了一段时间才来评价。 这款华为眼镜真的不错，镜身轻巧，用着舒适，续航时间长，正常音量下声音外露可以忽略不计，而且自己听得很清楚，音质不错。 值得购买，推荐！
2024年1月11日 · 智能眼镜2【金丝光学镜】2023新品,眼镜很智能，戴上很舒服，还有礼品赠送
2024年1月13日 · 智能眼镜2【飞行员光学镜】2023新品,真的蛮喜欢的，到手用了两天就来确认啦���很喜欢的电子产品很棒
2024年1月14日 · 智能眼镜2【钛空光学镜】2023新品,看着比自己的大，但是带上去并不沉，可能是中心转移不压鼻梁，加油华为
2024年1月17日 · 智能眼镜2【金丝光学镜】2023新品,不错，戴着干家务骑车时候听课都比较方便
2024年1月17日 · 智能眼镜2【飞行员光学镜】2023新品,虽然看着镜腿很粗，但到手发现也不算很重，去配镜片的时候店员也惊讶说这么轻啊…多设备间配对转换很快，使用起来很方便
2024年1月19日 · 智能眼镜2【方形半框光学镜】2023新品,音量最大续航时间长差不多有11小时
2024年1月19日 · 智能眼镜2【金丝光学镜】发部会新品！,买给老婆的生日礼物，金丝光学这款比较适合她的脸型，她很喜欢
2024年1月20日 · 智能眼镜2【飞行员光学镜】2023新品,挺好看的  重量合适带着不累 声音不是特别吵的地方都比较清晰
2024年1月20日 · 智能眼镜2【飞行员光学镜】2023新品,款式潮流帅气，我愿称之为现在市面上智能眼镜的颜值天花板。 电话声音清晰，社交距离不会漏音，贴到耳朵边上能听见一点，孩子很喜欢。  顺便分享一个换镜片小技巧，用热吹风机吹一下镜框，就能轻松掰下来自己换镜片了�
2024年1月20日 · 智能眼镜2【飞行员光学镜】2023新品,耳机在地铁里也可以听清楚，还给熟悉的同事来了点小小的华为震撼，真的不错！
2024年1月21日 · 智能眼镜2【方形半框光学镜】发部会新品！,�大品牌！值得信赖！效果超级好！贵有贵的道理！很棒的商品！特别特别棒，货比三家才买的，店主人很好，回答问题很有耐心，也很详细，有需要还会再来的。
2024年1月22日 · 智能眼镜2【方形半框光学镜】发部会新品！,使用这款蓝牙眼镜是一种全新的生活体验，产品功能基本可以达到宣传时的产品效果，对于我这种不喜欢戴耳机的人来说可以说是一种福音了
2024年1月22日 · 智能眼镜2【金丝光学镜】发部会新品！,眼镜款式不错，音效完全可以接受，期待后续续航能力的表现
2024年1月22日 · 智能眼镜2【飞行员光学镜】2023新品,使用了几天了，自己配了镜片。戴着比预料的好看�，续航时间够长，音质超过预期��。
2024年1月22日 · 智能眼镜2【飞行员光学镜】发部会新品！,东西很棒，没有明显漏音。造型也很好看。
2024年1月27日 · 智能眼镜2【钛空光学镜】发部会新品,华为智能眼镜确实是一款非常出色的产品。它不仅具备了普通眼镜的视物功能，还通过内置的智能设备，实现了许多实用的功能。 音质非常出色，戴上它听音乐简直是一种享受。其次，它的续航能力也很强大，能够满足长时间使用的需求。此外，华为智能眼镜还具备降噪功能，可以有效减少外界噪音的干扰，让人在嘈杂的环境中也能保持专注。是一款非常值得购买的产品。如果你对音质、舒适度、便携性等方面有要求，不妨考虑一下这款智能眼镜。
2024年1月28日 · 智能眼镜2【飞行员光学镜】发布会新品！,比想象中的轻一些，带了一天，重量还能接受。续航不错，然后告诉兄弟们，戴着帽子听歌有惊喜！
2024年1月2日 · 智能眼镜2【方形半框光学镜】2023新品.,好用，每天都不舍得摘掉！
2024年1月30日 · 智能眼镜2【金丝光学镜】发布会新品！,眼镜非常好，简直就是摸鱼神器，哈哈哈哈，戴上也不重，而且商家还给配了眼镜，自己提供度数，戴上很合适，非常喜欢，物超所值
2024年1月30日 · 智能眼镜2【金丝光学镜】发布会新品！,样子好看，音质可以，偏立体声的感觉，度数配的可以，很清晰，近视问题解决得不错。价格在所有店铺中居中偏低，客服饼饼耐心解答，服务热情！还有赠品，太合适的感觉哈。发货很快！
2024年1月3日 · 智能眼镜2【钛空光学镜】2023新品.,科技的力量，没毛病！正品无疑！好用的
2024年1月4日 · 智能眼镜2【飞行员光学镜】2023新品,客服非常好，眼镜带着也非常舒服。
2024年1月4日 · 智能眼镜2【飞行员光学镜】2023新品,对比上一代，重量更轻，音质更好，音量上限也大了不少。
2024年1月5日 · 智能眼镜2【飞行员光学镜】2023新品,从GM联名2代开始买到华为一代再到华为二代，充电、眼镜盒、智能镜腿都一直在进步。当然前框也更时尚了，但不是我们实用主义者的菜，在华为二代没有黑全框情况下用了GM联名2代的前框接华为二代的腿，还蛮好用。其它有问题的话再补充吧。
2024年1月6日 · 智能眼镜2【方形半框光学镜】2023新品,原装正品！ 挺好用的，尤其是小艺接入了盘古大模型。 简直是moss终端！hhhh
2024年1月6日 · 智能眼镜2【金丝光学镜】2023新品,各方面都不错，就一点，镜框的大小对我们头有点大的人来说不太友好呀
2024年1月6日 · 智能眼镜2【金丝光学镜】2023新品,镜框比想象中大一些，但重量很轻。镜腿也不会磨耳朵。
2024年1月6日 · 智能眼镜2【飞行员光学镜】2023新品,非常好用，新产品必须支持一下。
2024年1月6日 · 智能眼镜2【飞行员光学镜】2023新品,音质音效：真的很好，比想象中的音质效果好太多了！!！就像耳边有个千元级的音响！ 舒适度：很舒服用起来几乎无感，自己配了蔡司的镜片还在路上，本人无近视散光，用来护眼和减少长时间入耳式对耳朵的伤害非常好用！ 做工质感：华为品质真的遥遥领先！!! 其他特色：真的很好看鸭！!!
2024年1月8日 · 智能眼镜2【金丝光学镜】2023新品,戴着挺好的，没有不舒服得感觉，语音通话清晰！没有沉重感觉！电量很足能带3-4天
2024年1月9日 · 智能眼镜2【金丝光学镜】2023新品,真心不错，续航时间长，戴着比较舒服�
2024年1月9日 · 智能眼镜2【飞行员光学镜】2023新品,比上一代细了不少，续航音质都有所提高
2024年2月10日 · 智能眼镜2【飞行员光学镜】发布会新品！,续航挺好的上班能用一天，充电也很快，下班前充一会儿第二天上班继续用。店家配镜服务挺好，很清晰，戴着听歌看剧很方便，不过戴久了还是有点压耳朵，总体而言还是不错的
2024年2月12日 · 智能眼镜2【方形半框光学镜】发布会新品！,续航非常满意 东西不错 相信华为准没错������
2024年2月15日 · 智能眼镜2【钛空光学镜】发布会新品！,很好用，轻巧。又可以免费配近视眼镜，比上一代好多了
2024年2月15日 · 智能眼镜2【飞行员光学镜】发布会新品！,质感很好！试戴了几天来评价，重量不错适中，声音效果很好，户外也挺好用。
2024年2月17日 · 智能眼镜2【方形半框光学镜】发布会新品！,怎么说呢  满满的高科技  客服也很热情  音质呢 最大的时候 在30cm内可以听见  30cm外听不见  总得来说 非常满意
2024年2月18日 · 智能眼镜2【飞行员光学镜】发布会新品！,真的太好看太惊喜了！而且完全周围人听不出。很方便都不需要带耳机了。特别实用。被震惊到了！华为这个设计太实用了，而且很方便链接。接电话听音乐都不在话下了。
2024年2月19日 · 智能眼镜2【方形半框光学镜】发布会新品！,超级黑科技，灰常棒的一次体验，音质也很不错！！！
2024年2月19日 · 智能眼镜2【方形无框光学镜】发布会新品！,续航不错，中度使用两天一冲。唯一缺点少了畅连捏聊，稍微有点可惜吧。
2024年2月19日 · 智能眼镜2【金丝光学镜】发布会新品！,整体感受相对老款，佩戴舒适性明显提高，太阳穴那里舒服许多，续航也明显好了很多
2024年2月21日 · 智能眼镜2【飞行员光学镜】发布会新品！.,歹歹的，镜片和镜框分开发来 确实帅 在实体店试过了才来买的 感觉非常不错。
2024年2月22日 · 智能眼镜2【钛空光学镜】发布会新品！,送男朋友的，他超级喜欢，带着眼镜平常工作接电话很方便，带着毫无感觉，很轻
2024年2月23日 · 智能眼镜2【方形无框光学镜】发布会新品！,眼镜质量很好客服也很好推荐朋友
2024年2月23日 · 智能眼镜2【钛空光学镜】发布会新品！,眼镜非常好用，接电话听歌都非常好用很清晰，客服饼饼态度非常好，点赞
2024年2月23日 · 智能眼镜2【钛空光学镜】发布会新品！,默认的镜腿很短，可以去华为售后免费更换 很少戴这种鼻托的镜框，弄了一个防滑的 整体比想象中轻，但还是很容易滑落 非常耗电，没有电话的话，2天一充。电话多的，就要一天一充。 观察App应该是由于“保持连接状态”，不像手表，不使用会熄屏
2024年2月24日 · 智能眼镜2【飞行员光学镜】发布会新品！,用了几天才评论。上手的重量比普通眼镜重，不过戴上去并没有太大的影响。华为的服务也好，提前打电话过去让售后店订货，两天就可以换了。一般情况下，两三天冲一次电。
2024年2月25日 · 智能眼镜2【金丝光学镜】发布会新品！.,开始是我哥先买了一代种了草。但是总觉得单纯耳机功能对我用处不大。另外之前眼镜款式都不太适合我。后来二代出来就一直盯着金丝边款看。终于忍不住下手了。发现真的太适合带娃妈妈。带孩子时候用手机很不方便，会被抢。但是这个眼镜好很多。听个评书都给带孩子的生活增加有些乐趣。更何况还可以刷刷点淘。
2024年2月27日 · 智能眼镜2【钛空光学镜】发布会新品！.,喜欢钛空的可以抓紧入手了
2024年2月27日 · 智能眼镜2【飞行员光学镜】发布会新品！.,新的眼镜很好，比别的牌子还有华为之前的都小，没有那么压耳朵
2024年2月28日 · 智能眼镜2【方形无框光学镜】发布会新品！.,非常差的一次购物体验，劝大家要买的话去官方店买比较好，近视镜片自己配，本来拍的是眼镜加近视镜片，说好一周左右配好发货，结果快一周了只发了一个平面镜过。。。问客服怎么解决，客户告诉你镜片做好了寄给你，自己安装。。。然后就一直等镜片，一直催，一直等。本来预计2/25发货的，结果让淘宝客户介入，调整结果是3/11才能发货。但是这样的店有诚信吗，非常担心3/11也发不了。。。镜片退货，自己配镜片去。。。
2024年2月28日 · 智能眼镜2【飞行员光学镜】发布会新品！.,非常棒，华为 yyds
2024年2月29日 · 智能眼镜2【飞行员光学镜】发布会新品！.,特意试戴了一整天进行评价，刚开始觉得接电话像是外放，后来发现app可以设置。续航很不错，一天到下班还有电！刚开始觉得拿到手觉得意外的轻，事实上即使重一点点戴一天耳朵还是有点累的！！当然，比起摸鱼，这些问题都能克服！好评！！！！摸鱼神器！！！
2024年2月29日 · 智能眼镜2【飞行员光学镜】发布会新品！.,眼镜很有意思可以减少我戴耳机的时间，对耳道有炎症的人来说十分的友好
2024年2月2日 · 智能眼镜2【金丝光学镜】发布会新品！,比想象中的好，快递也很快，配的镜片很合适，戴着很舒服，耳机漏音不大
2024年2月2日 · 智能眼镜2【金丝光学镜】发部会新品！,音质还不错 就是还是有点重，工作带挺好的 漏了赠品没送
2024年2月2日 · 智能眼镜2【钛空光学镜】发布会新品！,产品非常不错，蓝牙连接顺利，typec充电比较方便，音质很好！主要是眼镜款式好看
2024年2月3日 · 智能眼镜2【方形半框光学镜】发布会新品！,声音清晰，接听电话，学习，听歌都非常方便。物流快。五星好评
2024年2月4日 · 智能眼镜2【方形半框光学镜】发部会新品,�收到立马打开看了一下，非常不错，在工厂比较吵的环境也很清楚，音量挺大的
2024年2月4日 · 智能眼镜2【金丝光学镜】发布会新品！,总体评优，音量、电池耐用度皆好，眼镜到手即可直接使用。缺点是选用的镜片不知道品牌，还好用了5天未发现问题。
2024年2月4日 · 智能眼镜2【飞行员光学镜】发布会新品！,先说优点: 音效没有网上说的那么差（就听个响的程度）作为日常摸鱼听歌和开车接电话足够。基本不漏音电梯里同事都不知道我在听歌。 颜值在线，续航能力强，充电速度快， 客服态度超好，店家配的镜片非常合适，拿到就能用。 再说说不足: 戴久了，耳朵还是有些不舒服得缓缓，油性皮肤要不定期擦拭鼻托和镜腿（*死强迫症）。 ps:送的按摩仪，emmm至今不知道怎么用。。就当一条不足吧
2024年2月7日 · 智能眼镜2【方形半框光学镜】发部会新品！,帮家人买的，家人说体验感挺好的，上班摸鱼神器
2024年3月10日 · 智能眼镜2【方形半框光学镜】发布会新品！.,华为品质值得信赖，外观漂亮，使用方便，做工精细，适合用来听有声小说，电量可以支持两天
2024年3月11日 · 智能眼镜2【方形无框光学镜】发布会新品！.,华为，大品牌，手机电脑等数码用品一直用华为，相信品牌的力量。
2024年3月11日 · 智能眼镜2【金丝光学镜】发布会新品！.,本来有所担心的，用过后还是比较满意的，电量可以，可以使用了2天，听歌，接听电话都不错，眼镜配蓝牙耳机，一举两得的便利智能眼镜2
2024年3月12日 · 智能眼镜2【金丝光学镜】发布会新品！.,听歌效果特别好，待机时间也长，完全不会有用电焦虑，基本满足了日常的所有所需。
2024年3月12日 · 智能眼镜2【钛空光学镜】发布会新品！,太帅了，看了很多家店，这家送镜片包安装太省事了
2024年3月12日 · 智能眼镜2【钛空光学镜】发布会新品！,对比二代升级了很多，镜腿小了很多，音质也有提升，功能也增加了，价格也贵了很多，特别是镜腿的一体式设计，减小了脱胶的几率，音质不失真，厚重，很满意
2024年3月12日 · 智能眼镜2【飞行员光学镜】发布会新品！.,音量还不错，戴起来竟然出奇的挺轻，舒适感也不错。收到之后爱不释手转头就去配了个镜片，对于近视的人来讲挺友好的。已经带上了，就不发上脸的图了。
2024年3月13日 · 智能眼镜2【钛空光学镜】发布会新品！,东西和商城里的一样，感觉还可以，剩下的功能待使用后再说
2024年3月13日 · 智能眼镜2【钛空光学镜】发布会新品！,商品是正品，优惠力度挺大的，送了一副近视眼镜，目前用着没有问题
2024年3月14日 · 智能眼镜2【方形半框光学镜】发布会新品！.,第一次体验这种高科技眼镜，接听电话很方 便，听音乐音质也很好，非常不错的体验
2024年3月16日 · 智能眼镜2【方形半框光学镜】发布会新品！.,在店家配的眼镜，配镜速度快，眼镜轻便，充电快，佩戴很舒适，值得购买。
2024年3月16日 · 智能眼镜2【方形半框光学镜】发布会新品！.,很不错 蓝牙挺好用的 很喜欢
2024年3月16日 · 智能眼镜2【钛空光学镜】发布会新品！.,很好，充满电后使用也很好
2024年3月16日 · 智能眼镜2【飞行员光学镜】发布会新品！.,符合自己的预期哦，不重，好看。
2024年3月17日 · 智能眼镜2【钛空光学镜】发布会新品！.,货到了好几天了，用着挺好的，直接送的配镜。两天一充。阿絮客服。
2024年3月17日 · 智能眼镜2【飞行员光学镜】发布会新品！.,是全新正品，续航真的顶，日用一天一半音量完全没问题，摸鱼无敌
2024年3月18日 · 智能眼镜2【钛空光学镜】发布会新品！,一代眼镜也是在这家买的，都是正品，相比前代重量更轻更美观，且电量有了提升满足一天正常工作没问题，很期待更多的功能。
2024年3月18日 · 智能眼镜2【钛空光学镜】发布会新品！,收到货戴了三天，功能非常实用，收听、麦克风效果很好，待电时间也长。眼镜比普通的眼镜重，但是由于设计符合人体工程学，戴上完全不觉得重，担心滑落，自己加购了镜腿防滑垫，增加了舒适感和安全感，已经离不开了。非常满意！
2024年3月18日 · 智能眼镜2【飞行员光学镜】发布会新品！.,发货很快，收到宝贝很开心！
2024年3月19日 · 智能眼镜2【飞行员光学镜】发布会新品！.,非常不错的一次体验，第一次购买，感觉还是挺好的！支持华为！！
2024年3月1日 · 智能眼镜2【飞行员光学镜】发布会新品！.,眼镜不错，音质很好，五星好评
2024年3月1日 · 智能眼镜2【飞行员光学镜】发布会新品！.,早就听说华为的智能眼镜很不错，去实体店试戴后直接被种**。飞行员镜框颜值很高，体验也非常好！
2024年3月20日 · 智能眼镜2【方形半框光学镜】发布会新品！.,华为产品遥遥领先，特别喜欢微信播报功能
2024年3月20日 · 智能眼镜2【方形半框光学镜】发布会新品！.,非常感谢客服，原以为周五出去用不上了，在客服的催促下，周一拍下，周二发货，周三就到了，刚到手连接手机感受了一下，非常的不错。客服态度也很好，非常满意
2024年3月22日 · 智能眼镜2【飞行员光学镜】+飞行员2墨镜前框,不错，超出预期，很清晰的声音
2024年3月23日 · 智能眼镜2【钛空光学镜】发布会新品！,还得是华为的产品，手机耳机眼镜都是用的华为的，真是不错。华为眼镜已经用完两个了，这是第三个，质量真的好，续航能力强。
2024年3月25日 · 智能眼镜2【钛空光学镜】发布会新品！,送给老公 喜欢的不行之前去店里试带过这款了   看着很高级 材质也很轻带着不累
2024年3月26日 · 智能眼镜2【金丝光学镜】发布会新品！.,客服好，物流快，眼镜超实用，音质棒棒哒，五星好评！
2024年3月26日 · 智能眼镜2【钛空光学镜】发布会新品！,品质可以，音质好，老板服务也到位。 值得推荐，正常听小说可以听一天。 太空银的比较轻点，戴着会舒服点
2024年3月28日 · 智能眼镜2【钛空光学镜】发布会新品！,眼镜是正品，收到眼镜去华为专卖店换了加长腿链接，冲一次电正常用两天没有问题。
2024年3月28日 · 智能眼镜2【飞行员光学镜】发布会新品！.,体验不错，续航也比较好 适合上班摸鱼
2024年3月29日 · 智能眼镜2【飞行员光学镜】发布会新品！.,"设计挺好看的，华为标志和呼吸灯显高端，续航强 重量把控得挺好，戴上没有什么不舒服的感觉，从此不用耳机了，上班摸鱼神器,很方便，今天刚收到眼镜�就迫不及待去配眼镜片了，总的来说主要有以下五个优点： 1、佩戴舒适，比较轻， 2、音质不错 3、颈椎保护提醒功能很实用; 4、希望随智慧语音升级，使用更方便 5、跟各种终端设备连接顺畅。"
2024年3月2日 · 智能眼镜2【方形无框光学镜】发布会新品！,已经有上一代智能眼镜加配套前框，现更换为第二代，已经全天佩戴带了一周了，样式满意，音质更清晰，续航给力，让工作方便了很多。
2024年3月2日 · 智能眼镜2【钛空光学镜】发布会新品！.,续航两天； 音效还不错，带个兜帽效果会更好； 音量超过一半可以听到声音； 钛空款不太好加工镜片，容易留指纹，过保维修费贵，但是挺特别
2024年3月2日 · 智能眼镜2【飞行员光学镜】发布会新品！.,对比二代升级了很多，镜腿小了很多，音质也有提升，功能也增加了，价格也贵了很多，特别是镜腿的一体式设计，减小了脱胶的几率，音质不失真，厚重，很满意
2024年3月3日 · 智能眼镜2【方形无框光学镜】发布会新品！.,产品没问题，我一般都是五星好评，不过在这家店买眼镜要注意他们是不给安装好的，还要自己去取眼镜店配，承诺的光学配镜后面就让你自己安装，对动手能力差的朋友非常不友好。 客服服务态度也很一般。看了前面的评论抱着侥幸心理以为会安装但是并没有，下次不会在这里买东西了���
2024年3月3日 · 智能眼镜2【方形无框光学镜】发布会新品！.,试了几天，感觉不错！可以听歌和听电话！希望后面保持品质。
2024年3月3日 · 智能眼镜2【方形无框光学镜】发布会新品！.,这款华为眼镜设计巧妙，让我七年果粉果断下单，特意给售后说了度数，加了50配了镜片，没曾想镜片太厚螺丝根本安不上，几度询问客服了解了盒子里有替换螺丝，可是我找遍了整个盒子也没有，之后连颗螺丝也不愿意给补发，一直在强调不是他们的问题是华为自己的问题，要不然就把问题的矛头指向我，看着眼前已经拆开的眼镜真是后悔莫及，虽然也就一千块钱吧，但是买个废铁还是很亏的
2024年3月4日 · 智能眼镜2【方形无框光学镜】发布会新品！.,颜值高，质量好，链接速度很快，开车导航收音效果好。
2024年3月4日 · 智能眼镜2【钛空光学镜】发布会新品！.,产品没问题，声音很清楚。客服还有很大提升空间，每次沟通信息如同挤牙膏一样的，太累人了
2024年3月6日 · 智能眼镜2【方形无框光学镜】发布会新品！.,眼镜质量很好，客服也认真负责，协调帮助解决各种问题，但配送的近视镜片因快递公司原因，至今未收到，美中不足吧
2024年3月6日 · 智能眼镜2【方形无框光学镜】发布会新品！.,第一次购买这种智能眼镜，首选华为，用了几天才来评论，镜片自己装上戴了几天感觉挺好用的，物有所值。
2024年3月6日 · 智能眼镜2【钛空光学镜】发布会新品！.,试用了一段时间，不愧是遥遥领先。首先是外观，虽然看上去是半框的，实际上是无框的悬浮设计，钛的金属感和流线型，高级又时尚，佩戴起来斯斯文文，但要注意，无框的通病——镜片容易断；实用性和便利性，远远超过蓝牙耳机，特别是开车的时候配合华为手机的语音助手接打电话；待机时间长，晚上睡觉充一次电即可，声音清晰，触摸灵敏(要撕掉保护膜哈)，开很大声会有的漏音，都在正常范围内；让卖家配的是可变色的350度镜片，佩戴也很轻盈，还直接省下一个太阳镜的钱，即使变色看车内hud抬显也不受影响。
2024年3月8日 · 智能眼镜2【方形半框光学镜】发布会新品！.,对于近视人群来说眼镜很方便，跟普通眼镜重量差不多，外观也看不出来是智能眼镜。 耳机效果还不错，在办公室开1～2格声音，不会漏音，而且还可以播报手机里的消息，不方便看手机或者没注意手机消息提醒的时候，也不怕错过消息。
2024年3月8日 · 智能眼镜2【钛空光学镜】发布会新品！.,收到两天，充电线接触不良，客服叫小珂的一个东西说没办法处理。**商家，**客服！！！
2024年3月9日 · 智能眼镜2【金丝光学镜】发布会新品！.,商品不错，佩戴舒服，重量很轻
2024年4月11日 · 智能眼镜2【方形无框光学镜】.发布会新品！.,收到了眼镜，感觉很不错，比较轻，戴上去很舒服，第一次使用这种穿戴设备，感觉很妙。
2024年4月11日 · 智能眼镜2【飞行员光学镜】发布会新品！.,以为戴着很沉，还好，体验不错，眼镜人士福利
2024年4月14日 · 智能眼镜2【金丝光学镜】发布会新品！.,收到货就马上试了，舒适度不错，没有不适应，近视度数配的镜片也很合适，满意。客服君君回复速度，效率高。
2024年4月15日 · 智能眼镜2【方形无框光学镜】.发布会新品！.,镜框看着很大，但是很轻巧，一点都不会笨拙。音质很好，没有杂音。愉快的购物
2024年4月15日 · 智能眼镜2【金丝光学镜】发布会新品！.,我挺喜欢华为的东西，用起来很方便，因为客服的原因导致我自己配镜片多花了五百块。都发数据了还问，真的很烦
2024年4月15日 · 智能眼镜2【钛空光学镜】发布会新品！,音傻效果不错，比一代样式大气，使用更方便，客服阿絮态度好。
2024年4月16日 · 智能眼镜2【钛空光学镜】发布会新品！,上班摸鱼神器，开30%的声音同事是听不见的，除非贴着你，充一次电基本够我用两天
2024年4月16日 · 智能眼镜2【钛空光学镜】发布会新品！,华为眼镜遥遥领先，第一次用智能眼镜、待机俩天，通话非常清晰。值得购买
2024年4月16日 · 智能眼镜2【钛空光学镜】发布会新品！,眼镜特别好，方便，在发挥眼镜本身作用的情况下，又兼顾了潮流，时尚，镜架也特别轻，渐变色又非常有质感，包装也非常的简约大气，值得推荐！
2024年4月16日 · 智能眼镜2【钛空光学镜】发布会新品！,镜架挺漂亮的，就是不太适合我。
2024年4月17日 · 智能眼镜2【方形半框光学镜】发布会新品！,比上一代眼镜重量更轻，音质更好！
2024年4月17日 · 智能眼镜2【飞行员光学镜】发布会新品！.,眼镜还可以，配的蔡司镜片度数刚刚好，就是镜片似乎安的不是很好有点松动，重量符合预期，不是挺重，需要长期佩戴的建议买个防滑的镜腿套
2024年4月18日 · 智能眼镜2【钛空光学镜】发布会新品！,分量不重，用起来也不压鼻梁，声音够用了
2024年4月18日 · 智能眼镜2【飞行员光学镜】发布会新品！.,好用好用，链接很灵敏，声音清晰，太适合摸鱼了！！！
2024年4月19日 · 智能眼镜2【方形半框光学镜】发布会新品！,这眼镜还是很不错的。比较轻，镜腿看起来确实挺粗的，不过戴在头上并不感到笨重。声音方面，肯定算不上很好，但是还行。我发现用手捂住耳朵和镜腿那块，声音会大很多，是不是可以出一个这种配件啊�
2024年4月19日 · 智能眼镜2【飞行员光学镜】发布会新品！.,产品相当可以了 相比之前更有质感了 希望下一款会有更大的改变
2024年4月1日 · 智能眼镜2【钛空光学镜】发布会新品！,卖家服务非常的好，眼镜跟实体店一样
2024年4月1日 · 智能眼镜2【钛空光学镜】发布会新品！,抱着试试看的态度体验新产品，到手后确实惊艳到了我，大品牌就是不一样！感谢店铺及客服的优质服务，有朋友购买一定推荐！
2024年4月1日 · 智能眼镜2【飞行员光学镜】发布会新品！.,非常专业的店家，价格比官网便宜还送了近视镜片，点赞
2024年4月20日 · 智能眼镜2【方形半框光学镜】发布会新品！,以为会很重，但是带在脸上不夹脸，不压鼻。蓝牙连接很智能，声音清晰，好评，遥遥领先
2024年4月20日 · 智能眼镜2【钛空光学镜】发布会新品！,帮朋友回购一副，质量杠杠滴，戴着很舒服！
2024年4月20日 · 智能眼镜2【飞行员光学镜】+飞行员2墨镜前框,摸鱼神器，再也不怕被领导抓了�
2024年4月22日 · 智能眼镜2【方形半框光学镜】发布会新品！,戴起来很轻，用起来也不错，不过建议各位配镜片度数低25°，第一次配这么准的，头晕到不行估计得再陪一次了
2024年4月23日 · 智能眼镜2【钛空光学镜】发布会新品！,眼镜重量可以承受，大多数情况下可以不带耳机了
2024年4月24日 · 智能眼镜2【钛空光学镜】发布会新品！,比上一代轻了些，主要是镜腿上的变化，体积小了不少，戴上很舒服，静音做的很好。
2024年4月25日 · 智能眼镜2【方形半框光学镜】发布会新品！,重量调教不错，并没有负重感，音质良好，满意
2024年4月27日 · 智能眼镜2【方形半框光学镜】发布会新品！,商品外观很好，价格也优惠，不过音质比不上耳机但也能接受。
2024年4月27日 · 智能眼镜2【飞行员光学镜】发布会新品！.,我的鸿蒙小生态系统，就差这个小眼镜了，整体感受还是很不错的，期待未来的几代赶紧把导航之类的投影技术装上去。
2024年4月29日 · 智能眼镜2【方形半框光学镜】发布会新品！,眼镜党的福音，音质比预期高很多，佩戴舒适，值得购买
2024年4月2日 · 智能眼镜2【钛空光学镜】发布会新品！,一直想拥有，之前患得患失，拥有后真舒服，解锁了耳朵，华为遥遥领先！点赞
2024年4月2日 · 智能眼镜2【飞行员光学镜】发布会新品！.,好看，很时尚，音质很好
2024年4月30日 · 智能眼镜2【方形无框光学镜】.发布会新品！.,续航能力强，有环绕声的感觉，很棒的一款产品，主要是方便
2024年4月30日 · 智能眼镜2【飞行员光学镜】+飞行员2亮黑色前框,物流很快，宝贝很好，到的也很安全，很好用，特别是开车，很方便。华为的质量也一向过关，送的镜片度数散光都很准，还有赠礼，跟舒服的一次购物。
2024年4月30日 · 智能眼镜2【飞行员光学镜】+飞行员2墨镜前框,ios手机 适配度高 带上连接 基本无延迟
2024年4月30日 · 智能眼镜2【飞行员光学镜】发布会新品！.,不愧是华为，眼镜音效是环绕的感觉，跟耳机不同，更舒适，音效超棒。架子没有想象那么沉，而且更上身比想象中好看。物流也快。不知道选哪个款式可以用有3D结构光的在华为商城试戴。
2024年4月3日 · 智能眼镜2【钛空光学镜】发布会新品！,这个确实帅啊，售后也有保障，华为直接全国联保，不错不错
2024年4月3日 · 智能眼镜2【钛空光学镜】发布会新品！,这是我二次回购了，真心不错，推荐
2024年4月4日 · 智能眼镜2【方形半框光学镜】发布会新品！,使用很满意，没有常规眼镜夹头那么痛，款式也很时尚
2024年4月4日 · 智能眼镜2【钛空光学镜】发布会新品！,佩戴感觉还可以 音质 音量 灵敏度 都可以 就是原厂镜片配戴时间长有点眩晕
2024年4月4日 · 智能眼镜2【飞行员光学镜】发布会新品！.,东西收到，物流蛮快的，两天时间就拿到手，东西很好用，音质很好，以后再也不担心眼镜找不到了！
2024年4月6日 · 智能眼镜2【飞行员光学镜】+飞行员2墨镜前框,简约大气时尚，高科技发展的今天终于迎来各种传导模式耳机。从未戴过眼镜的我试戴感觉轻盈丝毫没有不舒适感，只是一点电量都没有只能先充足电才能体验各种功能。
2024年4月7日 · 智能眼镜2【方形半框光学镜】发布会新品！,款型很好看，配的镜片度数也符合，很愉快的一次购物！
2024年4月7日 · 智能眼镜2【飞行员光学镜】发布会新品！.,顺丰不是顺丰，还没收到货店家的服务质量杠杠的，真羡慕店里的客服，好轻松！！
2024年4月9日 · 智能眼镜2【飞行员光学镜】发布会新品！.,发货速度很快，东西包装的很好，价格优惠，我很满意�，还会回购
2024年5月11日 · 智能眼镜2【方形半框光学镜】发布会新品！,充一次电高频率使用也能用两天，而且不沉。耳机听起来很响亮，而且能连接两个设备，好评
2024年5月11日 · 智能眼镜2【钛空光学镜】发布会新品！.,商品收到了，很喜欢，客服的服务态度也特别积极，有问题都及时解答正品店铺，放心购买，客服服务态度也OK，整个购物过程十分顺利，下次还会再来的，赞！
2024年5月11日 · 智能眼镜2【飞行员光学镜】+飞行员2墨镜前框,刚刚开始怕太重，戴上后不会重，颜值也ok啊…还是非常满意的。
2024年5月12日 · 智能眼镜2【方形半框光学镜】发布会新品,眼镜的颜值非常高，售后君君也很有耐心
2024年5月12日 · 智能眼镜2【方形半框光学镜】发布会新品！,已经戴上了，店家还给配了相应度数的变色镜片，发货速度也很快～
2024年5月12日 · 智能眼镜2【方形无框光学镜】.发布会新品！,很好，是正品，质量不错，非常喜欢
2024年5月13日 · 智能眼镜2【方形半框光学镜】发布会新品,发货很快，送的镜片质量也很好，本以为是送一副镜片，没想到是安好一副，再多送一副，很满意店家的态度
2024年5月13日 · 智能眼镜2【方形无框光学镜】.发布会新品！.,华为3件套凑齐了。。。美总不足就是，配镜配的不好，重新线下再配了一次
2024年5月13日 · 智能眼镜2【飞行员光学镜】+飞行员2亮黑色前框,眼镜收到了，美观好用，科技感满满！
2024年5月13日 · 智能眼镜2【飞行员光学镜】发布会新品！.,用过几天来评价 充满电约100分钟 满电使用可以达到11小时（我是一直听小说） 蓝牙通信距离大约25米 镜腿不会显得太笨拙，一般看不出是蓝牙耳机 音质也不错，不会影响周围环境音。 摘下眼镜自动暂停，戴上眼镜自动继续播放。
2024年5月14日 · 智能眼镜2【方形无框光学镜】.发布会新品！,眼镜收到很惊喜，质量很好，老公是华为的忠实粉丝，以后都要在这家店买！
2024年5月14日 · 智能眼镜2【飞行员光学镜】发布会新品！.,很好，很满意，很喜欢，值得购买。很好，很满意，很喜欢，值得购买。很好，很满意，很喜欢，值得购买。很好，很满意，很喜欢，值得购买。
2024年5月15日 · 智能眼镜2【方形半框光学镜】发布会新品,音质非常不错，很轻便，戴起来不会觉得很累，还是值得购买的，给力华为。
2024年5月17日 · 智能眼镜2【方形半框光学镜】发布会新品！,眼镜收到了，打开包装满满的惊喜，赶紧试用！镜框颜色很亮，漂亮！不管是包装还是整体都小巧玲珑，个人很喜欢～(￣▽￣～)~，眼睛很文艺，带起来有气质，做工精细，防蓝光效果不错，眼镜很完美！还会光顾这家店的!
2024年5月17日 · 智能眼镜2【金丝光学镜】发布会新品！.,发货速度快，送的近视镜片也不错，配戴感比较舒适。
2024年5月18日 · 智能眼镜2【飞行员光学镜】+飞行员2亮黑色前框,早该买，很实用，待机时间要是再长点就更完美了，期待出新，客服很耐心，陪我聊了好几个小时，貌似叫君君的客服，点赞
2024年5月19日 · 智能眼镜2【方形无框光学镜】.发布会新品！,产品总的来说还不错，科技感挺强的。后续新品还会购买
2024年5月19日 · 智能眼镜2【金丝光学镜】发布会新品！.,很漂亮，音质很好，客服也很给力，值得购买
2024年5月19日 · 智能眼镜2【钛空光学镜】发布会新品！.,音质和外观效果都很好，推荐朋友来买，我的数码产品基本都是华为的
2024年5月1日 · 智能眼镜2【方形半框光学镜】发布会新品！,不错，是真货，相当好用，音质也好，售后服务君君的服务也非常棒，又买了一个镜片，一个看电脑用，一个开车用，一付镜架两付镜框，好用！
2024年5月20日 · 智能眼镜2【方形无框光学镜】.发布会新品！,产品不用说，很不错。店家配的镜片准确度高，价格相对便宜，发货快。
2024年5月20日 · 智能眼镜2【金丝光学镜】发布会新品！.,666666666666666666666666666666666666666666666可以 很棒
2024年5月20日 · 智能眼镜2【飞行员光学镜】发布会新品！.,第二次买了，上班摸鱼神器
2024年5月21日 · 智能眼镜2【方形半框光学镜】发布会新品,到货之后就去配了眼镜片，自重肯定是比普通眼镜要重的，带了耳朵会有点痛，我买了一个小圈圈架住可以缓解一下耳朵重量。
2024年5月22日 · 智能眼镜2【方形无框光学镜】.发布会新品！,送给我亲爱的 很喜欢戴着感觉很时尚 功能也很科技  最主要再也不用担心开车的时候接电话不方便了
2024年5月24日 · 智能眼镜2【方形半框光学镜】发布会新品！,全新正品，店家服务也不错。开始买错了，直接退货，I重新下单买的新款。沟通很愉快。
2024年5月24日 · 智能眼镜2【方形半框光学镜】发布会新品！,很棒的华为智能眼镜，第三代也在这里买的，眼镜和售后服务都很棒！
2024年5月24日 · 智能眼镜2【飞行员光学镜】发布会新品！.,满足逾期的产品 很方便好用 开车办公终于不会MISS消息了
2024年5月25日 · 智能眼镜2【方形半框光学镜】发布会新品！,东西收到立马用上了，很舒服，和描述的一样�，度数也很准，声音虽然不大，但是效果不错，旁边站个人也听不见
2024年5月25日 · 智能眼镜2【方形无框光学镜】.发布会新品！,已经很久没有在淘宝买东西了，一直用的京东，这次是打算送人的眼镜，首先物流很差劲，说好的发顺丰，三天就到了，但我8天才收到，其次是客服，解决不了实际问题，然后是快递包装，我无法想象这个包装是1500的东西应该有的包装。
2024年5月25日 · 智能眼镜2【方形无框光学镜】.发布会新品！,跟实体店没有区别，还便宜，喜欢！�大品牌！值得信赖！效果超级好！贵有贵的道理！很棒的商品！特别特别特别好，没有任何破损的地方，外观也好看，好评！
2024年5月25日 · 智能眼镜2【钛空光学镜】发布会新品！.,看着很有质感，带起来也很轻，比普通的重一点，带了两天就完全适应了。平时接打电话太方便了，再也不用戴耳机了，电量能用两天，完全能满足日常使用。店家态度很好，包装有磨损还给了个礼物的补偿。
2024年5月25日 · 智能眼镜2【飞行员光学镜】发布会新品！.,正品嘎嘎新，有一代的可以用这一代的镜腿换到前一代上，省去配镜烦恼
2024年5月26日 · 智能眼镜2【钛空光学镜】发布会新品！,这款华为眼镜2科技感十足，搭配的钛空光学镜更是耀眼。蓝牙耳机音效非常好，待机时间长，不会错过任何电话和社交信息，日常佩戴眼镜的同时，还可以解放双耳。我本人近视，配的变色近视镜度数准确，大品牌的镜片，舒适感极好。客服热情，服务周到，快递迅捷。
2024年5月27日 · 智能眼镜2【钛空光学镜】发布会新品！,一直很期待，终于戴上了，时尚大方，线条优美，戴着很舒服，音质好。客服耐心细致，物流迅速，很棒！！！
2024年5月27日 · 智能眼镜2【钛空光学镜】发布会新品！.,好东西没啥可说的，建议大家都体验一下科技带来的好处，爽歪歪。
2024年5月28日 · 智能眼镜2【钛空光学镜】发布会新品！,华为眼镜看了很久了，感觉618挺优惠就买了，相信华为 ，卖家客服非常好.
2024年5月28日 · 智能眼镜2【钛空光学镜】发布会新品！.,比一代好太多了、轻便、充电快、音质也不错�把跑步的耳机钱也省下来了、还方便，值得购买
2024年5月29日 · 智能眼镜2【飞行员光学镜】发布会新品！.,眼镜收到，凑齐了华为手机，手表，耳机，眼镜。。很魔幻的感觉。很方便，骑车接电话，户外活动听歌，这些场景都满足了。跟耳机搭配也很可，简直六，华为牛叉。
2024年5月2日 · 智能眼镜2【方形无框光学镜】.发布会新品！.,第二天就收到了匆忙去眼镜店配了个镜片，佩戴舒适
2024年5月2日 · 智能眼镜2【金丝光学镜】发布会新品！.,优点：音质清晰，使用方便，眼睛整体不沉重，佩戴没有不适感 缺点：眼镜框没有螺丝不能调节，基本上眼镜框变形就需要换镜框，索性用的是镜腿 安静环境下比较不错，低音状态下也很清晰，没有漏音，但是环境吵杂需要调大音量时会有不小的漏音，不利于摸鱼
2024年5月2日 · 智能眼镜2【飞行员光学镜】+飞行员2墨镜前框,正品无疑，还赠送了镜片清洗液。发货保护的也很好。
2024年5月2日 · 智能眼镜2【飞行员光学镜】+飞行员2墨镜前框,正品！比从官网买更人性化一些，直接带着墨镜来的。还送了眼镜液
2024年5月30日 · 智能眼镜2【方形半框光学镜】发布会新品！,充电方便，配镜度数合适，眼镜舒服，音质特别好，不漏音不现实，但是非常棒，好用，对于我长时间需要耳机的人来说对耳朵太好了。
2024年5月30日 · 智能眼镜2【方形半框光学镜】发布会新品！,眼镜很好是正品，用着非常方便，镜片配制过程出了几次小插曲，好在最后解决掉了，谢谢客服阿絮
2024年5月30日 · 智能眼镜2【方形无框光学镜】.发布会新品！,佩戴舒适度一般，经常低头工作的千万不要购买，用苹果手机的不建议购买，很多功能只支持华为手机。
2024年5月30日 · 智能眼镜2【飞行员光学镜】发布会新品！.,东西用着还可以，买的防蓝光，镜片有防伪标志，但是看起来镜片有点偏黄，戴上看白色物品也有点偏黄，可能还得自己再去配镜片了
2024年5月31日 · 智能眼镜2【金丝光学镜】发布会新品！.,上班摸鱼神器，太阳底下还会变色，帅！
2024年5月31日 · 智能眼镜2【飞行员光学镜】发布会新品！.,很帅，很实用，解决了平时不方便戴耳机+戴耳机通话的痛点。苹果手机也能用，下半年冲mate70，期待解锁更多功能。
2024年5月3日 · 智能眼镜2【方形半框光学镜】发布会新品！,东西非常好，店家也很热情，服务态度很好
2024年5月3日 · 智能眼镜2【飞行员光学镜】发布会新品！.,眼镜不错是，声音比较大，度数准确
2024年5月3日 · 智能眼镜2【飞行员光学镜】发布会新品！.,5月1号收到货 眼镜的生产日期是23年10月、外包装坑坑洼洼 对比之前咨询客服、拆封试戴可退（不影响二次销售） 我就怕是别人用过、从新封装的、就全程录像拆封 果不其然、拆封镜片全是灰尘、镜腿有污垢、如图 客服的回答就是、你可以退换货 真是忽悠一个是一个 商家给我打电话说是什么售后换机、咱不明白 我买的就是全新未拆封的、你说那么多 各位亲们、在收到货、一定要全程录像拆封 保护好自己的权益啊。
2024年5月4日 · 智能眼镜2【金丝光学镜】发布会新品！.,品质一级棒，包装也不错，物流很快，而且价格合理，很实惠，很喜欢
2024年5月7日 · 智能眼镜2【钛空光学镜】发布会新品！.,眼镜外观不错，镜腿再苗条一些会更好，耳机音质也很好，佩戴感觉还行，可能还需要适应一段时间吧。好评……
2024年5月8日 · 智能眼镜2【金丝光学镜】发布会新品！.,总体来说带着还挺舒服的，你还免费配了近视镜片自己换的很好换，华为的质量还可以保证的这个智能眼镜可以连接两两台手机，一台苹果一台华为无缝切换很方便，音质的话中规中矩，特别带着骑电动自行车的时候基本上不能弹音质，接个电话还挺方便的，以后还会换行业更高端的产品，支持国产从我做起！
2024年5月9日 · 智能眼镜2【方形半框光学镜】发布会新品,新玩具，对于店方的处理及发货速度赞不绝口。首先要求换近视镜，说道要3~5天，但事实上一天就完成，而且即时发货，很快就已经收到。  到手之后音质可以，唯一的问题是自己用苹果的，没能用到华为检测低头的功能，希望可以在将来把有关功能下放到其他手机系统。
2024年5月9日 · 智能眼镜2【方形无框光学镜】.发布会新品！.,不错，做工和音质不错，但是我选择无框的，镜片容易碎。当时就赶紧让客服阿絮补发了一个。感谢！华为的东西推荐了
2024年6月10日 · 智能眼镜2【方形半框光学镜】发布会新品！,东西收到了，用了几天后来评价一下。音质方面，与入耳式的还是有点差距的，但是由于我总是忘记带蓝牙耳机，使用还是挺方便的。舒适度方面，比预想的要轻，一天带下来也没什么压迫感觉。总体而言还是比较推荐的，简直是摸鱼利器
2024年6月10日 · 智能眼镜2【方形半框光学镜】发布会新品！,用了一天，音响效果很好，很智能
2024年6月10日 · 智能眼镜2【方形半框光学镜】发布会新品！,配了近视镜 目前体验还不错�
2024年6月10日 · 智能眼镜2【金丝光学镜】发布会新品！.,音效很好，用起来很方便
2024年6月10日 · 智能眼镜2【飞行员光学镜】发布会新品！.,很棒的商家  服务态度很好  音质也不输千元耳机  本人觉得摸鱼很好  漏音问题也不严重
2024年6月11日 · 智能眼镜2【方形无框光学镜】.发布会新品！,眼镜音质挺好的，外观也挺好看，配过来眼镜跟我原来眼镜无缝衔接，不会眩晕。
2024年6月11日 · 智能眼镜2【金丝光学镜】发布会新品！.,比预想的要好，带上很轻，音质也很好。金色镜框对女士很友好，上脸效果很赞
2024年6月12日 · 智能眼镜2【方形半框光学镜】发布会新品！,眼镜轻盈，戴着舒服，声音效果也不错，但最好配个镜腿，夏天戴一会容易滑。另外放音乐会带动镜片振动，看动西容易头晕。
2024年6月12日 · 智能眼镜2【方形半框光学镜】发布会新品！,非常不错的一次购物体验，客服服务周到，物流速度快，眼镜功能强大，做工不错，质量也很轻。
2024年6月12日 · 智能眼镜2【金丝光学镜】发布会新品！.,眼镜超级好看并且音质杠杠的，戴上很舒服，还会回购的
2024年6月12日 · 智能眼镜2【飞行员光学镜】发布会新品！.,给老公的礼物，非常满意，很超级哦，比耳机方便很多，还送近视镜片，真的不错，打算过段时间再配个墨镜夹片，赞
2024年6月12日 · 智能眼镜2【飞行员光学镜】发布会新品！.,音质可以 是理想状态了 也不是很重 可以接受 令人满意的一次购物
2024年6月13日 · 智能眼镜2【方形半框光学镜】发布会新品！,小眼镜有大作用，日常太方便了！非常精致！
2024年6月13日 · 智能眼镜2【方形无框光学镜】.发布会新品！,戴着一点不重，长时间戴耳朵也不痛，充电太快了，20分钟充满50%，而且听音乐长达10多个小时，续航也不错，声音音质很好，环绕在头部，做工优秀，戴着颜值很高，爱了，喜欢的可以考虑入手，全新未拆封，查了华为正品。
2024年6月13日 · 飞行员光学眼镜2+【防蓝光镜片 1.56 非球面】,眼镜很好，镜片真的是垃圾中的垃圾，左右厚度都是反的，早知道就买裸机了，纠结这个镜片纠结了一周多花了一百还是废品，还要自己去配过，配镜的老板直言没见过这么差的镜片
2024年6月14日 · 智能眼镜2【方形半框光学镜】发布会新品！,眼镜很快收到了，镜片度数没确定就发货了，自己换镜片有点难，2片都崩了边，还好没全碎，但2片发的颜色还不一样，有点阴阳眼在光下很诡异，通话声音清晰度很好，听音乐在旁边会听到，室内声音要小一些，室外没影响，这款还是板材的比较搭，好像各款镜腿都是黑色板材一样的。
2024年6月15日 · 智能眼镜2【飞行员光学镜】发布会新品！.,眼镜还不错 就是有点松 但是不影响 直接拧紧就好了 蓝牙耳机声音也可以 主要是有降噪功能 不错不错 整体来说
2024年6月16日 · 智能眼镜2【方形无框光学镜】.发布会新品！,华为智能眼镜是一款非常出色的产品，它的设计时尚，佩戴舒适，而且功能强大。我在使用过程中，发现它的语音助手非常智能，可以快速响应我的指令，进行各种操作，如查询天气、接听电话等。此外，它的电池续航能力也非常出色，一次充电可以使用很长时间。总的来说，我非常满意华为智能眼镜的表现，它不仅提升了我的生活便利性，也为我带来了科技的乐趣。我会向朋友推荐这款产品，并期待华为未来能推出更多创新的智能设备。
2024年6月17日 · 智能眼镜2【钛空光学镜】发布会新品！,以前买的GM联名款，这次换了华为智能眼镜2代，新款更轻了，设计精巧，佩戴舒适。打电话音质清晰，智能功能实用，日常使用便捷，店铺服务好，发货快，非常满意的购物体验。
2024年6月18日 · 智能眼镜2【方形半框光学镜】发布会新品！,东西收到了，发货和快递是真的快，还在考虑要不要买点其他东西时，眼镜已经到菜鸟驿站。。。。。。客服说7天内到，下单一天就到了，这是逗我玩呢。眼镜收到，试用还行，赶天去眼镜店配好一点的境片。
2024年6月18日 · 智能眼镜2【钛空光学镜】发布会新品！,眼镜不错，戴上去很帅气很智能，可以接听电话和听音乐，非常的给力，细节不错，还送了近视镜，非常的清晰，度数很准，赞一个
2024年6月1日 · 智能眼镜2【方形半框光学镜】发布会新品！,挺简约大方的款式。对不喜欢带耳机的人来说是绝佳用品。音质还可以，漏音不明显。摸鱼神器。
2024年6月1日 · 智能眼镜2【钛空光学镜】发布会新品！,正品全新，眼镜体验也不错。
2024年6月1日 · 智能眼镜2【飞行员光学镜】发布会新品！.,华为产品，真心不错，继续支持华为产品
2024年6月1日 · 智能眼镜2【飞行员光学镜】发布会新品！.,在这家店买的第二副华为眼镜
2024年6月20日 · 智能眼镜2【钛空光学镜】发布会新品！,外观很理想，是我希望的，未下单之前第一个客服的服务态度特别差，很不耐烦，所以只给三个星，发货清洁液和眼镜布也没有！还好补发了.
2024年6月20日 · 智能眼镜2【飞行员光学镜】发布会新品！,正品，第一次感受没有戴耳机却有音乐，体验真不错
2024年6月22日 · 【加99元送前框到手价1438】飞行员光学镜2+飞行员2灰白渐变前框,外观比想象中好，大小适中！音质好！同时配了一前框近视片，改天去店里装一下。
2024年6月22日 · 智能眼镜2【方形半框光学镜】发布会新品！,带着和其他眼镜一样不难受，音质也是很好
2024年6月22日 · 智能眼镜2【金丝光学镜】发布会新品！.,先去了店里试了试眼镜，最终选的金丝框，免费送了近视镜片，今天收到了带着感觉蛮好的，非常适合带耳机耳朵会发炎人群哈哈哈，上班摸鱼好物
2024年6月23日 · 智能眼镜2【金丝光学镜】发布会新品！.,整体来说还是很不错的，官方正品，客服阿絮态度很好，发货很快，眼镜质量也很好，收到直接试用了一下，操作很简单，值得推荐！
2024年6月24日 · 智能眼镜2【方形无框光学镜】.发布会新品！,做工精致，没有什么瑕疵。另外，接打电话，听音乐神器。值得推荐。
2024年6月24日 · 智能眼镜2【方形无框光学镜】.发布会新品！,心心念念好久终于到到第四代上架了，技术较上次有所改进。购买过程中有些小插曲，忘记给我发长螺丝，但是客服都耐心的解决了。总体来说购物还是很愉快的。
2024年6月25日 · 智能眼镜2【方形无框光学镜】.发布会新品！,快递速度快，商品完好无损，客服态度好，非常满意！
2024年6月25日 · 智能眼镜2【方形无框光学镜】.发布会新品！,支持民族企业，为华为手机配了一副华为眼镜，红包还抵了十块钱。等待送背包
2024年6月26日 · 智能眼镜2【钛空光学镜】发布会新品！,好用，音质对我来说够用了，主要是能摸鱼五星好评。
2024年6月26日 · 智能眼镜2【钛空光学镜】发布会新品！,眼镜高端大气上档次、推荐购买，音质非常不错���
2024年6月27日 · 智能眼镜2【方形无框光学镜】.发布会新品！,确实声音效果没有那么差，可以和我的freebuds pro2一拼，一整套华为没有学习成本，总体上感觉挺好
2024年6月27日 · 智能眼镜2【飞行员光学镜】发布会新品！,眼镜很不错，带上去很帅气。可以接听电话播放音乐。很智能。非常给力。很舒服，做工也很棒，赞一个
2024年6月27日 · 智能眼镜2【飞行员光学镜】发布会新品！,非常舒适 华为大品牌 还有颈椎监测功能
2024年6月28日 · 智能眼镜2【金丝光学镜】发布会新品！.,宝贝物超所值，很喜欢，下次还会来的
2024年6月29日 · 智能眼镜2【飞行员光学镜】发布会新品！,非常好用，很轻，声音特别清楚
2024年6月2日 · 智能眼镜2【钛空光学镜】发布会新品！,眼镜款式很漂亮，音质也不错，很满意
2024年6月30日 · 智能眼镜2【金丝光学镜】发布会新品！.,正品保障，很好用，客服小哥哥小姐姐也非常的热情客气，很不错的购物体验
2024年6月30日 · 智能眼镜2【金丝光学镜】发布会新品！.,眼镜包装精美，带着也挺舒服，免费赠送蓝光镜片，客服态度好，我老公很喜欢，喜欢的赶快下单吧！
2024年6月3日 · 智能眼镜2【方形半框光学镜】发布会新品！,很正很正的正品，带起来舒适，音质很棒，骑行过程中少了带耳机的烦恼，点赞点赞��������������������������������������������������������������������������������������������������������������
2024年6月3日 · 智能眼镜2【钛空光学镜】发布会新品！,外观很帅气 适合上班 开车坐飞机戴 可以配近视镜 很不错
2024年6月3日 · 智能眼镜2【钛空光学镜】发布会新品！.,续航2天，外观非常nice，钛金属框架比较坚固，客服态度好，物流快，保价把差价都给返还了，另外联系了华为售后给免费换了加长铰链。
2024年6月3日 · 智能眼镜2【飞行员光学镜】发布会新品！.,眼镜很不错，电池�续航也不错，完美，服务态度也很好，问什么都及时回答
2024年6月4日 · 智能眼镜2【方形半框光学镜】发布会新品！,物流非常快，蓝牙十分灵敏，音质不错，摸鱼神器�
2024年6月4日 · 智能眼镜2【方形半框光学镜】发布会新品！,眼镜很好用，酷酷的，还很实用，刷视频听音乐都不吵别人。客服君君也很友善
2024年6月4日 · 智能眼镜2【金丝光学镜】发布会新品！.,很不错，信赖华为拥有华为
2024年6月4日 · 智能眼镜2【飞行员光学镜】发布会新品！.,真的非常好用，续航时间非常长，声音也特别的清晰，做工精巧细致，体验感很好，支持华为！！！
2024年6月5日 · 智能眼镜2【方形半框光学镜】发布会新品！,总体来说还是很不错的，戴上自动连接，用处多多，钓鱼、上班摸鱼、陪娃睡觉都很好用，电量正常使用能用一两天，主要充电很快，洗澡的时候充一下就差不多了，功能方面就是眼镜➕耳机，镜腿肯定是比正常眼镜要粗一点的但是不会觉得很重，戴惯细腿镜框的可能会不习惯。
2024年6月5日 · 智能眼镜2【飞行员光学镜】发布会新品！.,买给家人的，实物如图，比想象中轻，接听电话方便也清楚，值得入手。
2024年6月5日 · 智能眼镜2【飞行员光学镜】发布会新品！.,眼镜不错，还配了近视镜，效果还是不错的，客服君君服务也很到位
2024年6月5日 · 智能眼镜2【飞行员光学镜】发布会新品！.,眼镜做工很好，佩戴舒适，连接速度很快，音质蛮不错的，总体比较满意
2024年6月5日 · 智能眼镜2【飞行员光学镜】发布会新品！.,眼镜用了一段时间了，非常好，戴着舒服
2024年6月5日 · 智能眼镜2【飞行员光学镜】发布会新品！.,真的遥遥领先 领先的不是一点点 音质也很不错 佩戴舒适度也很棒 搭配水果手机也可以畅快听歌 真的是摸鱼神器 飞行员款上脸也特别好看
2024年6月5日 · 智能眼镜2【飞行员光学镜】发布会新品！.,真的很好，比想象中的音质效果好太多了！！！就像耳边有个千元级的音响！ 舒适度：很舒服用起来几乎无感，做工也很棒，挺满意的
2024年6月6日 · 智能眼镜2【方形半框光学镜】发布会新品！,眼镜不错，給配了镜片，少了不少麻烦，挺好
2024年6月7日 · 智能眼镜2【方形半框光学镜】发布会新品！,又帮朋友买了一副，愉快的购物经历，发货很快，原装正品。
2024年6月7日 · 智能眼镜2【方形无框光学镜】.发布会新品！,眼镜很好是正品，比官网便宜，还送东西
2024年6月7日 · 智能眼镜2【飞行员光学镜】+飞行员2亮黑色前框,连最基本的更换工具都不给，叫我自己去服务区更换镜框。
2024年6月7日 · 智能眼镜2【飞行员光学镜】发布会新品！.,很轻戴着很舒服，华为大品牌 国货之光 音质也很好卖家服务态度好 发货快
2024年6月7日 · 智能眼镜2【飞行员光学镜】发布会新品！.,眼镜非常好 度数配的十分合适 客服君君的服务也很到一次非常满意的购买过程
2024年6月7日 · 智能眼镜2【飞行员光学镜】发布会新品！.,音质很清晰，店家发货速度超级快 很满意戴上特别舒服 华为大品牌 值得信赖
2024年6月9日 · 智能眼镜2【金丝光学镜】发布会新品！.,挺好的～跟线下体验店一样的
2024年7月11日 · 智能眼镜2【方形半框光学镜】发布会新品！,非常好的智能眼镜，卖家服务很好，客服也很热情。一次很愉快的购物。
2024年7月11日 · 智能眼镜2【飞行员光学镜】发布会新品！,送给男朋友的生日礼物，他带上超级帅气！音质很不错，接听电话也很方便，他很喜欢这个眼镜～希望未来华为的智能眼镜可以实现镜片翻译，去各国旅行就不愁了～
2024年7月13日 · 智能眼镜2【方形半框光学镜】发布会新品！,佩戴舒适 操作方便 值得购买！
2024年7月13日 · 智能眼镜2【方形半框光学镜】发布会新品！,很好，很不错，值得这价格，后续关注下…………………………………
2024年7月13日 · 智能眼镜2【飞行员光学镜】发布会新品！,已经用过一段时间了，效果不错�，客服服务有耐心，解答详细，赞一个
2024年7月14日 · 智能眼镜2【方形无框光学镜】.发布会新品！,在这家买的第二个了，质量很好，还会再来的
2024年7月16日 · 【加99元送前框到手价1449】飞行员光学镜2+飞行员2黑白渐变前框,可以，非常好。这眼睛，挺智能的。 蓝牙功能  很放心，真好用！
2024年7月16日 · 智能眼镜2【方形半框光学镜】发布会新品！,带起来又清晰  又时尚  音质很好 墨镜一带  谁也不爱
2024年7月17日 · 智能眼镜2【方形半框光学镜】发布会新品！,作为一名华为智能眼镜2的用户，我深深地感受到了这款产品的魅力和实用性。从我第一次戴上它开始，它就为我带来了全新的智能体验。 首先，它的蓝牙连接功能真的非常方便。我可以轻松地将手机与眼镜连接，无论是接收消息还是查看通知，都变得轻而易举。而且，它的语音交互功能也让我感到十分惊喜。现在，我只需简单地说出指令，就能打电话、听音乐、查询天气，感觉就像有了一个随身的智能助手。
2024年7月17日 · 智能眼镜2【飞行员光学镜】发布会新品！,说下感受，外观不错，重量也很轻，感觉和普通眼镜没太大区别。续航的话，一天10小时的耗电量在50%左右，充电很快。隔音效果比较好，音质一般，但满足我的日常需求，个人感觉算能提升生活便捷度的电子产品。
2024年7月17日 · 智能眼镜2【飞行员光学镜】发布会新品！,非常方便，选的是可以变色的镜片，有紫外线可以颜色变深。还可以更换有度数的镜片，音效也不错，骑车不戴耳机，戴眼镜更安全，开车的时候戴着也很方便。
2024年7月18日 · 智能眼镜2【钛空光学镜】发布会新品！,每天总有几次来电播报响一秒就没声儿了，门店售后也查不出问题，有人遇到同样问题吗？
2024年7月19日 · 智能眼镜2【金丝光学镜】发布会新品！.,真的很好看，也非常实用，直接在店里配的镜片也很方便。客服态度也很好！
2024年7月19日 · 智能眼镜2【钛空光学镜】发布会新品！,平常开车戴，好用声音清晰，帅气便捷，华为值得性赖。
2024年7月19日 · 智能眼镜2【飞行员光学镜】发布会新品！,卖家发货很速度！这个带着很方便，眼睛上带耳机，而且实物真的很好看
2024年7月1日 · 智能眼镜2【钛空光学镜】发布会新品！,很惊艳的眼镜，感觉比1要轻，银色渐变很漂亮。
2024年7月1日 · 智能眼镜2【飞行员光学镜】+飞行员2墨镜前框,非常牛的一个智能眼镜！！！值得拥有
2024年7月20日 · 【加129元送前框到手价1479】飞行员光学镜+飞行员2墨镜前框,华为智能眼镜把蓝牙耳机与眼镜合一，非常好。续航能力也很强，设计比较美观大方，开车使用平时使用都合适.
2024年7月20日 · 智能眼镜2【方形半框光学镜】发布会新品！,音质比1代还要差比较大。不推荐，镜腿夹得耳朵疼，特别是运动的时候，基本上没办法使用。使用时间是长起来了，但是低音基本没有，可能是镜腿改窄了的原因。完全不值得购买，还不如骨传导耳机来的好！
2024年7月21日 · 智能眼镜2【方形无框光学镜】.发布会新品！,客服阿絮很热情，眼镜通话音质还是挺好的，折叠眼镜盒携带挺方便！总体比较满意！
2024年7月23日 · 【加129元送前框到手价1479】飞行员光学镜+飞行员2墨镜前框,眼镜非常好看，华为高科技，喜欢，期待越来越智能。
2024年7月24日 · 飞行员光学眼镜2+【防蓝光镜片 1.67 非球面】,对华为产品失望透顶   真不如Xiaomi产品好    镜框容易断   镜框的质量也参差不齐
2024年7月25日 · 智能眼镜2【方形半框光学镜】发布会新品！,服务很好 眼镜清晰 物流快
2024年7月26日 · 智能眼镜2【金丝光学镜】发布会新品！.,看了好久这个智能眼镜了，终于验光之后下单了。用了两天简单说一下体验感受，舒适度上肯定是不如普通眼镜，毕竟镜腿粗了，刚开始戴上会有点儿不适，但是适应一段时间就好了。我配的近视镜片，商家给安装好邮过来的。续航方面，今天一天，上午只连了蓝牙没听歌，到中午电量还显示百分之百，中午十二点半到晚上开始断断续续听歌，到晚上十点，电量还有百分之六十二，这个续航非常可以了，不干啥可以坚持三四天，要是一直使用的话我觉得得一天一充吧，就跟手机似的。这款眼镜确实是摸鱼好帮手啊�接打电话音质很不错，音量只要开的不是很大，基本不会漏音。客服很负责，有问必答，态度很好。总体来说非常满意了，对于近视的人来说我觉得确实很值得入手。
2024年7月27日 · 智能眼镜2【方形无框光学镜】.发布会新品！,全新的眼镜，挺不错的，很好玩，音质不错，安静环境下，不能声音大
2024年7月2日 · 智能眼镜2【方形无框光学镜】.发布会新品！,华为智能眼镜，带上之后爱不释手，特别的对近视的人来说简直是福音，稍微比普通眼镜重一点，带习惯之后完全不在需要蓝牙耳机，就是有时候打电话别人会以为在跟他说话
2024年7月2日 · 智能眼镜2【金丝光学镜】发布会新品！.,配的近视镜片，很棒的体验，和我原有的一样，很专业。 音质也试了，很棒。
2024年7月31日 · 飞行员光学眼镜2+【送飞行员墨镜夹片】,眼镜比想象中轻，声音清晰，使用方便，发货快速值得推荐。
2024年7月3日 · 智能眼镜2【金丝光学镜】发布会新品！.,商家的售后服务是真的慢
2024年7月3日 · 智能眼镜2【金丝光学镜】发布会新品！.,眼镜很漂亮，重量轻，戴上舒服，没有不适感，对过程中的产品服务也很满意！
2024年7月4日 · 智能眼镜2【方形半框光学镜】发布会新品！,音質不錯，但是容易漏音
2024年7月5日 · 智能眼镜2【钛空光学镜】发布会新品！,发货快，音质好，戴着轻。
2024年7月5日 · 智能眼镜2【飞行员光学镜】发布会新品！,真不错，续航比上一代长了不少，用一天到晚上还有电，镜腿也细了
2024年7月7日 · 【加99元送前框到手价1449】飞行员光学镜2+飞行员2亮黑色前框,确实很不错，充满电可以维持一到二天的使用，适合各种环境，值得下手
2024年7月8日 · 智能眼镜2【方框太阳镜】2024新品发售,买了两个，戴眼镜的话真心挺好，免得戴尔耳机了
2024年7月8日 · 智能眼镜2【飞行员光学镜】发布会新品！,他们家大家可千万别买，我买完之后，镜腿和近视镜片是分开发货的，大家想想，你在他家买完眼镜和近视镜片之后，到货还得自己组装或者找眼睛店去安镜片！一开始我要退回让他们安好发过来，客服说这样太麻烦，让我找本地眼镜店安，不行费用他们出。然后我到货找眼睛店安了，回头他们就不认了，我的退费申请直接给我拒了。好家伙跟我玩一次性买卖是吗？我已经申请店小二介入了，之后再投诉卖家，既然不能好聚好散，那OK，我就跟你们杠上了，所有对话我都有截图，想输都输不了。我为我说的话负法律责任！
2024年7月8日 · 智能眼镜2【飞行员光学镜】发布会新品！,先来一波图赏特写： 镜腿，鼻梁，鼻托，铰链 镜腿外侧印有HUAWEI的logo，在镜腿上引入了全新同向双振膜单元，实现减少漏音；还囊括了抗风降噪导管，全新的双麦克风黄金布局，眼镜可以更清晰的拾取声音，对方听得更清楚，很赞��
2024年8月10日 · 智能眼镜2【方形半框光学镜】发布会新品！,眼镜很好，很喜欢，带着比较好看的！
2024年8月10日 · 智能眼镜2【钛空光学镜】发布会新品！,颜值ok的，骑车也能听音乐，不错
2024年8月12日 · 智能眼镜2【方形半框光学镜】发布会新品！,体验感很好 也不存在漏音，电量很耐用也不压耳朵
2024年8月12日 · 智能眼镜2【金丝光学镜】发布会新品！.,眼镜佩戴很舒适，颜值担当，终于不用随身带蓝牙耳机了！
2024年8月13日 · 智能眼镜2【方形半框光学镜】发布会新品！,快递及时，眼镜定制镜片质量很好，还能选变色的，眼镜腿贴着耳边听的清晰，
2024年8月13日 · 智能眼镜2【方形无框光学镜】.发布会新品！,非常好用，眼镜的款式也很时尚。 买来做礼物很合适，科技改变生活
2024年8月13日 · 智能眼镜2【金丝光学镜】发布会新品！.,绝对好，绝对哈，实物与描述的一样，质量相当好，卖家态度也好，有问必答，发货速度杠杠的，值得购买哦，怎么说呢，就是非常方便。哈哈哈哈哈哈哈！
2024年8月13日 · 智能眼镜2【钛空光学镜】发布会新品！,给老公的礼物，非常满意，实用好看，值得购买
2024年8月14日 · 【加99元送前框到手价1449】飞行员光学镜2+飞行员2透灰色前框,华为智能眼镜，戴上之后爱不释手，特别的对近视的人来说简直是福音，稍微比普通眼镜重一点，戴习惯之后完全不再需要蓝牙耳机，就是有时候打电话别人会以为在跟他说话
2024年8月14日 · 飞行员光学眼镜2+【送飞行员墨镜夹片】,超级好 体验感挺好推荐购买哦 镜框挺轻
2024年8月15日 · 智能眼镜2【方形半框光学镜】发布会新品！,镜片防蓝光，蓝牙语音清晰，佩戴非常舒适！
2024年8月15日 · 智能眼镜2【金丝光学镜】发布会新品！.,很好，这个最好的功能我觉得是开车使用，周围环境音也不影响开车，各种使用都很满意，好评！做工，现在华为是真的可以了！很好用，华为生态再加一员！
2024年8月15日 · 智能眼镜2【钛空光学镜】发布会新品！,眼镜带了一段时间非常好，接打电话解放双手，随时随地听音乐很nice！
2024年8月15日 · 智能眼镜2【飞行员光学镜】发布会新品！,是送朋友的生日礼物，我自己也有一款，因为用的非常好，所以觉得送朋友很适合。待机和音效都不错，而且链接速度也快。客服服务好，顺丰快
2024年8月15日 · 智能眼镜2【飞行员光学镜】发布会新品！,最近工作学习需要一个隐蔽又省心的设备方便播放音频，耳机又过于显眼，试用了同事的骨传导总感觉差一点，华为这款眼镜就刚好切中了我的需求！ 本来就佩戴眼镜，漏音也不明显，飞行家镜框更是自带酷炫风。虽然作为苹果用户有一些功能没法实现，但总体来说还是非常满意的。 相较于非常满意的外观，音质也还算差强人意，“智能眼镜”还有点距离，但作为一副自带耳机功能的眼镜已经做得很好(๑•̀ㅂ•́)و✧如果漏音能控制得再好一点就更接近完美了。 购物过程很愉快，客服很耐心，而且帮忙配好镜片本来预计一周结果三四天就到手了。希望这副眼镜可以陪伴我更久！
2024年8月16日 · 智能眼镜2【钛空光学镜】发布会新品！,华为的这款眼睛性价比特别高，钛金属的特别轻，目前在我看来各方面都比较突出，比较符合我的购物需求，无论是从样式还是性能都是非常棒的
2024年8月16日 · 智能眼镜2【钛空光学镜】发布会新品！,钛金属的只能说遥遥领先，语音播报功能太实用了，我用的都是华为，真的是太棒了，比卖水果那个牌子强多了。
2024年8月18日 · 智能眼镜2【方形半框光学镜】发布会新品！,很智能，老公心心念念的，他很喜欢。客服态度也很好，效率的很，支持国货。支持华为。
2024年8月19日 · 智能眼镜2【方形无框光学镜】.发布会新品！,头一天拍的，第二天就拿到了。用着不错，比想象的好，我觉得重量还可以。
2024年8月19日 · 智能眼镜2【钛空光学镜】发布会新品！,物流很快今天买第二天就到了 很时尚也很轻这种材质带上去很舒服音质也可以 值得推荐
2024年8月20日 · 智能眼镜2【钛空光学镜】发布会新品！,带着很轻没有看上去哪个重 材料用的好 声音也很清晰 听听音乐打打电话很方便 遥遥领先吧
2024年8月22日 · 智能眼镜2【钛空光学镜】发布会新品！,尊敬的各位，我想借此机会表达我对愉快交易的深深赞赏。这并非一次简单的交易，而是一次充满信任、尊重和公平的交涉过程，它所体现出的价值远超过物质的交易本身。  首先，我要赞扬所有参与这次交易的人们。你们的专业技能、敬业精神和高效执行力让我深受启发。你们对细节的关注，对质量的追求，对时间的尊重，都让我感受到了你们的专业和执着。你们的努力和付出，使得这次交易能够顺利进行，成果超出预期。  其次，我要感谢这次交易的组织者和协调者。你们的高效组织和卓越协调能力，使得各方能够顺利、有效地进行交流和合作。你们的智慧和努力，让这次交易得以圆满完成。  我要特别赞扬这次交易的公平和透明。每一方都充分表达了自己的诉求，每一方都在公平和公正的环境中得到了应有的回报。这种公平和透明，不仅让每一方都感到满意，也为我们建立了长久的信任和友谊。  总的来说，这次愉快的交易让我深深感受到了团队的力量，感受到了公平交易的价值。我期待在未来的日子里，我们能够再次携手，共同创造更多的成功和喜悦。让我们继续保持这种积极、公平、透明的交易精神，共同创造更美好的未来。
2024年8月23日 · 智能眼镜2【飞行员光学镜】发布会新品！,也许个人对音质要求不高，反正试戴听了一会歌，感觉音质效果很OK，清晰无噪音对耳朵很友好，疯狂爱上这种神奇高科技哈哈哈，就是镜腿有点粗，虽然不重但如果要作为日常光学镜来佩戴的话还是不太方便，期待未来继续升级改良，把镜腿做薄
2024年8月24日 · 智能眼镜2【钛空光学镜】发布会新品！,配个眼镜片，请问是多难配的东西吗？说的配镜片需3-4天，我说好，结果五天了不催就没动静，第四天问，就回复在催会加急，第五天去问，客服依然回复催催，真是服了，后来我说你们再不发货就差评，才给我转了售后说去问配镜师，合着之前干啥了，催了个啥？然后没多久发货了，这处理效率发货速度真差评。 眼镜还行，线下店没啥差。
2024年8月25日 · 智能眼镜2【金丝光学镜】发布会新品！.,可以，比想象中的要好很多，
2024年8月25日 · 飞行员光学眼镜2+【送飞行员墨镜夹片】,不光正品还有赠品，很不错，顺丰发货，快
2024年8月26日 · 智能眼镜2【钛空光学镜】发布会新品！,眼睛很不错，整体重量很轻，戴了一天不累。耳机听起来很清晰，接听，挂断，音量调节都很方便方便。听歌音质也不错。总体来说还是不错的！
2024年8月31日 · 智能眼镜2【钛空光学镜.】发布会新品！,很轻，真的惊艳到我了，这款镜框我选了很久，也对比了其他品牌的，还是更信任华为，华为已经占据了我的大半个领域，华为的手机，华为的耳机，华为的眼镜等等，这款智能眼镜效果非常的好，不过钛空款价格是一点点贵，客户的服务态度也非常的好，不厌其烦的解答，我只是试戴了一下其他功能，等以后进一步试戴过后再来追加评价，喜欢的亲们可以下手了，确实会给你不一样的体验。
2024年8月31日 · 智能眼镜2【飞行员光学镜】发布会新品！,华为眼睛2的外观设计非常时尚，简约而不失个性。镜框采用轻量化材料，佩戴起来几乎没有负担，长时间使用也不会感到不适。     续航表现也让我感到惊喜。充满电后可以使用一天，满足了**常的需求。此外，眼镜的防水设计也让我在户外活动时更加安心，不用担心意外的天气变化。
2024年8月4日 · 飞行员光学眼镜2+【送飞行员墨镜夹片】,卖家服务贴心周到，十分满意，五星好评！
2024年8月5日 · 飞行员光学眼镜2+【送飞行员墨镜夹片】,颜值巅峰，摸鱼神器，哈哈哈，小伙伴们羡慕忌妒恨中。
2024年8月5日 · 飞行员光学眼镜2+【送飞行员墨镜夹片】,比3代的腿细了，耳朵应该会更舒服点，墨镜扣上去方便很多
2024年8月6日 · 飞行员光学眼镜2+【送飞行员墨镜夹片】,给爸爸买的生日礼物，非常满意。爸爸是老花粉了，他说这个眼镜还挺好玩的，送的墨镜夹片也很实用，如果是他自己肯定舍不得买。希望华为能够一直推陈出新，会一直买来让爸爸开心的！
2024年8月7日 · 智能眼镜2【钛空光学镜】发布会新品！,服务态度很好，镜片有破损，可以及时补发，功能也不错，省了带耳机了
2024年9月11日 · 【加99元送前框到手价1449】飞行员光学镜2+飞行员2灰白渐变前框,如果镜架耳朵那块能窄一点，会更好，更舒适。太宽了，有点不舒服。希望改进，华为华为，中华有为。
2024年9月14日 · 智能眼镜2【方形无框光学镜.】发布会新品！,正品 非常好用这个价格也便宜 还给我换了镜片防蓝光  佩戴舒适度可以
2024年9月16日 · 智能眼镜2【方形半框光学镜.】发布会新品！,东西质量非常好，与卖家描述的完全一致，非常满意，真的很喜欢，完全超出期望值，发货速度非常快，包装非常仔细、严实，物流公司服务态度很好，运送速度很快，很满意的一次购物。
2024年9月16日 · 智能眼镜2【方形无框光学镜.】发布会新品！,虽然用的是苹果，但连接也很快，音质也很好，又是酷酷的眼镜又能听歌谁不爱
2024年9月17日 · 智能眼镜2【金丝光学镜】发布会新品！.,跟我华为店里买的不太一样，自己戴着边骑车边戴着眼镜四周嘈杂声没有，这个店铺买的让我老公戴着不仅把鼻子压出两个印子，可难看了，而且发语音，对方说没声音，打电话嘈杂声很重，感觉和正品有区别
2024年9月18日 · 智能眼镜2【钛空光学镜.】发布会新品！,非常好，发货很快，客服态度很好
2024年9月20日 · 智能眼镜2【飞行员光学镜.】发布会新品！,送人的，非常方便好看！直接配好了装好，包装完整！！
2024年9月21日 · 飞行员光学眼镜2+【送飞行员墨镜夹片.】,挺好的 很轻，声音很清楚，不最大别人基本听不到。  好评  满意
2024年9月25日 · 金丝光学眼镜2+【送墨镜夹片】,"宝贝收到了，卖家发货很快，物流也非常给力,客服服务态度极好，很满意。"
2024年9月25日 · 飞行员光学眼镜2+【送飞行员墨镜夹片.】,试戴了一上午用的挺舒服的，使用也和宣传的那样，真的挺好用，打电话听歌旁边的人都听不到，而且带着颜值也在线，服务也很贴心，
2024年9月26日 · 智能眼镜2【方形无框光学镜.】发布会新品！,放口袋里，没想到镜片那么易碎。质量是真的差。客服不是这个不在，就是那个不在。说真的，处理事情是真的慢。我直接去眼镜店配，回来折腾还要500块钱，真是很让人无语。所以要买的要考虑清楚是不是需要了。
2024年9月28日 · 智能眼镜2【钛空光学镜.】发布会新品！,物流快，客服服务好，智能眼镜很赞，听歌接电话方便，推荐
2024年9月3日 · 智能眼镜2【方形无框光学镜】.发布会新品！,音质是可以。漏音测试：音量调到一半大小，就算在家里安静的环境下两个人保持社交距离也不会漏音太多，只会在仔细听的时候发现有声音，但是也不会听清楚具体的内容，这方面做的很不错了。 希望华为能做的越来越好。
2024年9月3日 · 飞行员光学眼镜2+【送飞行员墨镜夹片】,好！非常好！质量好，和实体店一样，颜色正，是我喜欢的
2024年9月5日 · 【加99元送前框到手价1449】飞行员光学镜2+飞行员2黑白渐变前框,比想象中好，整体不重，音质佳，眼镜度效最好还是配小一些，因为要听歌怕久了头晕。���
2024年9月5日 · 智能眼镜2【钛空光学镜】发布会新品！,华为眼镜是我近期最满意的一款产品，其独特的设计和实用性让我印象深刻。首先，它的外观时尚，佩戴舒适，长时间使用也不会感到不适。其次，它的功能强大，不仅可以接听电话，查看信息，还可以消息播报。它的续航能力也令人惊喜，一次充电可以使用很长时间。
2024年9月5日 · 金丝光学眼镜2+【送墨镜夹片.】,很不错的一个产品，祝华为越来越好。
2024年9月6日 · 【加99元送前框到手价1449】飞行员光学镜2+飞行员2黑白渐变前框,迫不及待的带上了，真的超出意外的喜欢。值得购买
2024年9月7日 · 智能眼镜2【金丝光学镜】发布会新品！,眼镜是正品 带着很舒服 而且听歌声音很大。很美观
2024年9月9日 · 智能眼镜2【钛空光学镜】发布会新品！,眼镜不错很方便，配镜寄来试戴后也寄回去调整，总体来说比较负责任，佩戴很舒适
2024年9月9日 · 智能眼镜2【飞行员光学镜.】发布会新品！,用起来不错，不漏音，戴起来很舒适
2025年1月10日 · 【加购送价值269元前框.】钛空光学镜+飞行员2透灰色前框,眼镜是正品，声音挺清晰，听音乐效果更好，客服夏日服务非常好，值得购买
2025年1月12日 · 智能眼镜2【方形半框光学镜】发布会新品！,蓝牙方便连接，音质扛得住，声音外漏小，性价比不错，有不懂的咨询客服阿絮也及时解答回复.还挺满意的
2025年1月13日 · 智能眼镜2【方形半框光学镜】发布会新品！,看中好久决定入手了，买回来戴了一周了，感觉很不错，接打电话非常方便。戴起来没有不适。
2025年1月13日 · 智能眼镜2【金丝光学镜】发布会新品！,产品喜欢，链接配对易上手，用着不错，开车用着方便，金丝框的感觉好看，戴着洋气，喜欢的小伙伴可以加购
2025年1月13日 · 智能眼镜2【金丝光学镜】发布会新品！,收到眼镜了 很惊喜 男朋友很喜欢
2025年1月14日 · 金丝光学眼镜2【加购送墨镜夹片.】,使用了一下感觉很好，带上去比较舒服，声音的音质清晰。客服阿絮服务也很好。
2025年1月15日 · 智能眼镜2【方形半框光学镜】发布会新品！,华为智能眼镜2的实用性和续航表现都很不错，外观也符合我的审美，整体很不错，希望华为继续优化产品，带来更多实用功能。
2025年1月15日 · 智能眼镜2【金丝光学镜】发布会新品！,眼镜收到了，第一天下午下单，第二天上午就收到了，非常满意。大大的赞。
2025年1月17日 · 智能眼镜2【方形无框光学镜.】发布会新品！,一直带无框的眼镜，这回配的正好也是无框镜体，商家还免费给配的变色近视镜片，整体价格太美丽了。佩戴舒适，做工很精细！续航持久，使用了2个多小时才用了不到20%的电量。在商场很嘈杂的环境听音频略微逊色，需要用手捂着点儿耳朵才能听清对方说话，但对方听我说话非常清楚，降噪处理的非常完美！安静环境下听歌电话一点问题都没有。
2025年1月18日 · 【加购送价值269元前框.】钛空光学镜+飞行员2透灰色前框,正品全新 相信华为，所以选择华为 店家服务很好
2025年1月18日 · 智能眼镜2【钛空光学镜】发布会新品！,发货很快，已经收到货了，商品和描述的差不多，质量没问题，关键价格也合适，在这里买还是很放心的，好评！
2025年1月19日 · 智能眼镜2【方形半框光学镜】发布会新品！,整体质量科技感都很不错，佩戴也还算舒适，不太重，新鲜事物尝试下还是很有乐趣
2025年1月19日 · 智能眼镜2【钛空光学镜】发布会新品！,商品很好，音质不错，连接灵敏方便，产品正品。
2025年1月19日 · 飞行员光学眼镜2【加购送飞行员墨镜夹片】,产品设计太出色了，充满了创意和实用性。产品质量极佳，每一个部件都堪称完美。服务态度亲切友善，小礼物也很用心，非常棒！
2025年1月20日 · 智能眼镜2【方形半框光学镜】发布会新品！,华为眼镜确实不错，声音请晰，颜值也高，电量续航时间还可以。期待更好的使用体验。
2025年1月20日 · 智能眼镜2【金丝光学镜】发布会新品！,眼镜看起来很有质感，用起来也方便，唯一就是声音外扩比较大，如果对隐私比较在意的话可能会介意
2025年1月22日 · 智能眼镜2【钛空光学镜】发布会新品！,眼镜很好，以为重量会有点重结果比很轻，音质很好。很喜欢推荐推荐
2025年1月23日 · 智能眼镜2【钛空光学镜】发布会新品！,第二次复购，华为质量毋庸置疑，店家服务好，价格公道合理！
2025年1月24日 · 金丝光学眼镜2【加购送夜间驾驶夹片】,眼镜很好用快递也很快音质也挺好的很方便用起来
2025年1月27日 · 智能眼镜2【方形半框光学镜】发布会新品！,拍了方形半框眼镜，又和客服商量不要镜片换成飞行员前框，收到后在当地眼镜店配了变色近视镜片。试用感受:第一次连接手机后下次只要戴上就直接连接到手机；接打电话很方便，尤其是在开车接打电话时安全而且方便；通话清晰，在嘈杂的集市上可调大音量或者在智慧生活APP里打开相关设置里。
2025年1月27日 · 智能眼镜2【方形半框光学镜】发布会新品！,音质很好，不漏音，商家也不错，送的近视镜片，好评
2025年1月29日 · 智能眼镜2【飞行员光学镜】发布会新品！,这几年买了五六万的华为产品就属这眼镜和当年的MATE50PRO最差  眼镜音质很差 而且漏音实在有些严重 音量调到30％以上距离半米内就会听的很清楚  别说摸鱼了简直是毫无隐私好吧  另外镜腿粗就不说了 松松垮垮的还很滑 两分钟就要扶正一次贼难受 传统的眼镜我有七八副从两百到两千价位都有  从来没有出现过这种情况   本来挺期待的到手第三天就不想戴了 还不如直接戴个蓝牙耳机  这产品简直了 买华为东西基本很少评价 这个是真难绷 有想买的慎重吧 这玩意最多值499 多花一分钱都是冤种
2025年1月31日 · 智能眼镜2【方形半框光学镜】发布会新品！,买来玩玩，还是不带摄像头的智能眼镜好，户外看抖音听歌神器，i人之友
2025年1月4日 · 【加购送价值269元前框】飞行员光学镜+飞行员2墨镜前框,续航时间长   解放双手  打电话不用拿手机了
2025年1月4日 · 【加购送价值269元前框】飞行员光学镜2+飞行员2透灰色前框,效果很可以，杠杠的，66666
2025年1月4日 · 智能眼镜2【钛空光学镜】发布会新品！,非常好，质量好，服务更好，很耐心的服务，外观精美，通话清晰，操作灵敏.
2025年1月5日 · 智能眼镜2【方形半框光学镜】发布会新品！,眼镜不错，非常喜欢，得赞一下。
2025年1月8日 · 智能眼镜2【方形半框光学镜】发布会新品！,使用很方便，解放双手，链接华为智慧生活有更多功能
2025年1月9日 · 智能眼镜2【方形半框光学镜】发布会新品！,眼镜收到了 特别惊艳 科技感十足 听小说打电话声音都很清晰 客服特别有耐心 讲解怎么连接手机 华为真牛会一直支持华为
2025年2月10日 · 智能眼镜2【方形半框光学镜】发布会新品！,华为眼镜超棒，声音清晰无比�，小电驴骑行听歌毫无阻碍，绝对的物超所值！
2025年2月10日 · 智能眼镜2【方框太阳镜】2024款,眼睛非常不错，音质很好，虽然耳机外放音杜绝不了，私密性差点意思，但可以接受。送的镜框和镜片也是不错，赞！
2025年2月11日 · 智能眼镜2【方形半框光学镜】发布会新品！,声音很清晰，接打电话听歌，很方便，不用担心会影响到别人。
2025年2月11日 · 智能眼镜2【方形无框光学镜.】发布会新品！,收到了，很喜欢，华为一直都是国货一流品牌，品质更是无话可说啦
2025年2月11日 · 智能眼镜2【金丝光学镜】发布会新品！,东西收到了 客服很贴心.
2025年2月12日 · 智能眼镜2【方形无框光学镜.】发布会新品！,配的无框镜体，商家还免费给配的变色近视镜片，整体价格太美丽了。佩戴舒适，做工很精细！客服很满意，快递也很快。眼镜盒牛。
2025年2月13日 · 飞行员光学眼镜2【加购送飞行员夜间驾驶夹片】,正品无疑，质量过硬，卖家服务好发货快，价格实惠，总之，一切都很满意�
2025年2月14日 · 智能眼镜2【钛空光学镜】发布会新品！,眼镜很漂亮，音质也很好，很满意！
2025年2月14日 · 飞行员光学眼镜2【加购送飞行员墨镜夹片】,发货很快，已经收到货了，商品和描述的差不多，质量没问题，在这里买还是很放心的
2025年2月15日 · 【加购送价值269元前框】飞行员光学镜2+飞行员2亮黑色前框,很好，看出来卖家用心了，塑封膜都是很小心用刀片划开的开口，刚好能拿出眼镜架，尽量保持原装的状态，打开后所有配件都没拆封，只是安装了镜片而已，没有任何指纹和操作的痕迹，尽量让顾客感受到拆封的喜悦。非常满意！
2025年2月15日 · 智能眼镜2【飞行员光学镜】发布会新品！,价格实惠，质量杠杠的，非常好的一次购物，下次还来
2025年2月15日 · 智能眼镜2【飞行员光学镜】发布会新品！,非常棒，话质清晰，值得购买，会推荐给朋友
2025年2月16日 · 【加购送价值269元前框】钛空光学镜+飞行员2灰白渐变前框.,东西还是很满意，和介绍的一样的，虽然物流让人有点无语，总体来说还是不错的
2025年2月16日 · 【加购送价值269元前框】钛空光学镜+飞行员2灰白渐变前框.,宝贝收到了，质量很不错，包装精致，材质优秀，比想象中好，客服态度也特别好，下次继续购买
2025年2月16日 · 【新年限定礼盒】飞行员光学镜2+新年礼包,比想像中更好，戴起來輕巧舒適 值得推薦買的商品  客服人員親切，夠棒的
2025年2月16日 · 智能眼镜2【方形半框光学镜】发布会新品！,真的很好用，对商品非常满意，属于无限回购款，推荐！从没想过这么实惠的价格能买到这么好的宝贝，下次还来你家
2025年2月16日 · 智能眼镜2【飞行员光学镜.】+飞行员2蓝白渐变前框,眼镜非常不错，戴着很时尚，蓝牙链接方便
2025年2月17日 · 智能眼镜2【方形半框光学镜】发布会新品！,收到货时感觉会很重，但一戴后感觉很轻便，配好镜片戴了几天，接电话，听音乐方便多了，一次不错的购物。
2025年2月17日 · 飞行员光学镜2【送飞行员前框+鼻托+湿巾+镜片夹片任选】,挺好的，声音清清晰，带上秒连手机，颜值也挺高的，本身度数挺高的，加上1.75镜片看起来也不厚
2025年2月18日 · 【新年限定礼盒】钛空光学镜2+新年礼包,送男朋友的 颜值很高  上班摸鱼必备
2025年2月18日 · 金丝光学眼镜2【加购送墨镜夹片.】,眼镜非常轻盈，质量很好，听质很清晰，还有专门配度数，这家店非常nice，在线安利。
2025年2月1日 · 智能眼镜2【方形无框光学镜.】发布会新品！,质感很棒，与描述相符，每次咨询客服都很耐心，面面俱到，值得拥有。
2025年2月1日 · 智能眼镜2【方形无框光学镜.】发布会新品！,过年期间买来送给朋友的礼物，快递顺丰也很给力，客服也是有问必答。
2025年2月20日 · 方形无框光学镜2【送飞行员前框+鼻托+湿巾+镜片夹片任选】,发货速度太快了，真没想到，昨天下午拍的，不到24小时就收到货了。眼镜盒的包装也很好，一点损伤都没有。
2025年2月20日 · 金丝光学眼镜2【加购送夜间驾驶夹片】,眼镜不错，音质可以，符合预期
2025年2月20日 · 飞行员光学眼镜2【加购送飞行员墨镜夹片】,眼睛很好用。接电话很清晰
2025年2月21日 · 智能眼镜2【钛空光学镜】发布会新品！,很轻哦！还帮忙配了近视眼镜，上班摸鱼神器哈！爱了
2025年2月22日 · 智能眼镜2【方形无框光学镜.】发布会新品！,质量没得说！无论是材质的质感还是整体的做工，都让人眼前一亮。使用起来效果绝佳，真心赞！
2025年2月22日 · 智能眼镜2【方形无框光学镜.】发布会新品！,佩戴合适，不会感觉很重，电话和看视频都很方便，爱了
2025年2月24日 · 方形半框光学镜2【送飞行员前框+鼻托+湿巾+镜片夹片任选】,挺好的音质效果还不错用了两天续航也能8个小时上班，充电也快
2025年2月24日 · 方形半框光学镜2【送飞行员前框+鼻托+湿巾+镜片夹片任选】,昨天刚收到，今天正在使用，担心的重量问题，怕压耳朵，现在看来问题不大，我们使用几天以后再追评。
2025年2月24日 · 方形半框光学镜2【送飞行员前框+鼻托+湿巾+镜片夹片任选】,服务态度很好，东西也很好。。。。。。
2025年2月24日 · 方形无框光学镜2【送飞行员前框+鼻托+湿巾+镜片夹片任选】,�这款眼镜真心不错哦✨，佩戴感满分��！质感一流，重量也刚刚好��~(˘▾˘~)♡*｡o♡
2025年2月24日 · 智能眼镜2【金丝光学镜】发布会新品！,款式新颖，设计好看，材质优良，质量超棒。商家服务热情周到，使用体验舒适，物流快如闪电，性价比超高，非常满意！
2025年2月24日 · 金丝光学眼镜2【加购送墨镜夹片.】,很好的眼镜，声音非常清楚！也很好看。
2025年2月25日 · 【新年限定礼盒】金丝光学镜2+新年礼包,和实体店一样，款式很好看
2025年2月26日 · 方形半框光学镜2【送飞行员前框+鼻托+湿巾+镜片夹片任选】,眼镜很轻，试戴一下声音很清晰，送一副飞行员前框，等于两幅眼镜，很好
2025年2月26日 · 方形无框光学镜2【送飞行员前框+鼻托+湿巾+镜片夹片任选】,很好不是很重比想象的要轻佩戴也很舒适
2025年2月26日 · 钛空光学镜2【送飞行员前框+鼻托+湿巾+镜片夹片任选】,确实不错，暂时探索中。外观和物流很快。
2025年2月27日 · 【新年限定礼盒】飞行员光学镜2+新年礼包,第二次购买购买，这次是给女儿买的，产品质量很好，通话，听歌，声音很好，质量不错
2025年2月27日 · 方形半框光学镜2【送飞行员前框+鼻托+湿巾+镜片夹片任选】,华为质量没得说，戴起来很轻便，买之前以为会很笨重，超乎想象的好，运动工作两不误，客服阿絮很有耐心
2025年2月27日 · 方形无框光学镜2【送飞行员前框+鼻托+湿巾+镜片夹片任选】,非常满意，华为至上，媳妇儿也准备入手一个
2025年2月27日 · 钛空光学镜2【送飞行员前框+鼻托+湿巾+镜片夹片任选】,非常好的眼镜，收到了就试戴一下，音质很好，远距离听不见你眼镜的声音。佩戴也很舒服�。很好
2025年2月5日 · 智能眼镜2【金丝光学镜】发布会新品！,我觉得金丝的眼镜框非常好看，戴起来和正常的没什么区别，卖家服务也很好，非常不错
2025年2月6日 · 金丝光学眼镜2【加购送墨镜夹片.】,买来送人的，物流很快正好来的及带走，包装完好无损
2025年2月6日 · 飞行员光学眼镜2【加购送飞行员墨镜夹片】,过年期间还正常发货给办了加急，客服态度很好，包装完好
2025年2月7日 · 智能眼镜2【方形半框光学镜】发布会新品！,挺好的，这家是最优惠的一家了，收到货验证确实未激活。卖家送的眼镜框质量可以。为了华为生态放弃了更便宜的小米眼镜 哈哈哈。这个眼镜续航确实只有一天，特指用它听音乐，如果断开蓝牙就这么带着能撑两天，但据说比上一代好多了。音质还行，在嘈杂环境下必须最大音量。总之还是好评。
2025年2月7日 · 智能眼镜2【方形无框光学镜.】发布会新品！,眼镜很帅。使用中有点问题，客服也帮着解决了，很好很好很好。
2025年2月7日 · 飞行员光学眼镜2【加购送飞行员墨镜夹片】,直接买了我喜欢的飞行员，眼镜很轻，佩戴也很舒服。音质和其他功能都很强大。非常喜欢。。
2025年2月8日 · 智能眼镜2【方形半框光学镜】发布会新品！,刻意用了两天才来评价，眼镜重量可以忽略，跟之前的眼镜比感觉不到重，就我个人而言音质一般听音乐的可以绕道，听个书可以，安静环境苹果手机听书看视频两格就够用，三格四格边上的人可以凑过来一起听，所以漏音还是挺严重的，毕竟是外放的扬声器，打电话比较清楚，但是听感特别单调可以用刺耳来形容，可能我用其他耳机特别接近人声，手里有苹果常规跟Pro，还有索尼的1000xm4，还有其他耳机但都是一千多的耳机，相对而言这个眼镜就仅仅是听个响。续航的话具体没算过，这几天放假没事一直看电视打游戏，可以用一天，但肯定是不超过12个小时的，还有一点这个最新2代，它耳朵那个地方因为比较粗，带时间长了会感觉撑耳朵，会有痛感，如果你的耳朵离头很近最好去店里试戴，不过短时间也不会有不适感，这个个人觉得可以改进成扁的就会很舒服。买的时候另外买了个没框的，那个颜值高一点。总体的话，还是方便，看个人用途，对了前代没有的摘下耳机就暂停播放功能这个耳机有，不管是音频还是视频，也算人性化改进了。
2025年2月8日 · 智能眼镜2【方形半框光学镜】发布会新品！,带着挺舒服，一点都不沉，声音清晰。
2025年2月8日 · 智能眼镜2【方形半框光学镜】发布会新品！,挺好用的 上班带着摸鱼都可以 哈哈 音质也挺好的 客户也很给力
2025年2月9日 · 【新年限定礼盒】钛空光学镜2+新年礼包,好评，还没配近视镜，后续追加评论。
2025年2月9日 · 智能眼镜2【方形半框光学镜】发布会新品！,眼镜不错，戴起来不夹眼睛，度数也合适
2025年2月9日 · 智能眼镜2【方形无框光学镜.】发布会新品！,眼镜佩戴非常舒适，度数刚刚好。
2025年2月9日 · 智能眼镜2【钛空光学镜】发布会新品！,全新正品，音量续航比上一代强，连续7个小时不是问题，换前框跟上代有点区别，需要拧螺丝
2025年3月10日 · 【38节限定礼盒】钛空光学镜2+38眼镜礼包,帅帅的  非常实用  后续下单华为手机 支持华为
2025年3月10日 · 方形半框光学镜2【送飞行员前框+鼻托+湿巾+镜片夹片任选】,�这副眼镜真是太棒了！不仅外观时尚，而且待机时间也超级长。戴上去感觉自己瞬间变成了科技达人
2025年3月10日 · 钛空光学镜2【送飞行员前框+鼻托+湿巾+镜片夹片任选】,华为产品质量没得说，戴起来很轻便，买之前以为会很重，超乎想象的轻便，运动工作两不误，客服阿絮很有耐心
2025年3月10日 · 钛空光学镜2【送飞行员前框+鼻托+湿巾+镜片夹片任选】,比想象中的更骚情，男士用比较实用，开车不用再找手机了，可以直接接电话。
2025年3月10日 · 飞行员光学镜2【送飞行员前框+鼻托+湿巾+镜片夹片任选】,还可以，重量也能接受，声音也够清晰，总体来说还是很满意，唯一的缺点就是随心听只能听华为音乐，没办法选第三方音乐！
2025年3月12日 · 方形半框光学镜2【送飞行员前框+鼻托+湿巾+镜片夹片任选】,刚收到没电就立马充电。使用了下，音质非常好，感觉还可以。
2025年3月13日 · 飞行员光学眼镜2【加购送飞行员墨镜夹片】,看着比耳机省事一点不用戴耳朵里拍来看看
2025年3月14日 · 方形半框光学镜2【送飞行员前框+鼻托+湿巾+镜片夹片任选】,想要买品质的好宝贝还是要买大厂家！我网上买了好几家同类产品，线下去了好几个品牌店，最终选择了华为！物有所值，虽然有点小贵，贵有贵的道理！本店比我走过的好几家实体店优惠都大，好多赠品，服务好，以后一定继续支持！
2025年3月17日 · 钛空光学镜2【送飞行员前框+鼻托+湿巾+镜片夹片任选】,挺好的，用了几天感觉很方便，尤其是开车的时候太方便了
2025年3月18日 · 飞行员光学眼镜2【加购送飞行员墨镜夹片】,正品，质量很好，客服服务态度很好，问题解答的很及时。
2025年3月19日 · 方形半框光学镜2【送飞行员前框+鼻托+湿巾+镜片夹片任选】,带着很舒服，通话清晰，很轻，待机时间长，赞�
2025年3月1日 · 智能眼镜2【钛空光学镜】发布会新品！,眼睛方便好看，音质清楚，颜色好看，值得购买
2025年3月21日 · 方形半框光学镜2【送飞行员前框+鼻托+湿巾+镜片夹片任选】,客服态度非常好，非常耐心解答，物流也很快。东西确实好用，非常便捷。赞
2025年3月21日 · 飞行员光学眼镜2+【防蓝光镜片 1.67 非球面】,整体上不错，造型也可以。比普通眼镜肯定要重一点。。要是能有个随身袋就好了，会比三角形的眼镜盒实用。。
2025年3月22日 · 飞行员光学镜2【送飞行员前框+鼻托+湿巾+镜片夹片任选】,超乎想象的好，运动工作两不误，整体价格太美丽了。佩戴舒适，做工很精细！客服豆子很满意，快递也很快。眼镜盒牛。
2025年3月23日 · 方形半框光学镜2【送飞行员前框+鼻托+湿巾+镜片夹片任选】,好好看，包装也很精美，送人的，朋友特别喜欢。
2025年3月23日 · 方形半框光学镜2【送飞行员前框+鼻托+湿巾+镜片夹片任选】,收到了，看着不错，还没用，用了以后再评价
2025年3月23日 · 飞行员光学眼镜2【加购送飞行员墨镜夹片】,非常好，音质也不错，很方便，戴上不重。
2025年3月24日 · 方形半框光学镜2【送飞行员前框+鼻托+湿巾+镜片夹片任选】,还不错很实用，建议随身携带着用，音质也比想象中的要好
2025年3月25日 · 方形半框光学镜2【送飞行员前框+鼻托+湿巾+镜片夹片任选】,眼镜带起来很舒服，配的镜片也很适合
2025年3月25日 · 方形半框光学镜2【送飞行员前框+鼻托+湿巾+镜片夹片任选】,上班不让戴耳机，这个眼镜刚好，眼镜带着也没有想象中的那么重，和平时戴的眼镜没多大差别，续航也很不错，声音大概在40%以内时别人基本听不到
2025年3月26日 · 方形半框光学镜2【送飞行员前框+鼻托+湿巾+镜片夹片任选】,其实我是个不戴眼镜的人，但是它确实满足了我“耳机隐形”的需求，很小众的赛道，做得不错！
2025年3月26日 · 金丝光学镜2【送飞行员前框+鼻托+湿巾+镜片夹片任选】,礼品丰富  比门店标价便宜   发货迅速  推荐购买  再提个小小建议  赠品麻烦一次性都给发了  核对半天发现少了好几样
2025年3月27日 · 钛空光学镜2【送飞行员前框+鼻托+湿巾+镜片夹片任选】,发货很快，眼镜收到后确实不错
2025年3月28日 · 方形无框光学镜2【送飞行员前框+鼻托+湿巾+镜片夹片任选】,还可以，听了一下一切正常，只是我头小，好像有点大，希望能调整好。
2025年3月29日 · 方形半框光学镜2【送飞行员前框+鼻托+湿巾+镜片夹片任选】,配的散光眼睛镜片太差了 晚上看路看红路灯和路牌不如我没带散光镜片 我自己在眼睛店配的散光眼睛天壤之别 自己配的散光眼睛看东西特别清晰 我说我散光五十度 客服硬让我去眼镜店验光 大家要是散光近视啊最好自己取眼睛店配眼镜片
2025年3月2日 · 【加购送价值269元前框】飞行员光学镜+飞行员2墨镜前框,外观好看时尚，佩戴舒适，功能体验极好！？
2025年3月2日 · 【新年限定礼盒】钛空光学镜2+新年礼包,正品 眼镜超帅 店家服务周到 眼镜度数配的准确 发货速度快
2025年3月2日 · 金丝光学镜2【送飞行员前框+鼻托+湿巾+镜片夹片任选】,眼镜收到后迫不及待的试了试，效果真不错， 没收到时还担心跑音，今天特意试了试在外边 的效果，音量开到中等，打电话都正常，接电 话也比较方便，非常不错的体验。
2025年3月30日 · 方形半框光学镜2【送飞行员前框+鼻托+湿巾+镜片夹片任选】,试戴了几天，降噪功能非常好，一天八小时刚好能满足待机。
2025年3月31日 · 钛空光学镜2【送飞行员前框+鼻托+湿巾+镜片夹片任选】,物流很快，华为产品质量非常好。眼镜外形也很好看，等充完电就能用了，到时候再来发表意见，感受一下科技改变生活的新的！
2025年3月3日 · 【新年限定礼盒】方形半框光学镜2+新年礼包,比上一代轻很多，镜腿佩戴也比上一代舒服，可以更新鸿蒙NEXT系统，连接无延迟，很不错
2025年3月3日 · 方形半框光学镜2【送飞行员前框+鼻托+湿巾+镜片夹片任选】,镜框不挑人，大脸也能戴，平时带近视眼镜的而且配镜预算在1500之内的强烈推荐，无敌好用，使用场景除了睡觉其他时间都适配，不过音质肯定是比不上入耳式的，放心冲，近视党不用犹豫
2025年3月3日 · 金丝光学镜2【送飞行员前框+鼻托+湿巾+镜片夹片任选】,很洋气，音质很好，值得购买
2025年3月3日 · 飞行员光学眼镜2【加购送飞行员墨镜夹片】,物流非常快，昨天拍的，今天下午就到了，戴了以后感觉非常好，和平时戴的眼镜差不多，音质也挺好，商家还送了近视镜片，非常棒的购物体验。
2025年3月4日 · 方形无框光学镜2【送飞行员前框+鼻托+湿巾+镜片夹片任选】,眼镜没问题，全新的，保修期内，价格也合适。
2025年3月4日 · 金丝光学眼镜2【加购送墨镜夹片.】,音效很好，眼镜比较轻快，华为产品值得信赖。
2025年3月5日 · 飞行员光学镜2【送飞行员前框+鼻托+湿巾+镜片夹片任选】,店家服务超级好，价格优惠！全新正品！再次感受科技改变生活的力量！值得购买！
2025年3月6日 · 【加购送价值269元前框】飞行员光学镜2+飞行员2亮黑色前框,商家用后封的眼镜，当做全新未拆封的来卖。
2025年3月6日 · 方形半框光学镜2【送飞行员前框+鼻托+湿巾+镜片夹片任选】,眼镜很不错，只要声音开的不是很大漏音情况还是很小的。
2025年3月8日 · 方形半框光学镜2【送飞行员前框+鼻托+湿巾+镜片夹片任选】,非常漂亮，收不到到货了，圢打开就很不错的感觉，诚用了一下，不亏是高科技的产特，好用
2025年3月8日 · 方形无框光学镜2【送飞行员前框+鼻托+湿巾+镜片夹片任选】,男的瘦的带这个窄镜片，切记，蓝牙音质也好传入速度也快，可以的！
2025年3月9日 · 【38节限定礼盒】飞行员光学镜2+38眼镜礼包,第二个眼镜了，一如既往的好，老婆也很喜欢
2025年3月9日 · 智能眼镜2【金丝光学镜】发布会新品！,眼镜很好用 用了很久才来评论 看上去也很有质感
2025年3月9日 · 金丝光学镜2【送飞行员前框+鼻托+湿巾+镜片夹片任选】,音质非常好！配带舒适！送的镜片非常清晰！非常值得购买的商品！
2025年4月11日 · 钛空光学镜2【送飞行员前框+鼻托+湿巾+镜片夹片任选】,買的是華為智能眼鏡2鈦金屬版，包裝完整， 發貨快， 是華為正品， 推薦。
2025年4月12日 · 方形半框光学镜2【送飞行员前框+鼻托+湿巾+镜片夹片任选】,非常满意质量杠杠的必须五星好评
2025年4月14日 · 方形无框光学镜2【送飞行员前框+鼻托+湿巾+镜片夹片任选】,这家店简直是差极了，没打开过发现买错了款要求补钱换成其他，直接拒绝说这是国家补贴单子不能退还，买的时候因为是送老公的，前后不解决问题一直忽视重点和扯淡，一直说国家补贴不能退还，买的时候没有任何提示，还因为我在申请小二调解直接修改了详情页页面。但一直写着七天无理由退货来忽悠一个个消费者！送过来的货物直接摔两个划伤的带度数镜片让我找附近的眼镜店自己安装。真是看走了眼，真是不建议买家买这家店的任何东西。这家店的卖家绝对是想借着国家名义想坑人卖一副就一副。就知道它会**还录了详情页整个屏幕，现在所有改了一遍，呵呵在这家店买东西绝对买出一个坏教训坏体验！
2025年4月14日 · 飞行员光学镜2【送飞行员前框+鼻托+湿巾+镜片夹片任选】,外观看起来大气时尚很不错 左右声道音质很好  近视店家也给配了蔡司镜片 。
2025年4月15日 · 飞行员光学镜2【送飞行员前框+鼻托+湿巾+镜片夹片任选】,你就戴吧，一戴一个不吱声，包装我很喜欢，眼镜比一般眼镜重一丢丢，没想象那么夸张，真的超好，遥遥领先
2025年4月16日 · 方形半框光学镜2【送飞行员前框+鼻托+湿巾+镜片夹片任选】,服务耐心周到，音质很好，工作听歌挺不错
2025年4月16日 · 钛空光学镜2【送飞行员前框+鼻托+湿巾+镜片夹片任选】,质量超级棒的镜架，适合脸宽的朋友
2025年4月19日 · 方形无框光学镜2【送飞行员前框+鼻托+湿巾+镜片夹片任选】,这款眼镜真的超出预期！镜框材质轻盈，佩戴一整天也不会压鼻梁，金属/板材（根据款式选）设计简约又显气质，物流超快，包装精致，还送了眼镜盒、清洁布等实用赠品～性价比超高，戴上瞬间提升颜值，朋友们都夸有品味！以后配镜就认准这家啦，强烈推荐给需要的朋友们！�
2025年4月1日 · 方形半框光学镜2【送飞行员前框+鼻托+湿巾+镜片夹片任选】,宝贝确实很棒，个人非常喜欢，朋友也说好来着，推荐购买
2025年4月20日 · 方形半框光学镜2【送飞行员前框+鼻托+湿巾+镜片夹片任选】,发货快，，价格实惠，客服阿絮也可以，挺好的
2025年4月20日 · 钛空光学镜2【送飞行员前框+鼻托+湿巾+镜片夹片任选】,眼镜非常不错，现在可以认真上班了，懂的都懂
2025年4月21日 · 方形半框光学镜2【送飞行员前框+鼻托+湿巾+镜片夹片任选】,很不错，配镜也准确，一直支持华为。
2025年4月21日 · 方形半框光学镜2【送飞行员前框+鼻托+湿巾+镜片夹片任选】,眼镜确实不错，充电，持续待机都可以，我只用于接打电话，能坚持两天。赠送的配件出现了一些小问题，大家也都努力沟通了。给好评。
2025年4月21日 · 方形无框光学镜2【送飞行员前框+鼻托+湿巾+镜片夹片任选】,价格很实惠，性价比很高，算是平价好物，会回购的
2025年4月22日 · 方形半框光学镜2【送飞行员前框+鼻托+湿巾+镜片夹片任选】,产品配合华为App使用，有严重的操作系统限制，只能在华为机上用，其他机器用起来问题很多，比如戴上之后配对app要手动，颈椎健康提醒压根就不支持，商家拒绝配合解决，发的广告也是刻意隐瞒这些缺陷。
2025年4月22日 · 方形半框光学镜2【送飞行员前框+鼻托+湿巾+镜片夹片任选】,想要买品质的好宝贝还是要买大厂家！我网上买了好几家同类产品，线下去了好几个品牌店，最终选择了华为！物有所值，虽然有点小贵，贵有贵的道理！本店比我走过的好几家实体店优惠都大，好多赠品，服务好，以后一定继续支持！
2025年4月24日 · 金丝光学镜2【送飞行员前框+鼻托+湿巾+镜片夹片任选】,华为智能眼镜2飞行员金丝钛空光学镜变框，真是太棒了！质量非常好，戴上去很舒适�，性价比超高✨。物流速度也很快，满意！�
2025年4月25日 · 【2025新品发售】钛空圆框光学镜,发货与所想购买的新款严重不符，买之前咨询过客服，他给我发的链接，买完后咨询翻译功能还给我发各种链接，后面又说我买的这款没有翻译功能，没买的眼睛擦亮。
2025年4月25日 · 钛空光学镜2【送飞行员前框+鼻托+湿巾+镜片夹片任选】,商品质量一流，细节完美。材质优质，使用起来效果显著，是一款让人信赖的好产品。
2025年4月26日 · 钛空光学镜2【送飞行员前框+鼻托+湿巾+镜片夹片任选】,华为智能眼镜2代真的太惊艳了，钛空银配色高级感十足，4.7g超轻设计佩戴无感，音质清晰立体。开放式耳机设计既时尚又实用，通话降噪效果出色，智慧播报功能超方便。流线悬浮镜片科技感满满，完美HarmonyOS系统设备，智能眼镜里的颜值担当。
2025年4月27日 · 方形无框光学镜2【送飞行员前框+鼻托+湿巾+镜片夹片任选】,好评，打电话听音乐都很方便，还能监测颈椎情况！
2025年4月29日 · 方形无框光学镜2+圆形镜片,挺轻的，一开始以为会重，现在不担心了，造型也不错，适合自己。
2025年4月29日 · 钛空光学镜2【送飞行员前框+鼻托+湿巾+镜片夹片任选】,配的近视度数很准，发货速度还算快，就是同声传译功能还不会用，要花时间多去试试
2025年4月30日 · 【加购送价值269元前框】飞行员光学镜+飞行员2墨镜前框,从这家店的初代买到现在，这名字取来取去又回到2代，让我混淆了都，从初代重量挂的耳朵疼，到现在挂着都没啥感觉，初代的半天续航到现在的用两天没问题，都在越做越好，音质也在提升，客服啊絮服务也不错
2025年4月3日 · 【加购送价值269元前框】飞行员光学镜+飞行员2墨镜前框,音质还不错，防蓝光镜片和墨镜，随意换
2025年4月3日 · 方形半框光学镜2【送飞行员前框+鼻托+湿巾+镜片夹片任选】,办公听歌两不误，音质非常好，发货速度非常快，很实用。
2025年4月3日 · 方形半框光学镜2【送飞行员前框+鼻托+湿巾+镜片夹片任选】,比普通眼镜略重，但还可以接受。通话声音清晰，操作方便，款式很不错。
2025年4月5日 · 方形无框光学镜2【送飞行员前框+鼻托+湿巾+镜片夹片任选】,重量轻，音质清晰，不错！
2025年4月6日 · 钛空光学镜2【送飞行员前框+鼻托+湿巾+镜片夹片任选】,华为眼镜眼镜真的很不错！和商家中间有点小插曲，后来还是完美解决了！推荐购买华为商品，国货之光，遥遥领先！
2025年4月8日 · 钛空光学镜2【送飞行员前框+鼻托+湿巾+镜片夹片任选】,华为质量一直都是那么好。
2025年4月8日 · 钛空光学镜2【送飞行员前框+鼻托+湿巾+镜片夹片任选】,物流超级超级快！质量也非常不错，的确物有所值，华为眼镜很不错
2025年4月9日 · 方形半框光学镜2【送飞行员前框+鼻托+湿巾+镜片夹片任选】,已经佩戴一段时间了，使用体验非常好，物流也很快，是一次不错的购物体验。祝商家生意兴隆！
2025年5月11日 · 钛空光学镜2,带了半天 比想象中的好
2025年5月11日 · 钛空光学镜2【送飞行员前框+鼻托+湿巾+镜片夹片任选】,已经佩戴一段时间了，使用体验非常好，物流也很快，是一次不错的购物体验。 开车的时候真的很方便，在高速上也可以轻松接打电话了。
2025年5月12日 · 【2025新品发售】钛空圆框光学镜,华为智能眼镜2飞行员金丝钛空光学镜变框，真是太棒了！质量非常好，戴上去很舒适，性价比超高。物流速度也很快，满意！
2025年5月12日 · 【加购送价值269元前框】飞行员光学镜+飞行员2墨镜前框,蛮好的，就是换墨镜比较费劲，不像之前的直接替换即可，这二代的还需要拧螺丝才能更换的，不过总体很好
2025年5月12日 · 【加购送价值269元前框】飞行员光学镜2+飞行员2亮黑色前框,挺好的。使用也挺满意。音色不错。 很好
2025年5月12日 · 【加购送价值269元前框】飞行员光学镜2+飞行员2透灰色前框,还在试带中，期待的实用，好评100个
2025年5月12日 · 钛空光学镜2,超出预期。很轻，值得入手！
2025年5月13日 · 飞行员光学镜2【送飞行员前框+鼻托+湿巾+镜片夹片任选】,从他们店入手华为第三款眼镜。眼镜体验感非常好，特别喜欢，运动人士的福音，听音乐通话音质极佳，功能强大，好评！
2025年5月14日 · 方形无框光学镜2,东西特别好 老板服务态度也好值得购买。推荐大家
2025年5月14日 · 钛空光学镜2【送飞行员前框+鼻托+湿巾+镜片夹片任选】,买的钛空银，时间两天一充，很好。
2025年5月18日 · 方形无框光学镜2,试戴几天才发表感受：做为一名华粉真心感谢华为提供产品，产品质量真好，近视镜度数配的很准，物流快速准时，好多功能学习中，有好的体验再追评供大家参考......
2025年5月18日 · 钛空光学镜2,挺好看的  质量质都好  �
2025年5月19日 · 【2025新品发售】钛空圆框光学镜,买的第二个了，商家送了低度数镜片也合适，日常上班摸鱼特别好用
2025年5月19日 · 钛空光学镜2【送飞行员前框+鼻托+湿巾+镜片夹片任选】,本来想买华为耳机的，但有天在实体店里看到这个，随即下单了两副，全网可以说价格很合适了，打电话配合小艺特别方便。
2025年5月21日 · 【加购送价值269元前框】飞行员光学镜2+飞行员2亮黑色前框,眼镜非常时尚帅气 功能强大 第一次使用智能眼镜 体验不错 值得购买
2025年5月21日 · 钛空光学镜2【送飞行员前框+鼻托+湿巾+镜片夹片任选】,我买的是钛空光学镜框，送给我个飞行员前框也没用啊
2025年5月23日 · 钛空光学镜2【送飞行员前框+鼻托+湿巾+镜片夹片任选】,眼镜很方便，可以不带耳机了，还可以免费配镜，很棒
2025年5月26日 · 钛空光学镜2款,考虑了很久到底买新款圆框还是这款钛空，线下居然没有门店，最后只能中规中矩买了钛空，结果戴起来效果还不错，配上依视路的镜片，完美。附带一句依视路也是正品
2025年5月26日 · 飞行员光学镜2,好看好用，小米和华为选了半天还是选了华为，用起来靠谱放心��
2025年5月28日 · 钛空光学镜2,很好的购物体验  很喜欢的一个产品
2025年5月2日 · 【2025新品发售】钛空圆框光学镜,两天就送到货，速度快，赶到五一前了。眼镜也好看 还有雕花。
2025年5月2日 · 方形无框光学镜2【送飞行员前框+鼻托+湿巾+镜片夹片任选】,自己配了个镜片，很好用，比耳机方便的多！
2025年5月31日 · 方形半框光学镜2,华为二代半框眼镜使用体验分享  作为一名经常需要在办公和移动场景中切换的职场人，同时也是个数码产品爱好者，我一直关注着智能穿戴设备的发展。最近入手了华为二代半框眼镜，使用一段时间后，迫不及待想和大家分享一下我的真实感受。  外观：时尚与精致并存  拿到这款眼镜的第一眼，我就被它简约而不失时尚的外观吸引了。半框的设计相较于全框更加轻盈、灵动，不会给脸部带来过多的压迫感，同时也展现出一种独特的时尚品味。镜框的材质质感十足，黑色的外观百搭又耐脏，无论是搭配正装出席正式场合，还是穿着休闲装日常出行，都毫无违和感，能够轻松融入各种穿搭风格。  佩戴舒适度：宛如无物  不得不说，华为在人体工程学设计方面确实有着深厚的功底。这款眼镜的鼻托采用了柔软且贴合的设计，能够根据我鼻梁的形状自动调整位置，长时间佩戴也不会出现压痕或者不适感。镜腿的弧度也恰到好处，完美地贴合我的头部轮廓，不会过紧或过松。即使连续佩戴几个小时，耳朵也不会有明显的胀痛感。对于像我这样经常需要长时间工作，眼睛和头部容易疲劳的人来说，这样舒适的佩戴体验简直是一大福音。  音效体验：近距离的私密音频盛宴  作为一款具备音频功能的眼镜，它的
2025年5月31日 · 方形半框光学镜2,外形很漂亮，很好看，重量也还好，不会太压耳朵，蓝牙连接也很稳定，只是漏音还是有一些，音量不能开太高。
2025年5月3日 · 方形半框光学镜2【送飞行员前框+鼻托+湿巾+镜片夹片任选】,产品非常好，非常满意，下次还会光顾。
2025年5月3日 · 金丝光学镜2【送飞行员前框+鼻托+湿巾+镜片夹片任选】,用了两天，听歌，听小说，打电话体验感非常不错！刚收到货不会用，客服也非常有耐心！很不错
2025年5月4日 · 金丝光学镜2【送飞行员前框+鼻托+湿巾+镜片夹片任选】,不错不错，用了几天才来评论，基本上一百天一直听歌或导航，能用两天左右，功能也很不错。
2025年5月5日 · 方形半框光学镜2【送飞行员前框+鼻托+湿巾+镜片夹片任选】,都很好，想买的朋友需要提前验光
2025年5月5日 · 金丝光学镜2【送飞行员前框+鼻托+湿巾+镜片夹片任选】,有点小磕磕碰碰，店家解决了，我打电话给华为查询真假，也回复正品让放心使用，所以我认为是正品，镜片我开始以为蔡司的，结果不是，海盐重新配个镜片，但是蓝牙感觉很好，我上班几个小时，一直听电子书听歌别人也不知道，所以总体我挺开心的
2025年5月5日 · 金丝光学镜2【送飞行员前框+鼻托+湿巾+镜片夹片任选】,眼镜收到，音质非常好，非常好用，还可以更换镜片镜框，非常开心的一次购物
2025年5月6日 · 【2025新品发售】钛空圆框光学镜,1.很重，戴着很不舒服，根本无法日常使用，近视眼镜无法退货 2.买的1.71的镜片，配出来的是1.6的，巨厚，刚开始玩还不承认 3.直播间说送的东西，都是虚假宣传，要么就是没有或者少送。 4.，新出的什么同声传译，更牛就是眼镜上激活，然后在手机上看，余大嘴真是个天才，遥遥领先，体验极差
2025年5月6日 · 方形半框光学镜2【送飞行员前框+鼻托+湿巾+镜片夹片任选】,垃圾。佩戴了3-4天就断了。去华为官方维修点维修，维修点说是假货，和正品配件匹配不上，花了311换了正品镜框，这个卖家说是我折坏的，自己折坏再去官方店维修？也只有这个卖家想得出！搞笑。垃圾！！！
2025年5月6日 · 飞行员光学镜2【送飞行员前框+鼻托+湿巾+镜片夹片任选】,客服非常不错，耐心解答，还给发了顺丰！！！眼镜清晰，已经戴上了^-^不得不说，发货是真的快
2025年5月7日 · 钛空光学镜2【送飞行员前框+鼻托+湿巾+镜片夹片任选】,全网最划算，赠品又多，沟通愉快，非常满意
2025年5月7日 · 钛空光学镜2【送飞行员前框+鼻托+湿巾+镜片夹片任选】,眼镜很实用，很轻，音质也不错，客服服务很好，下次再来
2025年5月7日 · 钛空光学镜2【送飞行员前框+鼻托+湿巾+镜片夹片任选】,送个赠品半个月送出来来，有意思吗。不送就算了。送不起就拉到。
2025年5月7日 · 钛空光学镜2【送飞行员前框+鼻托+湿巾+镜片夹片任选】,音频播放清晰，镜架也比想象的细，客服服务态度好
2025年5月8日 · 【2025新品发售】钛空圆框光学镜,眼镜物流很快，镜片物流太慢
2025年5月8日 · 飞行员光学镜2【送飞行员前框+鼻托+湿巾+镜片夹片任选】,外观和质量都很满意，物流速度快，商家服务专业，性价比高，推荐购买。用了觉得很不错，商品质量好，发货也挺快的，总之就是很赞了
2025年5月9日 · 方形半框光学镜2,眼镜收到了，音质清晰，眼镜配的也很好，复合需求，物流信息也很快！感谢商家
2025年6月11日 · 方形无框光学镜2,非常棒，有些卖家说无框的眼镜需要配贵的超韧镜片，而这个店却没有说不可以，直接配好邮过来。眼镜非常好用，已经离不开了。
2025年6月12日 · 方形半框光学镜2,好看超喜欢，戴着超帅，主要是摸鱼超级方便�
2025年6月12日 · 方形半框光学镜2,眼睛正品。 非常满意的一次购物。 客服很认真的介绍。
2025年6月12日 · 方形半框光学镜2,两个镜框都很好看，客服服务态度也很好。试用了一天，音量50％，半米开外的同事什么都听不到。目前使用感觉良好。
2025年6月14日 · 方形半框光学镜2,主播、客服服务都特别好！
2025年6月14日 · 方框太阳镜组合,我对这款眼镜的使用体验非常满意。首先，这款眼镜的外观设计简洁大方，既符合现代审美又不失个性。其次，镜片的质量非常高，佩戴起来非常舒适，没有任何不适感。再者，镜框的材质也非常耐用。总的来说，这款眼镜无论是在外观设计、使用舒适度还是耐用性方面都表现出色，是一款值得推荐的优质产品。
2025年6月16日 · 方形无框光学镜2,实物比想象的，样子好看太多，音效好看太多，还能同时连接两个手机，满足个人需求，真的非常不错的产品
2025年6月16日 · 飞行员光学镜2,飞行员款，十分帅气，年轻时尚。商家服务也很好。
2025年6月17日 · 飞行员光学镜2,质量非常好，客服态度好，戴着挺轻的，比较舒适。免费换了脚链，很好
2025年6月18日 · 【2025新品发售】钛空圆框光学镜,正品，很满意会再回购的
2025年6月18日 · 【加购送价值269元前框】飞行员光学镜2+飞行员2黑白色渐变前框,朋友推荐买的 她买的3代用了两年了还是很好 看到2代续航更高 果断入手 到了就试了 音质也还不错 摸鱼神器
2025年6月18日 · 方形半框光学镜2,这个差评我一定要给，备注好让他们等我度数再给我发货，第二天私自发货，还不给退款，服务态度差，说话基本不回复你，这次购物很差，希望大家慎重考虑这家
2025年6月19日 · 方形半框光学镜2,昨天买的，今天就到了，速度非常快，店家送了不少东西，试用了一下这一款确实很好用，摸鱼必备，不过还是要适应一段时间
2025年6月19日 · 钛空光学镜2,眼镜正品保证，已买二款华为眼镜了
2025年6月1日 · 方形无框光学镜2,很好，第二次买了，没翻车，全新正品
2025年6月20日 · 方框太阳镜组合,眼镜款式时尚潮流，物流速度很快。 功能强大！！
2025年6月20日 · 金丝光学镜2,服务到位，一条龙配好眼镜，度数也很准。眼镜的质量也特别不错，很好看，很满意。
2025年6月20日 · 钛空光学镜2,眼镜很不错，是华为正品，眼镜不重佩戴舒适
2025年6月20日 · 飞行员光学镜2,东西很好，客服很满意。售后好。
2025年6月21日 · 方框太阳镜组合,带起来非常帅，收音很好，以后就不需要耳机啦！而且有两副镜片，既能防蓝光又可以当太阳镜，性价比绝绝紫！
2025年6月21日 · 金丝光学镜2,很喜欢，很智能，非常高级，镜框也合适，不重，准备再配个镜片
2025年6月21日 · 钛空光学镜2,之前那副眼镜不小心弄坏了，作为科技达人早就想入一副智能眼镜了，于是趁着618和国补还有赶紧下单了。一收到眼镜就迫不及待地戴上试了试，电话效果很清晰，头部控制也很灵敏。
2025年6月21日 · 钛空光学镜2,比想象的轻，镜片是免费送的还是超多500度的镜片，虽然是1.6折射率的但是佩戴不会感觉特别重，包含镜片一共41g，下载app就可以体验其他功能，总体感觉不错
2025年6月22日 · 方框太阳镜组合,非常的实用好用，不用戴耳机了，也不耳朵疼了
2025年6月22日 · 钛空光学镜2,智能眼镜很轻，连接华为手机听音乐音质很好，刷视频也方便，不漏音，佩戴舒适，刚使用还不回操作，好评！
2025年6月23日 · 方形无框光学镜2,东西很好用，接听电话非常清晰，而且基本外面听不见，隐私性很好，相当于随时有个蓝牙耳机，并且ios的设备也可以兼容这点非常好
2025年6月23日 · 钛空光学镜2,东西真不错，用于开会摸鱼听小说，声音没有一点外露，而且续航特别长，特别满意，戴起来也很舒服，给个好评！
2025年6月24日 · 方形半框光学镜2,抱着试试看的心态买的，因为价格便宜，没想到收到货质量这么好，太意外啦！正品，棒棒哒，价格很优惠，总而言之挺好的，还会再买
2025年6月24日 · 金丝光学镜2,发货速度很快，商家送了好多东西。收音很好，外观精致！
2025年6月24日 · 金丝光学镜2,很时尚轻盈没有沉重感音质也清晰
2025年6月24日 · 金丝光学镜2,眼镜很轻，续航时间长，操作简单灵敏，音效很好，华为的产品售后很放心。店家服务也很好，配的近视镜片很清晰，比线下眼镜店配的还舒服，很满意！
2025年6月24日 · 钛空光学镜2,眼镜体验超级棒，老花粉了，华为产品**冲！ 续航不错，如果一直听歌的话当天需要多充一次电。 重量适中，戴着不是很重。 免费配的近视镜片也很清晰。 操作手势也很简单。 整体体验不错！
2025年6月24日 · 飞行员光学镜2,很酷，很好看，赠品也很丰富 音质清晰，续航一天没啥问题
2025年6月25日 · 【加购送价值269元前框】飞行员光学镜2+飞行员2亮黑色前框,收到的东西和买之前和客服沟通时答应的不一样。 没有额外的镜框，铰链没法自己换。购物体验差。
2025年6月25日 · 【加购送价值269元前框】飞行员光学镜2+飞行员2黑白色渐变前框,收到后自己去眼镜店配了镜片，目前用着还不错！之前一直喜欢戴耳机，时间长了不舒服，现在省事了。
2025年6月26日 · 方形半框光学镜2,眼镜会比平常眼镜重一点点，但是佩戴基本上没感觉，视觉上会看着镜腿较厚，音质还可以，上班使用时，同事反馈听不见声音，比较适合上班摸鱼
2025年6月26日 · 方框太阳镜组合,买的华为眼镜2代，体验非常不错。这款眼镜设计时尚，佩戴舒适，适合长时间使用。其智能功能如语音助手和音乐播放，提升了日常生活的便利性。 618活动加国补购买很划算，  总的来说，华为眼镜2代是一款集时尚与智能于一体的优秀产品，值得推荐。
2025年6月26日 · 金丝光学镜2,眼镜很智能待机时间很长，只要给验光数据老板帮忙把镜片配好，真的很完美，这款眼镜很好看
2025年6月26日 · 金丝光学镜2,服务到位，一条龙配好眼镜，度数可以的
2025年6月27日 · 方形半框光学镜2,眼镜为全新 第二代 性价比很高 听歌看电影打游戏效果都非常的好 希望华为尽快更新一款带录像功能的眼镜 这样录制视频就更方便咯
2025年6月27日 · 方形无框光学镜2,包装精致，外形美观，使用方便，科技感十足
2025年6月27日 · 金丝光学镜2,没给满星还是因为长期戴着耳朵还是会累，毕竟带了电子器件相对重一点很正常。充电很快，如果不听音乐什么一天是没问题的，但是单放着三四天不管就必须要充电了，我发现它配上头盔音效更好，比其他入耳的好，可能头盔正好盖在上面形成了封闭空间，所以开电动车听效果反而比走路好，披着头发比扎起来效果好。预算有限，买了变色镜片，度数又高，所以镜片有点厚，整体戴着还是挺不错的
2025年6月28日 · 【2025新品发售】钛空圆框光学镜,简单说一下使用感受，首先佩戴舒适感上体验不错，铰链可以调节松紧，松松垮垮怕掉也送了耳后的固定框架，整体比常规眼镜要重一些，但是在可以接受的范围。中度使用的话，一天一充，基本续航大几个小时没什么问题，比较实用的就是戴上出门运动不用戴耳机了，功能就是近视镜+耳机，鉴于我不是华为手机，那个实时翻译不支持，翻译这个就不做评价了，然后镜片这边配的是LGUG，后面准备线下去重配个蔡司的，总体使用下来感觉不错，第三视角看戴起来也不会很怪，好评�
2025年6月28日 · 【加购送价值269元前框】飞行员光学镜2+飞行员2灰白渐变前框.,第一次发错了镜片，寄回去后很快给配好镜片发回来了。使用上有问题，找客服感觉不是很专业，让去华为实体店铺问，说是手机系统版本的问题，也没有解决问题。我自己找了个带货主播请教了一下，终于能用了！眼镜确实很好，带着感觉跟普通眼镜差不多，可能是设计上考虑到佩戴问题了。点头接电话，摇头拒接电话。听歌！导航！天气！翻译！功能都能用了！其他继续探索中。先给个好评吧。价格也可以，镜腿稍微粗一点，但是也不是特别显粗。
2025年6月28日 · 金丝光学镜2,眼镜收到了，发货速度比预期要快，正好赶上出游，用了一天电量还剩50%。
2025年6月28日 · 钛空光学镜2,戴了几天，总体感觉还好，配了近视镜片，比原来自己普通的眼镜重了些，度数也还准确，佩戴感觉还可以，整天下来也能接受，操作还是比较灵敏的，声音在安静的环境下还可以。
2025年6月29日 · 钛空光学镜2,款式非常不错喜欢，充电比较快，电池耐用。
2025年6月29日 · 钛空光学镜2,给的礼品还不如不给，不是自动给，关键是给了也用不了，不配套。是不是所有赠品都这样。
2025年6月2日 · 钛空光学镜2,一开始忘了送镜框，还好及时补发。谢谢。
2025年6月3日 · 方形半框光学镜2,朋友介绍的这家这款 非常 非常 满意� 直接拍了3个
2025年6月3日 · 金丝光学镜2,眼镜很很时尚，没有违和感。加班也能自嗨。
2025年6月6日 · 【加购送价值269元前框】飞行员光学镜2+飞行员2灰白渐变前框.,眼镜不错哦，美观大方，还送不少礼物哦
2025年6月6日 · 飞行员光学镜2,样衣很好，客服很耐心给我配了近视镜片，还告诉我怎么测算瞳距，强烈推荐 音效也还不错啦！
2025年6月8日 · 方框太阳镜2,已收货，正品，用了还行，就是接电话还不是那么好用，也许还没摸熟！
2025年7月10日 · 【2025新品发售】钛空圆框光学镜,两个手机能链接，无缝切换，体验非常好，重量事宜，体验不错
2025年7月10日 · 【2025新品发售】钛空圆框光学镜,发货速度很快，眼镜收到，很漂亮的，赞��
2025年7月10日 · 方形半框光学镜2,眼镜质量很好，带着没有感觉到沉重压耳朵，专门测试了办公室环境的聆听效果和漏音，完全安静情况下，两格的音量听书，50CM之外听不到一点。用手捂住耳朵声音会很大，单手支在耳朵附近也一样。友情提醒一下，如果配无框的最好到手后自己配，因为直接在镜片上钻孔，误差一点都会影响感受，我第一次就是无框（在别家买+配的），到手后戴着两边高低始终调节不理想。然后买了这个半框版，佩戴非常舒适满意。总体来说达到了预期。客服也很专业。是一次愉快的购物体验。
2025年7月11日 · 方形无框光学镜2,比普通眼镜重了一点，40克左右，比我原来普通眼镜重了20克，得佩戴一段时间才能适应，眼镜外形挺好看的，功能慢慢摸索着用用看
2025年7月11日 · 方框太阳镜组合,眼镜比之前的清楚多了，客服服务态度也挺好的
2025年7月11日 · 金丝光学镜2,物流很快，当天给客服说了很快就发货，第三天早上就到了。眼镜收到了，做工很好很精致，重量也能接受。音质还可以，漏音也不算多，操作也很智能，生活更方便快捷，重要是颜值很高。总之值得购买，体验感很好！
2025年7月11日 · 金丝光学镜2,货已收到，期待使用！！！
2025年7月11日 · 飞行员光学镜2,帮我配的度数比较精准。眼镜戴起来都比较舒服，声音还是不错的。续航都还行。
2025年7月12日 · 方形无框光学镜2,东西好 他们家效率很高，还给你配好送过来，东西是全新没问题
2025年7月12日 · 钛空光学镜2,第二次购买，送人的，还不错
2025年7月13日 · 金丝光学镜2,已是华为全家桶，眼镜很好，很轻，很满意
2025年7月14日 · 方形半框光学镜2,真的非常不错 带起来感觉也不错 很轻配件送的也很多
2025年7月14日 · 钛空光学镜2,华为智能眼镜在淘宝上的购买体验非常愉快。这款眼镜外 观时尚，佩戴舒适，重量轻巧，长时间佩戴也不会感到不 适。智能功能方面表现出色，语音助手反应迅速，导航指示 清晰准确。同时，它的电池续航能力也相当出色，一次充电 就能满足日常使用需求。总的来说，华为智能眼镜是一款性 价比极高的产品，无论是外观设计还是功能性能都令人满 意。强烈推荐给追求科技感和便捷生活的消费者。
2025年7月15日 · 【2025新品发售】钛空圆框光学镜,发货很快，客服回复及时，耐心细致，眼镜颜值很高，大品牌，值得信赖
2025年7月15日 · 方形半框光学镜2,先后买了两副同款眼镜，感觉还不错，发货超级快。
2025年7月15日 · 钛空光学镜2,非常不错，近视镜片非常合适，第二次购买
2025年7月17日 · 方形半框光学镜2,性价比极高，音质清晰，无延迟。发货速度快！客服态度很好对产品介绍的非常全面 ！想入手的兄弟姐妹们可以认准这家店！可以说是全网性价比最高的一家店了！！！
2025年7月17日 · 方形半框光学镜2,用了两天了，很智能，配华为手机还有超级终端，很喜欢。
2025年7月17日 · 方形无框光学镜2,眼镜很好带 摸鱼好物 带上感觉学历上升了
2025年7月17日 · 金丝光学镜2,发货速度非常快 包装完整快递完好无损 性价比极高 客服很有耐心的讲解 音质效果很棒 没有延迟 推荐购买
2025年7月17日 · 钛空光学镜2,发货速度快 包装完好无损 客服有耐心的讲解区分 音质效果很棒 无延迟 已购买三个 性价比极高！！！
2025年7月18日 · 方形无框光学镜2,我想买很长时间了，他们家可以国补，很好，价格实惠，正品未激活。
2025年7月18日 · 方框太阳镜组合,比小米的腿细，带起来轻松些 商家的组合也很实惠
2025年7月18日 · 钛空光学镜2,非常不错的一款产品，商家赠送了好几款小礼品。
2025年7月19日 · 方框光学镜组合,办公学习娱乐很方便������
2025年7月1日 · 【2025新品发售】钛空圆框光学镜,我最近购买了华为智能眼镜二，购物体验非常好。这款眼镜不仅时尚，而且功能强大。它支持语音助手，可以轻松控制音乐、接听电话等。此外，它的续航时间也很长，可以满足**常使用的需求。  总体评价：华为智能眼镜二是一款非常值得购买的智能穿戴设备。它不仅外观时尚，而且功能实用，续航时间长。如果你正在寻找一款智能眼镜，我强烈推荐华为智能眼镜二。 我都忍不住再买了一个华为眼镜2。当然原因是刚买就丢了。
2025年7月1日 · 方形半框光学镜2,镜框和配的镜片分开来发给我的，客服叫我去华为售后店安装，结果去到那他们只会安装带螺丝那款，给我气笑了，直接自己在店里休息区安装好了，浪费了60块钱打车钱
2025年7月2日 · 【2025新品发售】钛空圆框光学镜,镜框只有一种是圆的，不适合我，还好可以选择另外一个框来代替，效果挺好的。
2025年7月3日 · 【2025新品发售】钛空圆框光学镜,智能眼镜戴着还是挺方便的 不用总是来电话了找耳机了  电池续航也不错 休息的时候顺便摘下充电即可  天气热出汗多 多亏了送的腿套 防止下滑 但是镜腿比普通眼镜粗 戴着还是有些感觉 不如普通眼镜无感
2025年7月3日 · 金丝光学镜2,使用感觉很棒 佩戴感觉很轻 收音效果很棒 外观也很大气
2025年7月3日 · 金丝光学镜2,好看呀 金丝边的 自己配了近视镜片 戴着合适 音质也很好 清晰有质感 续航还待继续用用看
2025年7月3日 · 金丝光学镜2,试了一段时间眼睛不错，声音静益和手表 电脑 智慧屏 都可以用 待机时间长
2025年7月5日 · 方形无框光学镜2,到货后第二天就戴起来了，眼镜蓝牙音质水准较高，送的树脂镜片为近视可变灰色防蓝光，配戴舒适，尤其适合开车的时候使用，点赞！
2025年7月6日 · 方形半框光学镜2,带了第二天  感觉非常棒，续航也特别给力，开车使用接打电话特别方便  漏音还没有试   自己没感觉  家人说会有一点  如果是骨传导估计会更好！！
2025年7月6日 · 方形无框光学镜2,华为的垃圾产品 大家别买 性价比超低，而且购买过程令我非常生气、我还的近视镜片第一次每个镜片给我减少25度，新镜片发回来打孔是歪的，我开始打算售后来回邮寄估计要7-8天时间，我本打算算了不弄了就这样，结果进来一看降价了降了接近160元，开始告诉我我这里没有国补 现在又可以领了 说我超过7天不退不换了，垃圾华为、****，
