购买日期及型号,评论
2025年5月28日 · 【直连DP设备】雷鸟Air 3s Pro,首发冲了，air3升级到3spro，亮度明显有提升，不过这个便携包明显不如上代，首发有国补，总体好评�
2025年5月29日 · 【直连DP设备】雷鸟Air 3s Pro,买的时候注意看手机适配，商品质量超棒，卖家服务周到，发货速度飞快，好评！商品质量上乘，卖家服务态度好，发货速度快，非常满意！
2025年5月30日 · 【全家桶】雷鸟Air 3s Pro+魔盒2代+joydock,可以很不错速度很快很轻很好总之就是很好
2025年5月30日 · 【全家桶】雷鸟Air 3s Pro+魔盒2代+joydock,物流快，颜值高，配置硬，产品力强，在世面上的AR眼镜里是性价比最高最值得入手的一款产品，单买眼镜国补加劵叠加后1200多还要什么自行车，爱玩switch的我搭配joydock简直就是我的出差休息的好搭子，强烈推荐
2025年5月30日 · 【全能适配丨观影推荐】雷鸟Air 3s Pro+魔盒2代,做工很不错，加上国补性价比超级高。最关键的是对比度、色域和亮度的提升，白天用毫无压力，高对比度让可用度提高了很多，观影效果碾压之前我用过的所有眼镜
2025年5月30日 · 【全能适配丨观影推荐】雷鸟Air 3s Pro+魔盒2代,很优秀是产品，对比air3的音质提升很大，希望雷鸟魔盒2到手也能有相对于上一代有更好的体验
2025年5月30日 · 【全能适配丨观影推荐】雷鸟Air 3s Pro+魔盒2代,"眼镜收到了，比想象中的轻薄了很多,对于一直在用智能眼镜的我来说，一点都不重，外观也很好看，看着就像一副普通墨镜，显示很清晰，具体观感每个人不同不好评价。"
2025年5月30日 · 【全能适配丨观影推荐】雷鸟Air 3s Pro+魔盒2代,雷鸟Air 3S Pro体验超棒！高清巨幕震撼，色彩鲜艳 细腻，佩戴舒适不压鼻。3D效果身临其境，游戏观 影超爽，外出携带方便。科技感拉满，性价比超 高，强烈推荐！
2025年5月30日 · 【游戏专属】雷鸟Air 3s Pro+HDMI转接器（新款）,体验了一下，我主要用来玩游戏，效果很好 观影效果：看视频效果很不错，屏幕大小脑补感觉有150寸 舒适度：佩戴起来很舒服，玩了接近两个小时游戏也没有任何压力和不适。 操作难易：按键操作非常简单。 其他特色：还有眼镜盒我很喜欢。
2025年5月30日 · 【游戏专属】雷鸟Air 3s Pro+HDMI转接器（新款）,整体质感很好，显示亮度挺高，效果不错，喇叭声音好听，给人的感觉不错，连接方便，直插直连没什么延迟。总体好评！
2025年5月30日 · 【直连DP设备】雷鸟Air 3s Pro,国补后，价格创新低，心心念念想买的雷鸟air3顿时不香了。清晰度非常满意。屏幕大小也还可以接受，不算特别大。带着非常轻，自带音响也比较棒。
2025年5月30日 · 【直连DP设备】雷鸟Air 3s Pro,国补轻松拿下，还赠送了充电转接，看电影有大屏幕还有环绕，还要什么自行车，买就对了。
2025年5月30日 · 【直连DP设备】雷鸟Air 3s Pro,快速下单，快速收到！简单和去年买的air3对比了一下，亮度提升，环境光影响被抵消了更多，出门使用体验感应该会好很多。接在电脑上，右下角的时间数字比3代更清晰了，还稍微有些许糊但可能和我的散光有关�发布会说边缘清晰度有提升，确实兑现了
2025年5月30日 · 【直连DP设备】雷鸟Air 3s Pro,挺好的嗯，看电视电影非常的清楚！ 一连带了两个多小时，也没有太不舒服的感觉 总体还是很满意的，比想象的好1点�
2025年5月30日 · 【直连DP设备】雷鸟Air 3s Pro,早买早享受，昨天买的今天就到了，速度超级快使用起来比air2好多了
2025年5月30日 · 【直连DP设备】雷鸟Air 3s Pro,比air3屏幕更大，还送了转接器，一步到位直接开玩，感觉很不错
2025年5月30日 · 【直连DP设备】雷鸟Air 3s Pro,看片神器，亮度很好，甜蜜點很好找，雖然邊緣有點虛，但中心足夠清晰
2025年5月30日 · 【直连DP设备】雷鸟Air 3s Pro,第一次买这种眼镜的产品，感觉比较新奇，希望能用的时间久一些，就是配镜服务发货的时间有点慢，得等到近视镜片到了以后才能好好的享用
2025年5月30日 · 【直连DP设备】雷鸟Air 3s Pro,第一次用ar眼镜，效果比想象中好很多，现在可以躺在床上看电影了，希望能尽快用上新版的app。
2025年5月30日 · 【直连DP设备】雷鸟Air 3s Pro,观望了该系列一段时间了，新品首发加国补直接拿下，显示效果符合预期，发货速度很快，飞速到手，手机电脑都支持dp，玩得比较愉快，体验下来还是很满意的。
2025年5月30日 · 【直连DP设备】雷鸟Air 3s Pro,雷鸟Air 3S Pro体验超棒！高清巨幕震撼，色彩鲜艳细腻，佩戴舒适不压鼻。3D效果身临其境，游戏观影超爽，外出携带方便。科技感拉满，性价比超高，强烈推荐！
2025年5月31日 · 【全能适配丨观影推荐】雷鸟Air 3s Pro+魔盒1代,效果杠杠的，看电影、玩游戏杠杠的。直连手机switch方便，送了转接线可以边充边玩。XSX和PS5好像的买HDMI转C口线才行，其**毛病。首发加国补，性价比牛掰了。
2025年5月31日 · 【全能适配丨观影推荐】雷鸟Air 3s Pro+魔盒2代,性价比相对是比较高的，而且非常的nice ，质量非常好，跟图片上的一样，满意，这个价格很实惠啊！质量一点都不含糊
2025年5月31日 · 【全能适配丨观影推荐】雷鸟Air 3s Pro+魔盒2代,收到货了，就是没有魔盒我暂时玩不了啊，只能接mac使用了，第一次支持雷鸟，希望不要让我失望，我是从xreal转过来的，后续的机型希望可以增加3dof
2025年5月31日 · 【全能适配丨观影推荐】雷鸟Air 3s Pro+魔盒2代,整体质感很好，显示亮度挺高，效果不错，喇叭声音好听，给人的感觉不错，连接方便，直插直连没什么延迟。总体好评！
2025年5月31日 · 【全能适配丨观影推荐】雷鸟Air 3s Pro+魔盒2代,雷鸟Air 3S Pro体验超棒！高清巨幕震撼，色彩鲜艳 细腻，佩戴舒适不压鼻。3D效果身临其境，游戏观 影超爽，外出携带方便。科技感拉满，性价比超 高，强烈推荐！
2025年5月31日 · 【全能适配丨观影推荐】雷鸟Air 3s Pro+魔盒2代,雷鸟眼镜第一次尝试，效果不错，连接简单，外形帅气，值得购买，等魔盒到了继续挖掘一下它的潜力
2025年5月31日 · 【全能适配丨观影推荐】雷鸟Air 3s Pro+魔盒2代,首發已沖，清晰度比想象中好，眼睛重量相對來說還能接受，好不錯吧
2025年5月31日 · 【游戏专属】雷鸟Air 3s Pro+HDMI转接器（新款）,很惊喜，质量非常好，图像清晰，佩戴很舒服无负重感，非常满意。和联想y700真的很配~ 很期待连在ps5和PC上的感觉！
2025年5月31日 · 【游戏专属】雷鸟Air 3s Pro+HDMI转接器（新款）,非常棒！沉浸感拉满。拿来跟apple tv搭配最合适
2025年5月31日 · 【直连DP设备】雷鸟Air 3s Pro,东西很不错  差点就分不清楚谁是谁啦 就是有点小遗憾  便携包不去Air3的好  其他都是升级
2025年5月31日 · 【直连DP设备】雷鸟Air 3s Pro,作为air1s的老用户，这次升级到3spro感觉提升很大。首先最直观的是连接线不是以前那个容易松动磁吸的了，现在是c口接在眼镜腿上。其次重量和鼻托的改善，对于我这个长时间佩戴玩游戏的来说，舒服了不少。然后显著提升的是亮度和声音，现在明显更明亮了，声音也比1s要更舒服一些。这次首发送了眼镜盒和充电适配的，这个好评。相比较1s买的大盒子，虽然能装下眼镜，线材还有自购的充电设备，但好大一个盒子放进邮差包就很鼓。3spro送的眼镜包就还蛮便携的。
2025年5月31日 · 【直连DP设备】雷鸟Air 3s Pro,国补1100多拿下的，性价比不错。 显示清晰，就是有点抖。 慢慢开发使用场景吧。
2025年5月31日 · 【直连DP设备】雷鸟Air 3s Pro,新品首發即是購買，超快發貨，第一次購買此類型產品，使用後十分滿意。
2025年5月31日 · 【直连DP设备】雷鸟Air 3s Pro,眼镜已收到，玩了一会儿游戏，体验感很好。
2025年5月31日 · 【直连DP设备】雷鸟Air 3s Pro,眼镜戴着很轻！和正常眼镜比起来差不多，亮度很高音质也还不错！
2025年5月31日 · 【直连DP设备】雷鸟Air 3s Pro,眼镜轻便，色彩好，清晰，连接方便，尺寸够大！戴着挺舒服的，适合追剧。
2025年5月31日 · 【直连DP设备】雷鸟Air 3s Pro,第一次用这种产品，感觉还不错，可以躺着玩游戏、刷剧了。配了个眼镜，看用上了以后能不能看清字，到时候再补个评论
2025年5月31日 · 【直连DP设备】雷鸟Air 3s Pro,非常nice，远超预期。
2025年6月10日 · 【全家桶】雷鸟Air 3s Pro+魔盒2代+JoyDock,一起买了JoyDock配合Switch使用，入眼亮度很惊艳，环境光较亮时显示效果依然很好，佩戴也比较舒适，出行在外坐着又或是在家躺着使用都没什么不适的感觉
2025年6月10日 · 【全家桶】雷鸟Air 3s Pro+魔盒2代+joydock,显示效果真心不错，躺在床上switch大屏幕感觉自带3D效果很爽。推荐购买，音质一般般但对于眼镜来说很不错了。至于转换器和眼睛盒子那是包装里面标配不算送的。
2025年6月10日 · 【全能适配丨观影推荐】雷鸟Air 3s Pro+魔盒1代,雷鸟眼镜非常适合我的办公学习，研究生论文插上电脑看论文，还有看视频学习的时候直接投屏到雷俩眼镜上面，非常的舒服，巴适的很，以后一只会保持使用它的
2025年6月10日 · 【全能适配丨观影推荐】雷鸟Air 3s Pro+魔盒2代,1、产品体验比较差，连悬停功能都没有，这种眼镜能称之为AR就很奇怪，只能叫头戴显示器。 2、发货很有问题，订的是眼镜加魔盒2的套装，等眼镜到了货才通知我魔盒数量有限，要排队发货，最终尾期能加出两周之多，所以我不得不退掉魔盒差价，去外面第三方商城买现货，假如当初拍前就能告知官方旗舰店就是这个渠道水平，我大概99%不会买这个牌子的产品。 3、总结：做为市面上少见的1k“AR”产品，从性能到功能到服务到体验，确实只能值1k，不建议任何人购买。
2025年6月10日 · 【全能适配丨观影推荐】雷鸟Air 3s Pro+魔盒2代,大屏幕，佩戴舒适，科技感满满。
2025年6月10日 · 【全能适配丨观影推荐】雷鸟Air 3s Pro+魔盒2代,收到就迫不及待开箱，外观科技感拉满，佩戴上很轻便，没什么压迫感。百寸巨幕观影，画面清晰又流畅，120Hz高刷看动态场景超爽，不管追剧还是玩游戏，沉浸感直接拉满，连接设备也方便，体验直接起飞，妥妥提升生活幸福感，入股不亏！
2025年6月10日 · 【全能适配丨观影推荐】雷鸟Air 3s Pro+魔盒2代,画质清晰，亮光处看的也很清楚，配合魔盒使用很方便，出差时可以躺着看电影。魔盒的软件需要优化，体验感一般，很多功能都没有。
2025年6月10日 · 【全能适配丨观影推荐】雷鸟Air 3s Pro+魔盒2代,视野清晰舒适，看电影，看比赛都很好，配近视镜片也很方便
2025年6月10日 · 【全能适配丨观影推荐】雷鸟Air 3s Pro+魔盒2代,质量很好、物超所值、音质很好。 宝贝超级喜欢，质量杠杠的，音质也不错，简直是大爱了!商家服务态度非常好，物流也很快哦!
2025年6月10日 · 【全能适配丨观影推荐】雷鸟Air 3s Pro+魔盒2代,这次最重要的提升其实就是亮度提升了，这样户外也可以比较好的使用了，顶部和四周炫光也改善了，价格合理，图像颜色丰富，看暗部画面噪点少。性价比同类最高
2025年6月10日 · 【游戏专属】雷鸟Air 3s Pro+HDMI转接器（新款）,一开始买来只是想试用看看效果，没想到完全达到了预期，配套的镜片和眼镜集成度很高，也可以独立拆卸。搭配Mac Mini使用更是有奇效，非常满意
2025年6月10日 · 【游戏专属】雷鸟Air 3s Pro+HDMI转接器（新款）,发货很快，画面很清晰，看电影打游戏一点不影响别人，非常棒��
2025年6月10日 · 【游戏专属】雷鸟Air 3s Pro+HDMI转接器（新款）,很好很清晰的眼镜，非常好，非常好，非常好，非常好，非常好
2025年6月10日 · 【游戏专属】雷鸟Air 3s Pro+HDMI转接器（新款）,配的近视眼镜非常合适，客服态度非常好，画面清晰，稳定，非常棒
2025年6月10日 · 【直连DP设备】雷鸟Air 3s Pro,不愧是大品牌，之前一直在留意，无奈身边没人用，一直没敢下手，这次被朋友安利，立马买来用用，整体来说性价比很高，期待更加成熟，更多好感受
2025年6月10日 · 【直连DP设备】雷鸟Air 3s Pro,值得购买的产品，做工非常精细，比想象中的好，推荐大家尝试
2025年6月10日 · 【直连DP设备】雷鸟Air 3s Pro,听朋友说挺好用的，买来试试，连接手机看电视很清晰，连接电脑也不错，推荐一试
2025年6月10日 · 【直连DP设备】雷鸟Air 3s Pro,属于单身青年的巨幕，下班后一个人安静独享影音时光。画质比想象中要惊艳很多。
2025年6月10日 · 【直连DP设备】雷鸟Air 3s Pro,昨天收到，晚上就直接看电影用了，体验很好，重量可以，戴着不累，观影效果极佳，而且连接手机非常方便，手机耗电也还能接受。今天再试一下连switch
2025年6月10日 · 【直连DP设备】雷鸟Air 3s Pro,眼镜收到，赶紧拿出来试试，观影清晰，色彩艳丽，PD设备的手机跟笔记本都秒连，享受科技带来的美好生活！
2025年6月10日 · 【直连DP设备】雷鸟Air 3s Pro,眼镜效果很好，性价比很高，值得购买，不错不错不错
2025年6月10日 · 【直连DP设备】雷鸟Air 3s Pro,第一次体验，感觉不错，没有眼睛累的感觉。以后出行就方便了。
2025年6月10日 · 【直连DP设备】雷鸟Air 3s Pro,第一次用智能眼镜，真是一种全新的体验。看起来大小略大于一臂远的24寸屏幕，画质很好。最惊喜的是它的音响，听助眠音频简直不亚于入耳式耳机。
2025年6月10日 · 【直连DP设备】雷鸟Air 3s Pro,雷鸟智能眼镜以轻巧设计、强大AI功能和AR技术超越竞品，性价比高，是日常拍摄与沉浸体验的理想选择。
2025年6月11日 · 【全能适配丨观影推荐】雷鸟Air 3s Pro+魔盒2代,买了大全套，非常满意。对比两年前买的华为Glass，效果有本质提升。不是谁的粉丝，好就是好。
2025年6月11日 · 【全能适配丨观影推荐】雷鸟Air 3s Pro+魔盒2代,客服态度非常好，介绍很详细，戴上效果很不错特别适合坐飞机火车，魔盒造型质感也很好，就是系统待完善
2025年6月11日 · 【全能适配丨观影推荐】雷鸟Air 3s Pro+魔盒2代,看视屏影屏效果好！物超所值！值得信赖！亮相圆满！能直接插上iphone 15promax 上使用！也可在电脑上直接使用！
2025年6月11日 · 【游戏专属】雷鸟Air 3s Pro+HDMI转接器（新款）,清晰度可以，声音效果也不错。但是，对，但是了，没有太过惊艳，等效130寸的感觉不到这么大。总体还是值得购买。
2025年6月11日 · 【直连DP设备】雷鸟Air 3s Pro,使用比想像中好很多 尤其是攜帶大小 看跟我的NS joycon 比較就知道多小了
2025年6月11日 · 【直连DP设备】雷鸟Air 3s Pro,好用的，高铁看电影神器，下一代期待加耳塞式音频，可以暂时关闭屏幕做墨镜用，就不用频繁取下来了
2025年6月11日 · 【直连DP设备】雷鸟Air 3s Pro,手机连接，笔记本dp协议cc线直连，台式机和PS5用HDMI转接器连接都试过没有问题，其实屏幕观感和坐在电脑前看27寸屏幕差不多，因为近视镜片还没到，带近视眼镜再戴air3spro实在是有点太折磨了，画质就先不测了，不过送的线稍微有点短，手上几根CC线都是快充线只有480mbps，建议去买根雷电3以上的长CC线，总体还是很不错的
2025年6月11日 · 【直连DP设备】雷鸟Air 3s Pro,画质细腻清晰，还送了配件，边充边看，眼镜盒，方便外带。99配了近视加散光眼镜。我的瞳距67适合，
2025年6月11日 · 【直连DP设备】雷鸟Air 3s Pro,畫面 音效 都很棒 co值超高 值得購買
2025年6月11日 · 【直连DP设备】雷鸟Air 3s Pro,畫面不夠大，對比平時用投影機， 掛耳朵地方會痛，只支持左右3D， 重量輕攜帶方便�
2025年6月11日 · 【直连DP设备】雷鸟Air 3s Pro,眼镜不错，画质很清晰，客服态度很好很有耐心，解答问题很及时
2025年6月11日 · 【直连DP设备】雷鸟Air 3s Pro,眼镜十分的轻巧 长时间佩戴也不会感觉很重 这次升级亮度以后 在室内的观影效果十分的好 在室外的交通工具上也能够使用  画面色彩明快 刷新率确实能达到120hz 随机配送的配镜服务 配出来的镜片 使用体验良好
2025年6月11日 · 【直连DP设备】雷鸟Air 3s Pro,眼镜很好用，升级pro版，看电视投屏，非常方便，色彩鲜艳、*真，可边用边充更便利了
2025年6月11日 · 【直连DP设备】雷鸟Air 3s Pro,第一次使用投屏眼镜产品 音质和画质都是非常超出预期的，带着也不会很重 很不错�
2025年6月11日 · 【直连DP设备】雷鸟Air 3s Pro,镜片晚了几天才到，很清楚，终于可以在摸鱼时间打xsx而不影响其他人了。午休时间用来看电影也很给力。
2025年6月12日 · 【全能适配丨观影推荐】雷鸟Air 3s Pro+魔盒2代,比想象中的清晰，之前还怀疑边角不清晰，实际使用中，这些问题都不存在，清晰度很高，亮度绝对是重点，中午12点，在阳面的房间里，根本没压力，体验感很强，魔盒2还没到，用的三星手机直连，要是那个边充边用的接口一起发货就好了，能持续体验，总体来说，这个眼镜非常不错，618活动价，赶紧下单，还有7天无理由退换货。
2025年6月12日 · 【游戏专属】雷鸟Air 3s Pro+HDMI转接器（新款）,眼镜很轻，显示很清晰，色彩鲜艳准确，很适合躺在床上看视频�
2025年6月12日 · 【直连DP设备】雷鸟Air 3s Pro,pro升级款，音质画质都很棒， 宝贝超级喜欢，质量杠杠的，配件齐全，商家服务态度非常好，物流也很快哦!
2025年6月12日 · 【直连DP设备】雷鸟Air 3s Pro,不错很好用 比上一代3要亮一些 室外最高亮度完全可以观看没什么影响。PRO的立体声模式看电影还不错 可惜就是色深是8bit的 希望能尽早出 高刷 2k分辨率 色深12bt的。
2025年6月12日 · 【直连DP设备】雷鸟Air 3s Pro,用来在床上或者飞机上看电影，基本是可以满足需求的。尺寸/亮度/色彩/音效都还算满意。观影的时候画幕周边有一圈黑圈，不知道是不是我设置问题，不知道能不能用起来让显示尺寸更大。一个老生常谈的遗憾，就是手机必须在投屏时保持亮屏状态。
2025年6月12日 · 【直连DP设备】雷鸟Air 3s Pro,第一次用這種眼鏡，搭配近視鏡片！看電影真的爽，賣家發貨速度很快！給個好評�
2025年6月12日 · 【直连DP设备】雷鸟Air 3s Pro,视频清晰度不错，看得很清楚，音响效果意外的不错，关键是轻巧携带方便，随时随地都可以拿出来连接手机直接观看
2025年6月12日 · 【直连DP设备】雷鸟Air 3s Pro,非常好用，即插即用，没有难度视频很清晰，带着也很帅，不尴尬
2025年6月13日 · 【Switch专属】雷鸟Air 3s Pro+JoyDock,方便攜帶且實用 坐著躺著都好用
2025年6月13日 · 【全能适配丨观影推荐】雷鸟Air 3s Pro+魔盒2代,一次很愉快的购物体验，试用了一下，效果不错，入门级AR眼镜首选！推荐推荐！
2025年6月13日 · 【全能适配丨观影推荐】雷鸟Air 3s Pro+魔盒2代,东西很鸡肋，魔盒更鸡肋，不缺钱可以体验，本人觉得特别不值，总体上是一个韭菜行为，退也就不就高兴退了
2025年6月13日 · 【全能适配丨观影推荐】雷鸟Air 3s Pro+魔盒2代,刚收到货就迫不及待去体验，总体来说还可以，镜腿偏硬，时间长了会不适，魔盒、转换头和挡片都之后发货，体验感不完整
2025年6月13日 · 【全能适配丨观影推荐】雷鸟Air 3s Pro+魔盒2代,实物与描述的一样，质量相当好，卖家态度也好，有问必答，发货速度杠杠的，值得购买哦。
2025年6月13日 · 【游戏专属】雷鸟Air 3s Pro+HDMI转接器（新款）,包装很好，买了转接器，随插随用方便。客服回复快，态度也好
2025年6月13日 · 【游戏专属】雷鸟Air 3s Pro+HDMI转接器（新款）,和预期一样，效果好，清晰度亮度足够！性价比高！推荐！
2025年6月13日 · 【直连DP设备】雷鸟Air 3s Pro,很开心，终于收到了。迫不及待的试了2 小时，很满意，全新的看电影体验。�后悔
2025年6月13日 · 【直连DP设备】雷鸟Air 3s Pro,最开始看了评测，说得图像会漂移，实际体验没那么厉害，我主要用于看动漫，那细腻度不摆了，王麻子的皮肤都看得特别清晰。刚开始戴，看视频还有点头晕目眩的，第二次就对了，戴上半小时鼻梁还是有点累。环绕声很好，不用带耳机也能听得很清晰，一千多块买个随身大屏，当个玩具还是挺不错的。
2025年6月13日 · 【直连DP设备】雷鸟Air 3s Pro,画质高，清晰，发货速度快，客服态度好，以后还会再来
2025年6月13日 · 【直连DP设备】雷鸟Air 3s Pro,眼镜画面清晰，AR效果很棒，客服服务态度非常好，整体很满意。
2025年6月13日 · 【直连DP设备】雷鸟Air 3s Pro,这款眼镜挺好用的，非常的轻巧，推荐大家购买，这个画面也非常的清楚，亮度也很高
2025年6月14日 · 【全家桶】雷鸟Air 3s Pro+魔盒2代+joydock,第一次購買使用覺得好用，整個戴起來不會太重，且配件使用上也很搭配，適合獨樂樂享用，也可以不用跟家人搶電視了
2025年6月14日 · 【全能适配丨观影推荐】雷鸟Air 3s Pro+魔盒2代,物流很快就收到货了 目前连手机和pad都没问题，就是现在还要架一个眼镜有点麻烦，期待镜片配好以后的效果
2025年6月14日 · 【全能适配丨观影推荐】雷鸟Air 3s Pro+魔盒2代,畫面清晰又輕巧…躺著看坐著看都舒服…朋友試戴都驚艷….只是對於台灣來說….魔盒限制真的是比較多…不然魔盒滿好玩的…想換蘋果15以上的衝動又加強了….希望17有大改讓人有買的動力
2025年6月14日 · 【全能适配丨观影推荐】雷鸟Air 3s Pro+魔盒2代,近些年买到的最超预期的电子产品，本以为1080P效果不会太好，结果显示效果非常细腻，刚到手不太习惯感觉对焦不是很好，但用习惯找到合适的佩戴位置也就还好了，就看哪年发展到能无线那就更棒了，毕竟拖着根线还是不太方便的。
2025年6月14日 · 【游戏专属】雷鸟Air 3s Pro+HDMI转接器（新款）,发货非常快 活动力度很大 已经推荐给朋友了
2025年6月14日 · 【直连DP设备】雷鸟Air 3s Pro,买了2代，现在复购3代，产品很好，之后升级，继续购买
2025年6月14日 · 【直连DP设备】雷鸟Air 3s Pro,亮度和清晰度都可以，这个价位算可以了，不近视玩家的福音
2025年6月14日 · 【直连DP设备】雷鸟Air 3s Pro,亮度目前是智能眼镜里面最好的 清晰度也非常不错 惊艳到了  这个价格会大卖 随时随地大屏体验
2025年6月14日 · 【直连DP设备】雷鸟Air 3s Pro,寄貨速度飛快，當天下單隔天就到貨，目前使用起來沒有什麼問題
2025年6月14日 · 【直连DP设备】雷鸟Air 3s Pro,我之前已有買第一代，現在買最新三代机真的有驚喜！畫面及音提升很多，體驗非常好！重量輕了2-3倍！真舒服！長時期觀看影片也沒問題！畫質非常滿意！
2025年6月14日 · 【直连DP设备】雷鸟Air 3s Pro,整体使用很好，记得一定要用自带的投屏软件。
2025年6月14日 · 【直连DP设备】雷鸟Air 3s Pro,显示效果很棒，用电脑软件后能够支持空间定位悬浮屏幕，办公也没问题，特别酷
2025年6月14日 · 【直连DP设备】雷鸟Air 3s Pro,横向对比了这款和X家的另外一款之后果断留了这款。固定的屏幕大小基本就是可调的眼镜把屏幕调到最大的状态，色彩音质表现都不错，拿到之后基本每天都使用2-3小时，观影沉浸感很好。重要的是，这个价格太香了！
2025年6月14日 · 【直连DP设备】雷鸟Air 3s Pro,物流很快，包装完好，支持雷鸟���
2025年6月14日 · 【直连DP设备】雷鸟Air 3s Pro,画面大约跟我家距离2米多的85寸电视机效果相若。声音效果很好，跟非入耳式耳机效果相同。躺在床上不怕耳机掉落。暂没发现有发烫情况。用手机可以边看边接蓝芽耳机使用。
2025年6月14日 · 【直连DP设备】雷鸟Air 3s Pro,这些日子终于搞定不用下载，网盘直接播放视频，荐片播放器一样可以在眼镜里看�。
2025年6月14日 · 【直连DP设备】雷鸟Air 3s Pro,非常nice！ 连有Type-C输出的手机，直接变随身电影院。 连电脑玩游戏，再也不用盯屏幕费脖子了，搭配peakdo投射简直完美。
2025年6月14日 · 【直连DP设备】雷鸟Air 3s Pro,非常好的眼镜，在家就能看大片，跟坐在屏幕前看电影完全不一样的感受，什么时候升级不需要连线就完美了
2025年6月15日 · 【全家桶】雷鸟Air 3s Pro+魔盒2代+JoyDock,终于入手雷鸟的新产品了� 东西不错比想象中的要清晰，看片子和玩游戏很爽， 好评！
2025年6月15日 · 【全家桶】雷鸟Air 3s Pro+魔盒2代+JoyDock,还没开始使用 一会试试
2025年6月15日 · 【全能适配丨观影推荐】雷鸟Air 3s Pro+魔盒2代,发货很迅速，屏幕很清晰，声音也很清楚，魔盒2是要分开发货的，收到尝试后再评价
2025年6月15日 · 【全能适配丨观影推荐】雷鸟Air 3s Pro+魔盒2代,这款产品真的轻巧便携，用起来很方便，而且显示效果非常清晰，非常满意，618购买的价格很优惠，值得入手。
2025年6月15日 · 【游戏专属】雷鸟Air 3s Pro+HDMI转接器（新款）,到手一周了，还没怎么用。还在等我的眼镜到货。 倒是开机试了一下，整体效果不错，就是画面没有想象中的大。其他还可以
2025年6月15日 · 【直连DP设备】雷鸟Air 3s Pro,1、看电视剧，很有沉浸感，用手机看电视剧时，恨不得很快看完，2、可以躺着看，不用手抬着手机，冬天时手可以在被窝里。3、屏幕大、画质很清晰，比用手机看好很多。4、旧手机可以代替魔盒。
2025年6月15日 · 【直连DP设备】雷鸟Air 3s Pro,一个人在家的话真的不需要投影仪了，直接买雷鸟就好。效果比投影好，躺在床上用有电影院的感觉。照片3d效果惊艳，电影效果等待尝试。
2025年6月15日 · 【直连DP设备】雷鸟Air 3s Pro,一千出头一点性价比真是高�
2025年6月15日 · 【直连DP设备】雷鸟Air 3s Pro,性价比很高，连接简单，画面很清晰，亮度足够，户外也能使用。
2025年6月15日 · 【直连DP设备】雷鸟Air 3s Pro,整体使用感受不错。边缘没有模糊不清的情况，清晰度明显提升，长时间佩戴因人而异。
2025年6月15日 · 【直连DP设备】雷鸟Air 3s Pro,比预想中要好，这几年AR眼镜进步还是比较明显的，配件的越来越多多了，不过APP功能还比较简单，不是很好用希望后面能提升
2025年6月15日 · 【直连DP设备】雷鸟Air 3s Pro,爽是真的爽 但是忘记配镜片啦…… 包装非常好看 也很有质感 本体很时尚 非常好看 鼻托软软的 非常舒服 等配镜到了 好好爽
2025年6月15日 · 【直连DP设备】雷鸟Air 3s Pro,眼镜非常轻便，买来试用一下还不错，画面清晰流畅，近视的记得配个镜片
2025年6月15日 · 【直连DP设备】雷鸟Air 3s Pro,观影效果很好很清晰，音响效果也很好。镜腿三档调节，配镜片服务很周到，客服好评。
2025年6月15日 · 【直连DP设备】雷鸟Air 3s Pro,趁活动买的，应该是这次618买的最喜欢的一个了，还没开始用，看着质量就不错
2025年6月15日 · 【直连DP设备】雷鸟Air 3s Pro,这款AR眼镜画面*真，佩戴轻便，交互多样，科技体验感直接拉满!
2025年6月16日 · 【Switch专属】雷鸟Air 3s Pro+JoyDock,第一时间下单购买，比想象中优秀，适合看片 玩游戏，物流快 客服nice
2025年6月16日 · 【全能适配丨观影推荐】雷鸟Air 3s Pro+魔盒2代,先说缺点 1.屏幕和视线距离有关，对着笔电看，还不如它的屏幕大，看远方，感觉就不错了。 2。魔盒电量掉得很快，3小时左右就没电了。发热，有点卡，用的芒果TV hd版，点的频繁了闪退；夸克卡的连不上网（不知道是夸克的问题还是它的问题），网盘倒是能下载。 3.魔盒结合了电视盒子和平板的缺点，光标走路时乱晃，tv版软件和魔盒触屏适配的又不行，hd版软件只有夸克（卡），芒果TV（闪退），优酷（没用过），百度网盘（没会员）。生态是真不行，应用商店里就8个应用，其中6个还都不需要。 4.魔盒30s息屏，还改不了，本来就慢，卡了30秒之后又熄屏了。 5.垃圾魔盒，首页的几个应用（爱优腾芒）不需要，还卸载不了。 再说优点，大屏，声音不错。 好么，总结就是眼镜不错，魔盒垃圾。
2025年6月16日 · 【全能适配丨观影推荐】雷鸟Air 3s Pro+魔盒2代,是个好物，轻巧易携带，绝对是出差、旅行、办公的必备品
2025年6月16日 · 【全能适配丨观影推荐】雷鸟Air 3s Pro+魔盒2代,玩具，小众，拿出来显摆又太大众。现有技术的综合，所以现有技术的缺陷必须接受。希望越来越好。
2025年6月16日 · 【全能适配丨观影推荐】雷鸟Air 3s Pro+魔盒2代,眼距69的比目鱼戴了都说好 对宽瞳距用户比上一代更友好 清晰度进入我的可接受范围内了，比上一代更好 送的充电转接器可以直连 ns1，ns2不适配 观影体验不错，魔盒2代该有的功能都有，可以很方便的用 smb 接入家里的 nas，就是体感光标移动速度加个可调的选项就好
2025年6月16日 · 【全能适配丨观影推荐】雷鸟Air 3s Pro+魔盒2代,第一眼就被雷鸟AR眼镜的精致外观俘获，它的屏幕亮度很哇塞，画面始终明亮鲜活、细节分毫毕现。 搭配超带感的扬声器，音效立体环绕，仿佛置身动感现场，每一次使用都是一场沉浸式的视听狂欢，体验感直接拉满！IOS APP的功能没有Android多，需要加快开发进度。
2025年6月16日 · 【全能适配丨观影推荐】雷鸟Air 3s Pro+魔盒2代,赶上新品发布，试用满意，戴上不会晕，颜值可以，推荐
2025年6月16日 · 【全能适配丨观影推荐】雷鸟Air 3s Pro+魔盒2代,这个价位这个体验真的超级惊喜了，敢7天无理由退就是对产品自信啊，喜欢的亲们真的可以下手试试，从此玩手机不怕砸脸了哈哈哈，希望以后能出近视度数自动调试的功能，这个加上近视镜片太贴脸了～
2025年6月16日 · 【游戏专属】雷鸟Air 3s Pro+HDMI转接器（新款）,很好很强大，发货快，质量好五星好评。。。客服响应速度非常快。顺丰给力。
2025年6月16日 · 【游戏专属】雷鸟Air 3s Pro+HDMI转接器（新款）,性价比真高，躺着看电影的神器。亮度够用，屏幕观感够大。字幕也看的很清晰。三种音效也有明显区别。雷鸟没让我失望！值得拥有！ 缺点是连接线感觉有点短，无法像VR那样 拉进屏幕放大缩小之类的。
2025年6月16日 · 【游戏专属】雷鸟Air 3s Pro+HDMI转接器（新款）,效果非常惊艳。因为工作关系经常换驻地，比显示器方便太多了。
2025年6月16日 · 【直连DP设备】雷鸟Air 3s Pro,不错，效果很好，值得购买。
2025年6月16日 · 【直连DP设备】雷鸟Air 3s Pro,之前用的雷鸟air2s，现在换代升级，实测vivo x70pro+ iqoo13 三星flip5 s23u支持dp输出，红米note12turbo note11tpro+ 真我neo7不支持dp输出。
2025年6月16日 · 【直连DP设备】雷鸟Air 3s Pro,买来作为win掌机的显示器用，色彩表现远超预期。音箱合格特别是轻语模式好评。
2025年6月16日 · 【直连DP设备】雷鸟Air 3s Pro,到手用了几天了，声音和画面都不错，我拿来看动漫很舒服，而且客服服务确实好！！！
2025年6月16日 · 【直连DP设备】雷鸟Air 3s Pro,很好用，画面很清晰，戏院一样的观影体验，戴起来也很舒适，物超所值～
2025年6月16日 · 【直连DP设备】雷鸟Air 3s Pro,很棒很棒，简直就是一块儿移动的大屏幕。去咸鱼低价买一个不带屏幕的笔记本，基本没有色差，音效嘎嘎好，玩游戏追剧首选！
2025年6月16日 · 【直连DP设备】雷鸟Air 3s Pro,很滿意，好用，方便和相當清楚。
2025年6月16日 · 【直连DP设备】雷鸟Air 3s Pro,这款AR眼镜迭代到现在，效果真的挺赞，亮度很高，色彩靓丽，白天也能看，有些环境反光也影响不大，画面还是很明亮。投射的虚像大约4米多，画面应该有120寸以上。晚上观影代入感更强，躺床上看。这价格也绝了，香！
2025年6月16日 · 【直连DP设备】雷鸟Air 3s Pro,雷鸟air3spro ar眼镜真是超乎预期！画面清晰，佩戴舒适，长时间使用也不会感到疲劳。操作简便，交互流畅，无论是工作还是娱乐，都能提供出色的增强现实体验。非常推荐给追求科技感和高品质生活的朋友们！
2025年6月17日 · 【全家桶】雷鸟Air 3s Pro+魔盒2代+JoyDock,买回来适应了一段时间，总体还是挺好用的。就是魔盒有时会失灵自动退出程序，还是有些需要成长的空间的
2025年6月17日 · 【全家桶】雷鸟Air 3s Pro+魔盒2代+JoyDock,超清巨幕观影震撼体验!画质细腻如临其境，佩戴轻若无物，智能交互流畅便捷，千元档显示天花板
2025年6月17日 · 【全家桶】雷鸟Air 3s Pro+魔盒2代+JoyDock,这次购物非常棒，商品性价比非常高，值得入手。观影效果也很棒，画质音质都不错
2025年6月17日 · 【全能适配丨观影推荐】雷鸟Air 3s Pro+魔盒2代,收到使用起来还是很方便 清晰度还是可以的 使用下来还是很方便
2025年6月17日 · 【全能适配丨观影推荐】雷鸟Air 3s Pro+魔盒2代,物超所值、五星好评、质量很好、全新、很好、音质很好。 外形美观，做工踏实，音效棒极了物美价廉值得拥有!
2025年6月17日 · 【全能适配丨观影推荐】雷鸟Air 3s Pro+魔盒2代,眼镜挺好的，很清晰，声音也很通透，看视频，电影也很方便，但是这个魔盒很一般，功能单一，应用商店居然无法搜索软件，还要自己下载安装包，有些软件登录需要用手机对着眼镜片扫码，很费劲，好好改一下吧，眼镜确实好。
2025年6月17日 · 【全能适配丨观影推荐】雷鸟Air 3s Pro+魔盒2代,眼镜轻巧灵便，到货速度快，客服耐心细致。提出少了配件也立马解答，而且缺货配件两天就给配齐了。观影感受也不错，大屏看着爽。另外购买的近视镜片到货也很快。
2025年6月17日 · 【全能适配丨观影推荐】雷鸟Air 3s Pro+魔盒2代,第一次接触AR眼镜，雷鸟没有让我失望，甚至有些惊喜，带上眼镜立刻就是巨屏，环绕的立体声也非常的震撼，仿佛在电影院包了场。玩了几个小时也没有觉得累眼镜。魔盒二代虽然晚到了几天，不过也没有让我失望，连接方便，操作简单，就是一个移动的电视盒子，以后出门就又多了个娱乐。客服小哥服务也非常好，有问必答，帮我解决了好多疑问，必须好评。喜欢时尚电子产品的伙伴可以放心入手，不会失望的。
2025年6月17日 · 【全能适配丨观影推荐】雷鸟Air 3s Pro+魔盒2代,雷鸟air3spro是款不错的眼镜，使用方面快捷，佩戴舒适不重，搭配魔盒2真滴是非常方面，对于我这种上业务班滴人群来说简直是福音。尤其值晚班滴时候不在枯燥！
2025年6月17日 · 【游戏专属】雷鸟Air 3s Pro+HDMI转接器（新款）,下單兩天後收到，開箱即用非常方便，還沒有撕掉外邊的保護貼，只是用來看電影的話，這樣遮光更好。
2025年6月17日 · 【游戏专属】雷鸟Air 3s Pro+HDMI转接器（新款）,东西比想象的好很多，画质清晰，镜框没有廉价感，价格好入门，体验不错。
2025年6月17日 · 【游戏专属】雷鸟Air 3s Pro+HDMI转接器（新款）,看起來像是45吋螢幕，並沒有100吋那麼誇張，影片播放的亮度跟色調不錯，使用了半個小時後眼睛也不會酸 但是支援的DP手機非常少，建議有高階支援DP手機或是有筆電再考慮要不要購買
2025年6月17日 · 【直连DP设备】雷鸟Air 3s Pro,东西还是可以的，略微有点重，可能是不戴眼镜不适应吧。
2025年6月17日 · 【直连DP设备】雷鸟Air 3s Pro,体验不错，清晰度也还行，就是近视需要配镜片，软件适配还需要提高，接入雷鸟xr有3dof，效果还行。
2025年6月17日 · 【直连DP设备】雷鸟Air 3s Pro,佩戴方便，重量轻，画面清晰，没有颗粒感，亮度高。 看电影效果不错。 不同于VR眼镜，这个AR画面跟着头动。但是VR眼镜佩戴不舒服，各有利弊
2025年6月17日 · 【直连DP设备】雷鸟Air 3s Pro,做工不错，重量也比较轻，镜腿鼻托可调，佩戴舒适。配的近视镜片安装方便，观影的话画面清晰度可以接受，亮度也够用，音效也不错
2025年6月17日 · 【直连DP设备】雷鸟Air 3s Pro,入眼亮度很惊艳，环境光较亮时显示效果依然很好，佩戴也比较舒适，做工精致、沉浸式观影体验满足个人的追剧需求
2025年6月17日 · 【直连DP设备】雷鸟Air 3s Pro,刚收到雷鸟Air 3S Pro就迫不及待试用了，效果不错！色彩鲜艳，音效非常好。美中不足是右下角边缘看的不是很清晰，其他位置都很清晰。
2025年6月17日 · 【直连DP设备】雷鸟Air 3s Pro,发货很快 包装结实 画面清晰 玩游戏很过瘾 值得购买
2025年6月17日 · 【直连DP设备】雷鸟Air 3s Pro,发货速度很快，服务也很好，首次购买，体验很棒，配合三星dex系统，随时可以看片玩游戏，非常方便，期待有4k分辨率的新产品
2025年6月17日 · 【直连DP设备】雷鸟Air 3s Pro,图像不错，大屏幕，用来看电影，音响效果也挺好，还有3D的功能，打游戏有点累，看不到键盘全凭感觉了，性价比还是可以的，连接我的小电脑杠杠的
2025年6月17日 · 【直连DP设备】雷鸟Air 3s Pro,太赞了，插到可直连手机上直接用，挺爽，屏好大，又清楚，模式也多，不近视的一点都不伤眼！
2025年6月17日 · 【直连DP设备】雷鸟Air 3s Pro,從商品拿到手體驗幾天之後，這東西真的很方便，雖然是1080p，可是完全不會有畫面模糊粗糙的感覺，畫質很不錯，亮度也夠亮，刷新率也有120hz，有點後悔沒有加購HDMI轉type c的線，只好另外買，有打主機遊戲pc遊戲建議加購，在床上看漫畫小說也很方便，連電腦打遊戲也爽快，好產品。
2025年6月17日 · 【直连DP设备】雷鸟Air 3s Pro,性价比很高，眼镜设计轻巧，佩戴舒适，长时间使用也不会感到疲劳，可直连macmini、steamdeck，体验起来不错。
2025年6月17日 · 【直连DP设备】雷鸟Air 3s Pro,我给这个神器打100分，800多元，直连苹果16，还能通过送的转接器连接ns游玩！极度清晰，就是音量不够响�
2025年6月17日 · 【直连DP设备】雷鸟Air 3s Pro,显示效果很好，音效也不错，碰上活动打折买的，感觉非常值。希望厂家留意app功能升级，不断带来更多新玩法。
2025年6月17日 · 【直连DP设备】雷鸟Air 3s Pro,活动给力，东西很好用，好评
2025年6月17日 · 【直连DP设备】雷鸟Air 3s Pro,画质确实不错。亮度也很高，白天也可以看清。音质也算不错，沉浸感还是可以的。
2025年6月17日 · 【直连DP设备】雷鸟Air 3s Pro,看片神器，特别是在动车飞机上，配合上遮光罩就完美了。连接也很方便，我接iPad pro的话可以作为副屏幕用，开启多屏协同�
2025年6月17日 · 【直连DP设备】雷鸟Air 3s Pro,这次购物非常棒，商品性价比非常高，我买的是魔盒2套装，比之前便宜很多，值得入手。观影效果也很棒，画质音质都不错，魔盒2用起来向鼠标一样，很方便，质量出色。物流高效快捷，商家服务贴心，售后完善，有质量问题立即换货，第二天就到。配了个镜片还没到，装上观影体验应该更好。建议魔盒后续升级可以加上看3D影片的APP，可以直接观看3D影片更方便。
2025年6月17日 · 【直连DP设备】雷鸟Air 3s Pro,这款智能眼镜的显示效果非常清晰，能够轻松实现与手机的直接连接，使用体验极佳，让我十分满意。此外，商家的送货速度非常快，客服人员的态度也十分友好，整个购物过程非常顺畅。非常推荐给有需要的朋友们购买。
2025年6月17日 · 【直连DP设备】雷鸟Air 3s Pro,这款雷鸟air 3s Pro质量绝佳，观影效果一流，超大屏幕就在眼前，色差真实，开启环绕后，音效也很不错
2025年6月17日 · 【直连DP设备】雷鸟Air 3s Pro,连续使用了两天眼镜，确实是一个很好的拓展屏幕，用来连接电脑或者iPad有很好的观影体验，插着ROG Ally简直完美，应对各种串流和观影场景，唯一的缺点可能就是必须要插线了 ��
2025年6月17日 · 【直连DP设备】雷鸟Air 3s Pro,配套的镜片和眼镜集成度很高，也可以独立拆卸。搭配Mac Mini使用更是有奇效，性价比高，是日常拍摄与沉浸体验的理想选择
2025年6月17日 · 【直连DP设备】雷鸟Air 3s Pro,随手一戴就能享受135英寸巨幕观影体验，视觉效果非常棒。画面清晰操作简单，科技感十足超爱
2025年6月17日 · 【直连DP设备】雷鸟Air 3s Pro,雷鸟智能眼镜设计轻巧、性价比高，体验睇劇神器的理想选择。
2025年6月17日 · 【直连DP设备】雷鸟Air 3s Pro,非常好的ar眼镜，适配出差旅游场景，重量控制得很好，长时间佩戴无不适感，也不累。618叠加国补价格也合适，推荐。
2025年6月18日 · 【全家桶】雷鸟Air 3s Pro+魔盒2代+JoyDock,效果不错 吃灰的switch 又可以继续玩了 晚上陪孩子也可以一边看电影了 首发加补贴 性价比之选!
2025年6月18日 · 【全家桶】雷鸟Air 3s Pro+魔盒2代+joydock,明明已买了全家筒套餐，但第一次快递收货就已经遗留了电视盒2送过来。要三番四次问客服经过两星期的等待才寄回电视盒初次购买体验实在太糟糕，以后不会再购买。
2025年6月18日 · 【全家桶】雷鸟Air 3s Pro+魔盒2代+JoyDock,非常好的产品。本体和配件的设计均良好、综合性价比都非常高，值得购买和使用。为优秀的产品，点赞雷鸟产品团队和相关的产品团队。
2025年6月18日 · 【全能适配丨观影推荐】雷鸟Air 3s Pro+魔盒2代,618活动买的，平台补贴外加用了一张9折券，超划算。美女客服很专业！人美！心好！长头发18岁！讲解很详细，魔盒2触屏用起来很便捷，试了连接各种设备一切ok！眼镜盒子，外观时尚时尚！很时尚！4000mah的电量杠杠滴，平时还能当充电宝用！
2025年6月18日 · 【全能适配丨观影推荐】雷鸟Air 3s Pro+魔盒2代,到手用了几天，下班坐在工学椅上斜躺看电影特别舒坦，关灯的话沉浸感强，显示效果很清晰，白天开启强光模式也能看清画面。
2025年6月18日 · 【全能适配丨观影推荐】雷鸟Air 3s Pro+魔盒2代,刷剧感觉蛮好的，推荐还是要组合买这个魔盒2代，可以插内存卡，至于发烫的话，刚好也避开了，价格也蛮实惠的，不亏不亏。
2025年6月18日 · 【全能适配丨观影推荐】雷鸟Air 3s Pro+魔盒2代,属于是ar眼镜里面性价比最高的那批了，亮度很高非常清晰，而且近视的话可以配眼镜很方便
2025年6月18日 · 【全能适配丨观影推荐】雷鸟Air 3s Pro+魔盒2代,很好的一次购物体验 产品很不错
2025年6月18日 · 【全能适配丨观影推荐】雷鸟Air 3s Pro+魔盒2代,淘宝评语：  1200尼特超亮屏，135英寸巨幕震撼！音画双绝，佩戴舒适，出差娱乐神器！
2025年6月18日 · 【全能适配丨观影推荐】雷鸟Air 3s Pro+魔盒2代,物超所值、质量很好、音质很好，性价比高，音效棒极了物美价廉值得拥有!
2025年6月18日 · 【全能适配丨观影推荐】雷鸟Air 3s Pro+魔盒2代,用了几天 画面整体清晰 就四周的小字还是有点模糊 还有就是镜腿位置发热 因为佩戴时在太阳穴附近 戴起来不是很舒服 希望以后有这方面的改进  魔盒2用着也还可以 续航看视频 3个小时左右 整体用起来都还能接受
2025年6月18日 · 【全能适配丨观影推荐】雷鸟Air 3s Pro+魔盒2代,眼镜佩戴舒适 观影效果很棒，清晰度也可以。做工精细，期待下一代产品能做的更好。
2025年6月18日 · 【全能适配丨观影推荐】雷鸟Air 3s Pro+魔盒2代,观望了很久，决定还是买了雷鸟，先尝尝鲜，体验还不错，屏幕够亮够大，是远途旅行出差的好搭子。
2025年6月18日 · 【全能适配丨观影推荐】雷鸟Air 3s Pro+魔盒2代,"雷鸟Air3S Pro入手了一段时间, 配上魔盒体验真的非常 棒' 亮度很高, 即使在强光下画面依然清晰, 98% DCI-P3色域 让色彩表现特别*賣。3D环绕音效非常震撼, 就像在影院 一样, 四扬声器的音质表现也很出色。軍量才769, 长时问 佩兼完全不累, 而且可以适配各种设备, 玩游戏、 看电影都 很流畅, 性价比起高！"
2025年6月18日 · 【全能适配丨观影推荐】雷鸟Air 3s Pro+魔盒2代,雷鸟最新ar眼镜，价格实惠，看电影巨爽，放在车里，充电洗车的时候就不会无聊了！
2025年6月18日 · 【游戏专属】雷鸟Air 3s Pro+HDMI转接器（新款）,显示效果很好� 清晰又大屏，还支持多设备
2025年6月18日 · 【直连DP设备】雷鸟Air 3s Pro,买来立刻就试用了，外观很炫酷，连到手机上就能用，视频播放很流畅，美中不足是音量有点小，不过音频可以用蓝牙耳机。
2025年6月18日 · 【直连DP设备】雷鸟Air 3s Pro,以前买过air3 这个比那个效果又升级了不少 尤其是音效，很真实 然后眼镜也很清晰 看4k视频非常清楚 真实 120hz高刷很舒服
2025年6月18日 · 【直连DP设备】雷鸟Air 3s Pro,刚收到货 使用起来还是蛮简单的  视频效果可以  使用后再感觉感觉
2025年6月18日 · 【直连DP设备】雷鸟Air 3s Pro,很不错的ar眼镜，以前光听说了没有买过，第一次买就买到了性价比很高的，感觉亮度绝对可以的
2025年6月18日 · 【直连DP设备】雷鸟Air 3s Pro,特别好，很轻便，亮度很高很清楚，画面边缘清晰，需要不近视的使用，建议定制近视镜片。特别棒！
2025年6月18日 · 【直连DP设备】雷鸟Air 3s Pro,發貨很快，看視頻效果不錯，可以擁有私人的摸魚空間。
2025年6月18日 · 【直连DP设备】雷鸟Air 3s Pro,相對上代 這一代四邊角落都清晰 光度我沒有對比因為上一代都足夠 機身溫度比上一代低溫 上一代比較發熱 上一代近視鏡片可以放在這一代使用 音量和上代差不多 整體比上代更出色非常滿意
2025年6月18日 · 【直连DP设备】雷鸟Air 3s Pro,眼镜十分的轻巧 长时间佩戴也不会感觉很重 这次升级亮度以后 在室内的观影效果十分的好 在室外的交通工具上也能够使用 画面色彩明快 刷新率确实能达到120hz ，目前加购的近视眼镜还没到，等到了再试试。 就是有的手机不支持DP买的时候可能要注意下
2025年6月18日 · 【直连DP设备】雷鸟Air 3s Pro,眼镜连接方便，佩戴舒适，画面清晰，亮度高，色彩艳，沉浸感强，体验不错。
2025年6月18日 · 【直连DP设备】雷鸟Air 3s Pro,第一次买这类产品，直连手机或平板，手机必须一直亮屏，让眼镜和手机同步播放，和想象中不太一样，郁闷。
2025年6月18日 · 【直连DP设备】雷鸟Air 3s Pro,这款眼镜真的很不错，亮度高，画面清晰，是观影利器，使用比 VR 头显轻便多了。
2025年6月18日 · 【直连DP设备】雷鸟Air 3s Pro,连接非常方便插上即用，显示得很清楚啊，在家也能体验到电影院里的感觉了！
2025年6月18日 · 【直连DP设备】雷鸟Air 3s Pro,非常好的体验，画面清晰，色彩自然，戴久了也不会不舒服
2025年6月18日 · 【直连DP设备】雷鸟Air 3s Pro,颜值很高，试了一下，挺好用，适合外出办公娱乐。加上国补，很划算了
2025年6月19日 · 【全家桶】雷鸟Air 3s Pro+魔盒2代+JoyDock,入手雷鸟air3s pro眼镜、魔盒2和joydock套装。眼镜戴着轻巧，画面清晰。魔盒操作方便，资源多，轻轻松松享受大屏观影。joydock连接switch玩游戏，体验也很不错。值得一提的是客服相当有耐心，有问必答，随时帮助解决遇到的问题，赞�
2025年6月19日 · 【全家桶】雷鸟Air 3s Pro+魔盒2代+JoyDock,非常便携，电视剧重度患者专用，安卓系统，支持的软件非常多，搭配电视盒子，出差出门利器
2025年6月19日 · 【全能适配丨观影推荐】雷鸟Air 3s Pro+魔盒2代,618蹲到好价，性价比拉满。配的近视镜片也很清晰，画面色彩也不错，看番神器。魔盒刚到，操控还是很好用的，其他功能还没尝试。连sd效果也很好比原屏幕颜色清晰度都好。
2025年6月19日 · 【全能适配丨观影推荐】雷鸟Air 3s Pro+魔盒2代,东西非常好，特别实用，推荐给大家购买，非常好的产品
2025年6月19日 · 【全能适配丨观影推荐】雷鸟Air 3s Pro+魔盒2代,国补价格很优惠，客服服务态度很好，产品质量好，性能很优良
2025年6月19日 · 【全能适配丨观影推荐】雷鸟Air 3s Pro+魔盒2代,已经收到了，不过镜片还没有到，需要到了才能使用，到时候再追加评价。
2025年6月19日 · 【全能适配丨观影推荐】雷鸟Air 3s Pro+魔盒2代,这个效果确实震撼到我了。很棒的观影体验。等我配个眼镜。再来好好享受，�
2025年6月19日 · 【全能适配丨观影推荐】雷鸟Air 3s Pro+魔盒2代,这款AR眼镜迭代到现在，效果真的挺赞，亮度很 高，色彩靓丽，白天也能看，有些环境反光也影 响不大，画面还是很明亮。投射的虚像大约4米 多，画面应该有120寸以上。晚上观影代入感更 强，躺床上看。这价格也绝了，香!
2025年6月19日 · 【全能适配丨观影推荐】雷鸟Air 3s Pro+魔盒2代,雷鸟眼镜搭配魔盒，手机视频可投屏到眼镜观看，类似影院的观看效果，观看效果不错。
2025年6月19日 · 【直连DP设备】雷鸟Air 3s Pro,入手雷鸟Air3S Pro后彻底被惊艳到了！4K超清高刷屏幕显示细腻到连发丝都清晰可见，色彩还原度绝绝子，观影、玩游戏都像置身私人巨幕影院！双目1200尼特高亮度，哪怕白天使用画面也丝毫不模糊，还能和Switch、手机、电脑无缝连接，适配超广。佩戴超轻盈，海绵垫柔软不压脸，长时间使用也不累。折叠收纳超方便，出差旅行揣包里就能随时享受大屏快乐，绝对是提升幸福感的科技神器，强烈推荐！ 收起
2025年6月19日 · 【直连DP设备】雷鸟Air 3s Pro,加上国补，性价比拉慢，躺着游戏完全可以！
2025年6月19日 · 【直连DP设备】雷鸟Air 3s Pro,在网上看了很久，不考虑3dof之类的额外功能，感觉目前这款最有性价比。先用一段时间看看，后续追评。近视眼镜还没到，目前想的办法是用日抛隐形眼镜。
2025年6月19日 · 【直连DP设备】雷鸟Air 3s Pro,很不错的眼镜，性价比很高，很喜欢，下次还会来买你家的产品，它就是这个样，谢谢，下次还会再光临的。
2025年6月19日 · 【直连DP设备】雷鸟Air 3s Pro,很不错，这个价位清晰度.亮度都已经很牛*了，产品定位还是很清晰的，没有悬停基本只能固定看电影啥的
2025年6月19日 · 【直连DP设备】雷鸟Air 3s Pro,感觉比air2体验好了不少，趁着618入手了，到手体验了一下，感觉很棒
2025年6月19日 · 【直连DP设备】雷鸟Air 3s Pro,效果很清晰，亮度也够，除非户外大太阳底下可能会有一点影响。唯一一点小建议就是快递时能否在外纸盒贴个易碎标签，虽说内在保护也足够，但收到时外纸盒有一点压痕（还是东莞到广州的短距离），心里不禁有点膈应
2025年6月19日 · 【直连DP设备】雷鸟Air 3s Pro,旅途使用很好，个人目前使用不需要盒子，要有前档镜片。
2025年6月19日 · 【直连DP设备】雷鸟Air 3s Pro,没想到 AR 眼镜现在可以打到这个价格，观影效果很好，画面很清晰，使用了几天就适应了，就是手机屏幕要一直打开，掉电比较快。环绕音质也很好。这个设备大大降低了我一个人的时候看电影电视剧的门槛，不再需要打开电视或投影投屏，就能享受沉浸式的观影效果，是出差或独处时的一个好伙伴。
2025年6月19日 · 【直连DP设备】雷鸟Air 3s Pro,"產品非常優勝，視像的效果非常完美,使用非常方便,非常值得購買"
2025年6月19日 · 【直连DP设备】雷鸟Air 3s Pro,眼镜很好，我很满意，非常心动，很喜欢，性价比非常高。下次还会再来买你们家的产品的很不错。
2025年6月19日 · 【直连DP设备】雷鸟Air 3s Pro,第二次购买AR眼镜啦，之前可能其他品牌技术的原因，纱窗感很严重，这款AR眼镜超出预期，实在是太喜欢了，推荐推荐，给朋友也安利了一台�
2025年6月19日 · 【直连DP设备】雷鸟Air 3s Pro,这东西出差用 真的是太方便了 色彩 音质 都很不错
2025年6月19日 · 【直连DP设备】雷鸟Air 3s Pro,雷鸟Air 3S Pro 观影神器，远超预期！** 戴上瞬间被巨幕震撼，Micro-OLED屏幕色彩鲜艳、细节清晰，仿佛影院就在眼前。轻巧舒适，佩戴一两个小时也不压鼻梁。护眼功能很实用，长时间看也不累。连接方便，无论是追剧、玩游戏还是临时办公，体验都超棒。画质和便携性完美结合，绝对是提升生活品质的科技好物，爱不释手，强烈推荐！，现在还能99配镜太划算了
2025年6月19日 · 【直连DP设备】雷鸟Air 3s Pro,雷鸟ar眼镜真不错，性价比高，东西轻便，可以随身携带，买到就是赚到
2025年6月1日 · 【Switch专属】雷鸟Air 3s Pro+JoyDock,使用非常简单。画质，音质都不错。 它成为了出差必备的好伴侣。
2025年6月1日 · 【Switch专属】雷鸟Air 3s Pro+JoyDock,第一次体验，感觉还不错，连pc还不错，需要另外买更长的dp线，但是分辨率1080p还是低了一点，游戏锯齿有点明显。
2025年6月1日 · 【全家桶】雷鸟Air 3s Pro+魔盒2代+joydock,第一次用，产品质量非常好，所有细节做的也非常到位，唯一就是眼镜盒略微要点小，希望能有提供备用的数据线
2025年6月1日 · 【全能适配丨观影推荐】雷鸟Air 3s Pro+魔盒1代,对于我来说音质和画质是绝对够用的，这么说吧，一个3米左右的小房间，往墙上看，就是大半面墙的画面。正常晴天，12点左右，在室外，画面是可以正常看的，我是佩戴他，做简单家务，晾晒衣服，洗碗筷，一小时左右没觉得压鼻梁。躺着折腾，连接安卓和苹果手机，笔记本电脑还有switch，又折腾四十几分钟吧，连接这些设备当作外显没什么问题，魔盒电量也是够的，折腾没了电，电量显示8％开始充，两个半小时充满。等我再开发开发玩法，下载一点APP给魔盒再追评吧。总之目前来说对于我这个没太高要求的人来说够用
2025年6月1日 · 【全能适配丨观影推荐】雷鸟Air 3s Pro+魔盒2代,不错，使用效果很好，色彩比原先款更清晰了
2025年6月1日 · 【全能适配丨观影推荐】雷鸟Air 3s Pro+魔盒2代,看过网上的对比视频，雷鸟这个显示效果是同类型最好的，性价比最高的，出新品就决定买了，有赠送分线器，评价之后还会赠送遮光罩，确实很值。
2025年6月1日 · 【全能适配丨观影推荐】雷鸟Air 3s Pro+魔盒2代,眼镜很好用，比我之前买的眼镜画面更大，效果更好。特别是这个声音大很多，看电影电视剧真的爽。
2025年6月1日 · 【全能适配丨观影推荐】雷鸟Air 3s Pro+魔盒2代,这次购物非常愉快！商品实惠好用，质量上乘。物流迅速，商家服务热情，售后无忧。视频白天也清晰
2025年6月1日 · 【游戏专属】雷鸟Air 3s Pro+HDMI转接器（新款）,国补入手，眼镜质感非常棒，画面视野清晰，亮度高，音质优秀。送的转接器可以直接连switch激活底座模式，买的HDMI套装，连电脑ps5都没问题。先好评签收，等配镜服务了，戴着近视眼镜体验实在不是很舒服～
2025年6月1日 · 【游戏专属】雷鸟Air 3s Pro+HDMI转接器（新款）,抢了一个AIR 3S PRO，HDMI套装。 不过现在大多手机，pad，电脑都支持TYPE C直接视频，其实不要HDMI也可以。 用下来还不错，打游戏和看电影都不错。 如果能支持无线直接看就更好了。
2025年6月1日 · 【游戏专属】雷鸟Air 3s Pro+HDMI转接器（新款）,收到眼镜了，使用很方便，连接我的手机也直接可用，不用考虑是否DP直连的问题，我是三星S23 ultra，本来以为不能直接连手机的，效果不错，不过一开始看还需要眼睛适应适应这种虚拟大屏幕的感觉，躺床上看确实方便
2025年6月1日 · 【游戏专属】雷鸟Air 3s Pro+HDMI转接器（新款）,显示效果和声音效果都很棒 刚开始使用的时候需要适应一下 整体性价比不错
2025年6月1日 · 【游戏专属】雷鸟Air 3s Pro+HDMI转接器（新款）,本体到货了，发现少了配件，问了才告诉我配件不是一起发，要等10天以后再发�
2025年6月1日 · 【游戏专属】雷鸟Air 3s Pro+HDMI转接器（新款）,看了一下电影，不错，现在慢慢摸索当中
2025年6月1日 · 【游戏专属】雷鸟Air 3s Pro+HDMI转接器（新款）,看电影，打游戏，出差人士首选
2025年6月1日 · 【游戏专属】雷鸟Air 3s Pro+HDMI转接器（新款）,质量很好，样子也喜欢，画面现在用不了不知道，到时候再追评吧。
2025年6月1日 · 【直连DP设备】雷鸟Air 3s Pro,之前体验过Air3，这次的Air3s pro对比上代亮度确实提升不少，可用性增强了。
2025年6月1日 · 【直连DP设备】雷鸟Air 3s Pro,发货快，包装严实，有活动优惠，性价比很高，期待后期使用效果。
2025年6月1日 · 【直连DP设备】雷鸟Air 3s Pro,头一次购买智能眼镜，跟想象中的一样，非常满意的。
2025年6月1日 · 【直连DP设备】雷鸟Air 3s Pro,戴着感觉很轻，外观也很炫酷，还附赠了收纳盒好评，就等近视镜片到了深度体验了
2025年6月1日 · 【直连DP设备】雷鸟Air 3s Pro,清晰度和亮度非常高，之前买过real one画面亮度弱爆了，这个很好。清晰度和亮度完美。另外眼镜核心不错。能把数据线，充电的都放进去。
2025年6月1日 · 【直连DP设备】雷鸟Air 3s Pro,清晰度很好。价格实惠。
2025年6月1日 · 【直连DP设备】雷鸟Air 3s Pro,第一次用这种ar眼镜，整体效果还行，亮度，清晰度，音效都很不错，重量也很轻，国补后价格很划算
2025年6月1日 · 【直连DP设备】雷鸟Air 3s Pro,质量很好，收到货第一时间打开看了，很不错，很满意，半路本人原因要求客服追回好几次，换了好几次，客服都热情周到的服务�
2025年6月1日 · 【直连DP设备】雷鸟Air 3s Pro,非常新奇的体验，整体使用非常舒服
2025年6月1日 · 【直连DP设备】雷鸟Air 3s Pro,颜值很高佩戴也很舒适！本来准备换个电脑显示器的，看到这个价格也算可以接受打算买个试试，算是没有踩雷
2025年6月20日 · 【全家桶】雷鸟Air 3s Pro+魔盒2代+JoyDock,眼镜收到啦，发货很快，上手体验了一下，真的超级棒，成 像很清晰，第一人称视角很棒，完全可以解放双手，用来生 活记录，拍摄视频特别好，值得推荐商品质量一流棒，价格亲民人人爱。物流迅速达，商家服务周，售后完善！
2025年6月20日 · 【全能适配丨观影推荐】雷鸟Air 3s Pro+魔盒2代,ar眼镜真棒，雷鸟大牌子比较靠谱，下次换的话还是换雷鸟
2025年6月20日 · 【全能适配丨观影推荐】雷鸟Air 3s Pro+魔盒2代,新款确实惊艳到，比前几年产品视觉冲击力更加强，亮度更加高，做工也不错。
2025年6月20日 · 【全能适配丨观影推荐】雷鸟Air 3s Pro+魔盒2代,晚上下班回来，满怀期待地试用这个新玩意，雷鸟不愧为影音领域顶流，小小的一副眼镜，没想到画质、音响如此令人惊艳，戴着我自己的近视眼镜看也毫无问题，从此可以随身携带一个小影院啦！而且躺着看对我这个颈椎不好的人来说真的好舒服！客户小瑜有问必答，秒响应，解决了我好几个疑问，点个大大的赞���准备再定做一副专用近视镜片，使用体验肯定更爽���
2025年6月20日 · 【全能适配丨观影推荐】雷鸟Air 3s Pro+魔盒2代,没想好ar眼镜这么好用，入手晚了，到时候后期在升级
2025年6月20日 · 【全能适配丨观影推荐】雷鸟Air 3s Pro+魔盒2代,第一次接触智能眼镜，这玩意，很新奇，搭配魔盒，绝对的看剧神器，而且不影响别人，功能好多，还要慢慢摸索
2025年6月20日 · 【全能适配丨观影推荐】雷鸟Air 3s Pro+魔盒2代,超酷！长途旅行必备利器哦�
2025年6月20日 · 【全能适配丨观影推荐】雷鸟Air 3s Pro+魔盒2代,"雷鸟Air3S Pro入手了一段时间，体验真的非常棒！ 亮度很高，即使在强光下画面依然清晰，98%DCI-P3色域让色彩表现特别*真。3D环绕音效非常震撼就像在影院一样，四扬声器的音质表现也很出色。重量才76g,长时间佩戴完全不累，而且可以适配各种设备，玩游戏、看电影都很流畅，性价比超高！"
2025年6月20日 · 【全能适配丨观影推荐】雷鸟Air 3s Pro+魔盒2代,雷鸟ar眼镜真不错，性价比高，东西轻便，可以随身携带，买到就是赚到
2025年6月20日 · 【游戏专属】雷鸟Air 3s Pro+HDMI转接器（新款）,东西科技感拉满，使用起来舒服，有近视的一定要配镜，近视片契合度也很高，拿着玩游戏实在无敌！遇上一些问题，客服小熊都是第一时间回复，各种安装视频也是手把手教你使用，体验确实很不错！
2025年6月20日 · 【游戏专属】雷鸟Air 3s Pro+HDMI转接器（新款）,攜帶大螢幕很方便，頭搖晃會導致有一點晃動，近視與閃光的人可能會在邊邊感覺有一點點不清楚，但整體的體驗不錯
2025年6月20日 · 【游戏专属】雷鸟Air 3s Pro+HDMI转接器（新款）,随身携带的 100 寸大屏（3 米等效）随时随地享受电影游戏 配合 AirPods pro 飞机好伴侣 可惜 3d 电影支持有限，但平时也够用了
2025年6月20日 · 【直连DP设备】雷鸟Air 3s Pro,一口气买了好多台，给家里人全都配上，每人一个属于自己的电影院！
2025年6月20日 · 【直连DP设备】雷鸟Air 3s Pro,东西不错，确实有隔着几米看大屏的感觉，而不是一个小屏放在眼前的感觉，什么时候能做到无线就牛*了
2025年6月20日 · 【直连DP设备】雷鸟Air 3s Pro,关注了很久，618买的也保价，哈哈。眼镜收到了，包装完好，顺丰快递很快，等用了一段时间在评价这款air 3 Pro眼镜
2025年6月20日 · 【直连DP设备】雷鸟Air 3s Pro,多次回购，自己也用，也拿来送人，朋友们收到都很开心，他们开心我也开心，哈哈哈哈
2025年6月20日 · 【直连DP设备】雷鸟Air 3s Pro,就是一个便携显示，入眼画面并没有很大，但看个电影完全够用。正面的膜感觉不撕掉也挺好看？充电转换头很方便，解决了用电问题。
2025年6月20日 · 【直连DP设备】雷鸟Air 3s Pro,"性价比很高，眼镜设计轻巧，佩戴舒适，长时间使用也不会感到疲劳，可直连华为手机,体验起来不错。"
2025年6月20日 · 【直连DP设备】雷鸟Air 3s Pro,性价比高，亮度高。屏幕没有想象中那么大，估计只有后续上2k屏幕，8寸显示屏才能解决了。
2025年6月20日 · 【直连DP设备】雷鸟Air 3s Pro,物超所值、五星好评、质量很好、全新、很好、音质很好。 外形美观，做工踏实，音效棒极了物美价廉值得拥有!
2025年6月20日 · 【直连DP设备】雷鸟Air 3s Pro,質量好好，連上手機或ipad 效果很好。睇左一個多小時不會覺頭暈
2025年6月20日 · 【直连DP设备】雷鸟Air 3s Pro,趁618活动入手了雷鸟Air 3s Pro，新品活动价格美丽，功能强大，购买之前做了研究，发现新款亮度能达到1000尼特，同时还有配镜补贴，完美适配我的使用需求。 实际使用感觉功能比较强大，适合我的办公场景，包装里还赠送了充电转接头，方便给我的ROG ALLY边充边用，推荐。 横向对比友商产品，Xreal的索尼的显示模组更贵且亮度较低，卖点在于交互，电致变色，3Dof等等，但是价格翻了一倍不止，相较来说，还是国产更有性价比，支持一波国货，怒赞��
2025年6月20日 · 【直连DP设备】雷鸟Air 3s Pro,这款智能眼镜太棒了，清晰度非常高，哪怕是在白天强光下都能清晰的现实。巨幕的效果可以让你在家里随时享受电影院的观感。非常开心的一次购物体验，对还犹豫的朋友们推荐入手哈�。而且客服的服务很周到，补发的链接线第三天就送达了，谢谢热情周到的服务！
2025年6月20日 · 【直连DP设备】雷鸟Air 3s Pro,雷鸟ar眼镜真不错，非常轻便好用，价格太香了，快来买吧，儿子很喜欢
2025年6月20日 · 【直连DP设备】雷鸟Air 3s Pro,雷鸟忠实老粉了，送的眼镜盒蛮好看的，还有转接器也不错，希望雷鸟越做越好！
2025年6月20日 · 【直连DP设备】雷鸟Air 3s Pro,非常好用的眼镜，比我之前的air2进步明显，画面亮度颜色都更好，声音非常棒，特别是环绕音，看电影听音乐，都是高保真，强烈推荐观望的朋友购买。
2025年6月21日 · 【全家桶】雷鸟Air 3s Pro+魔盒2代+JoyDock,整体很满意，使用便捷，体验随身大屏。眼镜不用充电，使用的是连接设备的电量，所以手机平板使用期间掉电会很快，有利有弊。静止的时候佩戴更稳一些，如果在走动的时候观看画面会有一点晕。
2025年6月21日 · 【全能适配丨观影推荐】雷鸟Air 3s Pro+魔盒2代,东西一收到，马上进行试试，效果真不错，搭配魔盒使用方便。
2025年6月21日 · 【全能适配丨观影推荐】雷鸟Air 3s Pro+魔盒2代,便携式看剧神奇，视觉效果比手机强，地铁上看片画面大，轻语模式不扰民。保护隐私！推荐大家购买体验。手机没有dp接口的，需要买魔盒！总体很不错！
2025年6月21日 · 【全能适配丨观影推荐】雷鸟Air 3s Pro+魔盒2代,太好了  非常好用。值得推荐的一款机子。
2025年6月21日 · 【全能适配丨观影推荐】雷鸟Air 3s Pro+魔盒2代,屏幕很清晰，客服也很热情，可以躺着看b站了，再也不用担心手机砸脸哈哈
2025年6月21日 · 【全能适配丨观影推荐】雷鸟Air 3s Pro+魔盒2代,挺清楚的，户外也很清楚，便携大屏，声音特别好，如果软件后续能更新3dof就更好了，不然动来动去容易晕，
2025年6月21日 · 【全能适配丨观影推荐】雷鸟Air 3s Pro+魔盒2代,本质上是一块屏幕＋一个电视盒子，清晰度很好室外也很清楚，舒适度不错带几个小时不会觉得压鼻子。准备深度使用一周后回来追评评测。
2025年6月21日 · 【全能适配丨观影推荐】雷鸟Air 3s Pro+魔盒2代,眼镜外观看起来很酷，包装精美，操作也很简单；试看了一段视频，效果非常好，它的特点是视频随着头的转动而转动，清晰度音质都非常不错，缺点是屏幕尺寸大小不能调节，哈哈！ 客服我总体服务不错，虽然有些时候也有点不尽人意，可以理解，基本上响应速度很快。
2025年6月21日 · 【游戏专属】雷鸟Air 3s Pro+HDMI转接器（新款）,AI眼镜巨幕效果惊艳，画面清晰，色彩鲜艳，让我沉浸在电影世界中。佩戴舒适度极高，镜框轻盈，不会给鼻梁带来负担，长时间使用也不觉得累。售后服务很到位，遇到问题可以迅速解决，让我购物无忧。
2025年6月21日 · 【游戏专属】雷鸟Air 3s Pro+HDMI转接器（新款）,性價比很棒，尤其是這個價錢，可以得到這個品質體驗上大致上也還說不錯，尤其是在晚上一個人躺平看影音的時候更是享受，客服也很給力，有問題必答跟解決，很棒
2025年6月21日 · 【游戏专属】雷鸟Air 3s Pro+HDMI转接器（新款）,收到后玩了一早晨再来评论，测试了游戏机直连，手机直连，电视盒子直直连，效果在这个价位，真心棒，颜色纯正，在同样光线下秒杀投影仪，可视范围能确保你看到画面的同时又能看到手上的操作，设计合理，玩法还在开发中，是一个值得推进的新玩具。
2025年6月21日 · 【直连DP设备】雷鸟Air 3s Pro,不错的ar眼镜，性价比高，注意没有全功能typec的手机用不了，小米14ultra和一加大多数手机亲测可用，红米全系接通不了，感应不到佩戴会自动息屏，画质可以，环绕音不错，就是外放声音稍微有点大，边上能听到，轻微近视可以直接用，挺好的，活动下来7折不到入手。 实测屏幕大小类比，头部距离16寸笔记本屏幕50cm的显示效果，绝对不夸张，官方百寸应该等比距离更远，优点可以舒服的坐着躺着看视频，缺点看屏幕边缘字或者弹幕比较吃力，轻微近视，千元尝鲜还是可以的，另外手机root过后可以完美1920*1080p16:9比例显示画面，还能实现一键黑屏省电持续播放画面。坏了屏的一加9pro用来替代魔盒性价比极高！！！！
2025年6月21日 · 【直连DP设备】雷鸟Air 3s Pro,产品质量和服务都非常好，与商家描述的完全一致，非常满意，真的很喜欢，完全超出期望值，发货速度巨快，包装非常仔细、严实，物流公司服务态度很好，快递员配送速度很快，快很满意的一次购物。
2025年6月21日 · 【直连DP设备】雷鸟Air 3s Pro,使用起来还不错。配的镜片还没到。但是感觉还可以。另外担心的瞳距没有问题
2025年6月21日 · 【直连DP设备】雷鸟Air 3s Pro,很不错的眼镜，性价比也很高，麻烦嗯下次可以再做的更优秀一点，好的。
2025年6月21日 · 【直连DP设备】雷鸟Air 3s Pro,挺好的，在沙发上玩很不错，影音体验一流。 偶尔接电脑直接躺椅子上打游戏，脖子确实舒服。
2025年6月21日 · 【直连DP设备】雷鸟Air 3s Pro,眼镜很好，很出色，体验也很优秀，性价比也很高，下次还会再买的。
2025年6月21日 · 【直连DP设备】雷鸟Air 3s Pro,雷鸟Air 3S Pro体验超棒！高清巨幕震撼，色彩鲜艳细腻，佩戴舒适不压鼻。3D效果身临其境，游戏观影超爽，外出携带方便。科技感拉满，性价比超高，强烈推荐！
2025年6月22日 · 【Switch专属】雷鸟Air 3s Pro+JoyDock,价格很实惠，同比其他AR眼镜，性价比很高。观影的效果很好。推荐购入。
2025年6月22日 · 【全家桶】雷鸟Air 3s Pro+魔盒2代+JoyDock,眼镜很好用，戴着蛮舒服的，画质和声音还行，比想象中要好很多。
2025年6月22日 · 【全能适配丨观影推荐】雷鸟Air 3s Pro+魔盒2代,前两天买了一台，结果618最后一天更优惠，就退了重新拍。现在这台很满意，魔盒的操控也比前一台灵敏，所有功能都测试了，一切正常，完全满足我的需求了。唯二美中不足的是，不能用充电宝给魔盒充电，还有里边的软件基本都要自己想办法下载，没有自带的应用市场。总之这次买的物有所值，之后不用总是抱着手机了，多了个娱乐选择！
2025年6月22日 · 【全能适配丨观影推荐】雷鸟Air 3s Pro+魔盒2代,商品质量没毛病，价格实惠到家。物流快如闪电，商家服务耐心，售后负责，真心不错！真的很喜欢，完全超出期望值，发货速度非常快，包装非常仔细、严实，运送速度很快，很满意的一次购物
2025年6月22日 · 【全能适配丨观影推荐】雷鸟Air 3s Pro+魔盒2代,很好，很不错，期待下次合作！
2025年6月22日 · 【全能适配丨观影推荐】雷鸟Air 3s Pro+魔盒2代,性价比高，画面亮度跟色彩表现比预期的好，重量不算重但是戴久了还是会有些许不适。
2025年6月22日 · 【全能适配丨观影推荐】雷鸟Air 3s Pro+魔盒2代,挺好的，效果不错，清晰挺高，感觉1080p够用了，可以一个人安静地看片玩游戏了。就是戴久了还是感觉耳朵疼。
2025年6月22日 · 【全能适配丨观影推荐】雷鸟Air 3s Pro+魔盒2代,显示清晰，屏幕亮度高，色彩鲜艳，非常满意。物流很快
2025年6月22日 · 【全能适配丨观影推荐】雷鸟Air 3s Pro+魔盒2代,物超所值、五星好评、质量很好、全新、很好、音质很好。 外形美观，做工踏实，音效棒极了物美价廉值得拥有!
2025年6月22日 · 【全能适配丨观影推荐】雷鸟Air 3s Pro+魔盒2代,目前使用三天下来，除了魔盒2自带应用市场没什么有用的之外，一切都符合我的预期，魔盒2确实比1方便很多，飞鼠和触摸板比起按键使用起来舒服很多，稍微适应一下就能丝滑操作，而且界面也比1看起来清爽。眼镜本体感官上，视觉看起来屏幕够大，亮度足够我在正午室外能看清楚画面，色彩对比我switch本屏显示还要更艳丽，这一点让我非常满意，边缘和四角也不会虚。听觉上开了环绕效果，确实声音非常立体，尤其是在玩游戏的时候，沉浸感很强。作为一块随身大屏来说，满足我个人的需求了。
2025年6月22日 · 【全能适配丨观影推荐】雷鸟Air 3s Pro+魔盒2代,看剧经常一刷看一夜，这个眼镜太清晰了，而且看一夜不伤眼睛，手机夜里看几小时眼睛就模糊了，以前买过几次其它产品，不仅笨重还能看到像素点，这个雷鸟air3spro，基本上是跨时代真正实用的产品了，非常非常清晰，感觉比电影院里的投影还清晰，不足之处就是魔盒2发热厉害，如果眼镜能设计可以调节瞳距估计就完美了。
2025年6月22日 · 【全能适配丨观影推荐】雷鸟Air 3s Pro+魔盒2代,购买的是魔盒2代套装，眼镜佩戴还不错，配镜服务也快速，不愧是口袋电视，画质清晰，音质也不错。
2025年6月22日 · 【全能适配丨观影推荐】雷鸟Air 3s Pro+魔盒2代,这个比投影仪好多了。太不错了一定要搭配这个魔盒才是最佳组合。看电影太舒服了。
2025年6月22日 · 【游戏专属】雷鸟Air 3s Pro+HDMI转接器（新款）,买的hd转接头还要充电，满电1H都用不到，呵呵，还不如送线直连！
2025年6月22日 · 【游戏专属】雷鸟Air 3s Pro+HDMI转接器（新款）,体验感是极好的，清晰度超过我的想象。我之前是在客厅用60寸4k的电视玩ps5游戏的，没想到用雷鸟玩起来体验丝毫不差，因为等效屏幕更大的缘故吧可能是，竟然能看到更多细节。画面流畅而且稳定，很满意。现在可以躺在床上玩了，爽！  照片拍不出来肉眼看的效果，拍出来的饱和度比实际低很多，而且不好对焦。可以自己用手机拍一下家里电视就能明白我的意思了。  总体来说是非常满意的一次购物体验，会推荐给朋友家人的，也是给孩子们的绝佳礼物。
2025年6月22日 · 【游戏专属】雷鸟Air 3s Pro+HDMI转接器（新款）,做工不错，国补入手很香，连电脑体验了一下，画面非常不错，躺着刷手机玩电脑的神器！！
2025年6月22日 · 【游戏专属】雷鸟Air 3s Pro+HDMI转接器（新款）,商品OK 实测效果也满意
2025年6月22日 · 【游戏专属】雷鸟Air 3s Pro+HDMI转接器（新款）,这个产品还是值得购买的，特别是家里有小朋友要早睡的，特别合适。既不影响小朋友睡觉，又可以享受大屏带来的效果，总之性价比极高
2025年6月22日 · 【游戏专属】雷鸟Air 3s Pro+HDMI转接器（新款）,这款雷鸟Air 3S Pro效果出奇的好，亮度也高，音响效果也好，小巧轻便，携带方便，非常非常满意，爱不释手！
2025年6月22日 · 【直连DP设备】雷鸟Air 3s Pro,体验下来不错，很舒服，等镜片配好了再试试看
2025年6月22日 · 【直连DP设备】雷鸟Air 3s Pro,显示效果特别好，性价比特别高，非常好的一款产品
2025年6月22日 · 【直连DP设备】雷鸟Air 3s Pro,非常好用，收到就出差了，高铁上，酒店里使用都无敌了，暂时没发现不好用之处，值得推荐…
2025年6月23日 · 【全家桶】雷鸟Air 3s Pro+魔盒2代+JoyDock,对于我来说。够用了。就是看个出差路上。高铁上看个电影玩个switch。画面清晰，明亮（不过我还是调暗了一些要不看久了眼睛痛）。我都是在电脑上下载好拷贝到tf卡里。直接离线播放。蛮不错哦。魔盒二代用起来也是蛮方便。因为我是苹果13不能直链。我也试了同一网络下投屏。也是蛮方便。
2025年6月23日 · 【全能适配丨观影推荐】雷鸟Air 3s Pro+魔盒2代,4K超高清刷屏幕显示，色彩还原度绝对。无论是玩游戏还是看电影，效果杠杠滴！关键不重不压鼻子，长时间佩戴无负担。体验感100分。自营品牌值得信耐！推荐身边好几个朋友买了！好产品值得推荐！
2025年6月23日 · 【全能适配丨观影推荐】雷鸟Air 3s Pro+魔盒2代,体验感绝了，连接手机轻松实现刷视频自由，连接显示器办公也很方面。后悔没有早点买，安利给身边的每一个人。
2025年6月23日 · 【全能适配丨观影推荐】雷鸟Air 3s Pro+魔盒2代,刚收到就直接看了个通宵，太爽了，戴上基本没有压力感，适合长时间观影，尤其是环绕音效模式，很棒
2025年6月23日 · 【全能适配丨观影推荐】雷鸟Air 3s Pro+魔盒2代,大屏随身携带，和魔盒搭配很完美，以后可以躺着看大片了！
2025年6月23日 · 【全能适配丨观影推荐】雷鸟Air 3s Pro+魔盒2代,我最近体验了雷鸟ar眼镜，非常棒。这款眼镜的AR效果非常*真，让我仿佛置身于虚拟世界。同时，它的佩戴舒适度也很高，长时间佩戴也不会感到不适。  总的来说，雷鸟ar眼镜是一款非常出色的产品，值得推荐。如果你对AR技术感兴趣，不妨试试这款眼镜。
2025年6月23日 · 【全能适配丨观影推荐】雷鸟Air 3s Pro+魔盒2代,终于收到了梦想的眼睛， 做工精细，轻便。 屏幕很清晰，音质很好。 魔盒是重力感应操作的，很方便。 本人近视，佩戴近视镜片很方便也不沉。 火车上飞机上看剧神器
2025年6月23日 · 【全能适配丨观影推荐】雷鸟Air 3s Pro+魔盒2代,这款AR眼镜体验超棒，画面清晰，功能实用，爱了�
2025年6月23日 · 【全能适配丨观影推荐】雷鸟Air 3s Pro+魔盒2代,非常好用，躺着用太舒服了，大家快去买，整的太好了，打游戏再也不拍累了，好好好
2025年6月23日 · 【全能适配丨观影推荐】雷鸟Air 3s Pro+魔盒2代,魔盒2在台灣地區不太友善，使用的程式跟大陸不太相同，眼鏡整體很輕，但因為有接線的關係，久戴還是會有異物感！ 第一次購買這類商品，整體體驗還算驚喜！
2025年6月23日 · 【游戏专属】雷鸟Air 3s Pro+HDMI转接器（新款）,包装完好没有变形破损，眼镜质感不错，鼻托也很舒服不硌人。
2025年6月23日 · 【直连DP设备】雷鸟Air 3s Pro,之前用的是air2，换代了犹豫了很久，还是下了单。使用体验一如既往的棒！ 佩戴感觉舒适，显示清晰，配件有边充边用转接头、线、以及保护套，保护套好评，air2的时候没有，还单独买了只。 推荐购买。
2025年6月23日 · 【直连DP设备】雷鸟Air 3s Pro,性价比高，画质清晰，做工精细，小巧便捷，可以随时随身带着，不占空间。
2025年6月23日 · 【直连DP设备】雷鸟Air 3s Pro,挺新奇的体验，躺着看剧不错，扬声器效果很棒，而且别开太大的话基本边上人也听不太到，摸鱼神器。可惜手机不支持dp，目前只能平板和电脑用
2025年6月23日 · 【直连DP设备】雷鸟Air 3s Pro,物流的速度很快，戴脸上一点也不重，看得非常清楚，要是也比较好看，晚上可以躺在床上看了清晰度比较好，声音非常的清晰
2025年6月23日 · 【直连DP设备】雷鸟Air 3s Pro,眼镜使用很方便，送了边用边充转接器，客服服务也很好，满意
2025年6月23日 · 【直连DP设备】雷鸟Air 3s Pro,非常不错，效果很好的一款眼镜，性价比高
2025年6月23日 · 【直连DP设备】雷鸟Air 3s Pro,非常完美，年轻人的第一款XR眼镜，戴上后效果真的惊艳我了，尤其是可以作为Mac的副屏，直接多了一块儿别人看不见的屏幕
2025年6月24日 · 【全能适配丨观影推荐】雷鸟Air 3s Pro+魔盒2代,4K超高清刷屏幕显示，色彩还原度绝对。无论是玩游戏还是看电影，效果杠杠滴！关键不重不压鼻子，长时间佩戴无负担。体验感100分。自营品牌值得信耐！推荐身边好几个朋友买了！
2025年6月24日 · 【全能适配丨观影推荐】雷鸟Air 3s Pro+魔盒2代,戴上它就像在眼前放了台私人影院，画面又大又清楚，看剧打游戏都很爽。重量很轻，戴久了也不会累，但白天户外用的话要找阴凉处（阳光太强会有点反光）。    需要接手机/电脑才能用，不能独立操作，不过自带的小盒子（魔盒2代）让无线投屏很方便。这个价位能有这种画质很划算，适合想尝鲜AR眼镜又不想花太多钱的人。
2025年6月24日 · 【全能适配丨观影推荐】雷鸟Air 3s Pro+魔盒2代,试了一天，不错。没有想象中那么震撼，也许有些功能还待开发。服务周到，有问必答。
2025年6月24日 · 【全能适配丨观影推荐】雷鸟Air 3s Pro+魔盒2代,还是没忍住买了这款眼镜，苹果华为直接无障碍，很清晰，下载了app能把照片处理成3D。魔盒据说还在排队等发货，好吧，等吧，期待更好观影效果。
2025年6月24日 · 【全能适配丨观影推荐】雷鸟Air 3s Pro+魔盒2代,雷鸟air3s Pro眼镜戴着轻便，画面非常清晰，连接手机马上变巨屏幕。魔盒2飞鼠控制灵敏，就是有些功能不完善，系统时间不能调，不能连电脑拷贝，不能长按关机，希望及时升级更新，还有应用商店软件太少。总之，眼镜还不错，618买实惠。
2025年6月24日 · 【游戏专属】雷鸟Air 3s Pro+HDMI转接器（新款）,收到货包装精美，眼镜看着相当高级科技感十足，可以躺着看了，效果不错，手机插上就显示，手机可以边充边用，很方便
2025年6月24日 · 【游戏专属】雷鸟Air 3s Pro+HDMI转接器（新款）,比想像中輕巧 沒有其他款有發燙的問題 戴著很舒服 但有近視的人真的不要偷懶不要省配鏡 會影響體驗 整體很滿意 用得很開心
2025年6月24日 · 【直连DP设备】雷鸟Air 3s Pro,亮度高了，画质果然就上一个台阶，音质也有提升，接上锤子手机，tnt系统的绝配，建议，镜腿末端最好改成软件的，要不，躺下看，眼镜腿太硬会顶枕头，眼镜整体会被顶高，配的数据线，不够软，建议改成更软的那种
2025年6月24日 · 【直连DP设备】雷鸟Air 3s Pro,唯一有护眼的ar眼镜，好用���
2025年6月24日 · 【直连DP设备】雷鸟Air 3s Pro,画面震撼清晰，巨幕体验沉浸感十足，佩戴舒适，科技感满满！ 非常棒的产品，配件齐全，可以兼容手机平板和笔记本
2025年6月24日 · 【直连DP设备】雷鸟Air 3s Pro,设备不错 眼镜很好用，前面大屏幕 支持dp链接 环绕立体声音
2025年6月24日 · 【直连DP设备】雷鸟Air 3s Pro,质量可以。 试用了一下，还不错。不过因为近视看不清。就是需要近视镜框，然后去配镜。 这店的服务也到位。赞。
2025年6月24日 · 【直连DP设备】雷鸟Air 3s Pro,还是不错的，值这个价格吧，国补+优惠券，可以的，出差比带ipad方便很多
2025年6月24日 · 【直连DP设备】雷鸟Air 3s Pro,这个AR眼镜非常好用，是我用过清晰度最高亮度最高的ar眼镜，值得推荐
2025年6月24日 · 【直连DP设备】雷鸟Air 3s Pro,"造型简单,性价比高，入眼亮度够高是特点，户外也可以有比较好的观影体验"
2025年6月24日 · 【直连DP设备】雷鸟Air 3s Pro,音质不错，亮度很高，适合看电影，玩游戏，边充电边玩，还是蛮不错的，值得入～
2025年6月25日 · 【Switch专属】雷鸟Air 3s Pro+JoyDock,品質真的很不錯喔�色彩很好，也不會太重，眼鏡的度數也很完美，剛剛好，非常的推薦啊�就是比較容易沾指紋，要一直擦拭比較麻煩
2025年6月25日 · 【Switch专属】雷鸟Air 3s Pro+JoyDock,效果跟我预期的比较接近 像在电影院里看电影的感觉 拿来看看剧玩玩switch还是挺好用的
2025年6月25日 · 【全家桶】雷鸟Air 3s Pro+魔盒2代+JoyDock,雷鸟的眼镜使用起来非常的棒，很适合需要带娃的人，客服的解答很全面，搭配JoyDock来玩switch简直一流，还能连接魔盒来看电影，体验很好！
2025年6月25日 · 【全能适配丨观影推荐】雷鸟Air 3s Pro+魔盒2代,一个主要用来看视频的东西，连软件都做不好，客服感觉啥也不懂，还推荐别人家的播放器
2025年6月25日 · 【全能适配丨观影推荐】雷鸟Air 3s Pro+魔盒2代,显示画面清晰，环绕音效很好。
2025年6月25日 · 【全能适配丨观影推荐】雷鸟Air 3s Pro+魔盒2代,雷鸟这款AR眼镜还挺不错的，看电视刷剧很震撼，关键是不需要很大的一个设备空间，非常方便。眼镜上的音响也不错，环绕音效身临其境，看电影很震撼
2025年6月25日 · 【游戏专属】雷鸟Air 3s Pro+HDMI转接器（新款）,畫質聲音挺好的，搭手機看片或打遊戲跟隨身帶個電視一樣
2025年6月25日 · 【直连DP设备】雷鸟Air 3s Pro,做工精致，科技感十足，重量轻，体验很好，性价比高。
2025年6月25日 · 【直连DP设备】雷鸟Air 3s Pro,初体验非常好，原装就是很宽大的空气鼻托，充电口位置合理，佩戴体验非常无感，清爽。音效不错，机身没有廉价感，不愧是大厂。
2025年6月25日 · 【直连DP设备】雷鸟Air 3s Pro,总的来说还是一次非常满意的购物，首先这个价格也是比较合适的，然后质量挺不错的，音质也非常好，画质很清晰，是一次非常满意的购物。
2025年6月25日 · 【直连DP设备】雷鸟Air 3s Pro,效果很震撼，从来没用过这样的产品，视觉效果拉满
2025年6月25日 · 【直连DP设备】雷鸟Air 3s Pro,眼镜效果好，可以当投影仪用，出门在家都很方便。 屏幕感觉很大，观看有沉浸感，入手价格实惠。
2025年6月25日 · 【直连DP设备】雷鸟Air 3s Pro,雷鸟Air 3s Pro佩戴舒适，重量轻，镜腿和鼻托多档可调。画面清晰，色彩好，3D环绕音效很沉浸，多设备适配，性价比挺高。
2025年6月25日 · 【直连DP设备】雷鸟Air 3s Pro,非常不错的便携屏幕设备，推荐购买，在飞机上使用非常方便，用起来特别舒服，赶紧入手！！！！！
2025年6月26日 · 【Switch专属】雷鸟Air 3s Pro+JoyDock,挺好，雷鸟最初air1 air plus air2我都用过，技术在一步步成熟，缺陷在一步步完善，比网上同类产品性价比高，携带方便，期待更好
2025年6月26日 · 【全家桶】雷鸟Air 3s Pro+魔盒2代+JoyDock,解决了不能躺着看电影的问题，屏幕清晰，效果不错！抱着试试看的心态下单的，最终决定留下了
2025年6月26日 · 【全能适配丨观影推荐】雷鸟Air 3s Pro+魔盒1代,顺丰送货上门的，显示效果比拍出来的好，主要是便携
2025年6月26日 · 【全能适配丨观影推荐】雷鸟Air 3s Pro+魔盒2代,东西很不错 很清楚 可以在家看电影 魔盒2代app太少 很多网上的app不支持 还有使用时有点热 希望更新固件加入空间视频播放功能 还有串流3D电影 不支持杜比音效
2025年6月26日 · 【全能适配丨观影推荐】雷鸟Air 3s Pro+魔盒2代,雷鸟产品的定位非常准确，客服也很有耐心，很好，这个五星可以给
2025年6月26日 · 【游戏专属】雷鸟Air 3s Pro+HDMI转接器（新款）,和想象的还有点差距，带上以后和在电影院看电影一样。边缘还是有点模糊。连接手机还行，连接电脑还是差点意思。清晰度还是可以的
2025年6月26日 · 【直连DP设备】雷鸟Air 3s Pro,对比了很多个品牌的 vr，最终还是选了雷鸟 air3spro，这几天一直在用，体验感挺不错！值得入手
2025年6月26日 · 【直连DP设备】雷鸟Air 3s Pro,很不错，值得购买，性价比超高。
2025年6月26日 · 【直连DP设备】雷鸟Air 3s Pro,很清晰，120高刷，很轻
2025年6月26日 · 【直连DP设备】雷鸟Air 3s Pro,性价比很高，这个价格买的划算，清晰度可以
2025年6月26日 · 【直连DP设备】雷鸟Air 3s Pro,接平板和手机可以直接使用，3D视频有立体功能，方便实用。
2025年6月26日 · 【直连DP设备】雷鸟Air 3s Pro,显示效果不错 很清晰 字体显示和音质都比 x 家的要好 。 如果后续退出 悬停版本的就无敌了。
2025年6月26日 · 【直连DP设备】雷鸟Air 3s Pro,眼镜很轻巧，惊讶的是，屏幕的画质非常好，完全没有纱窗效应，出差路上用来看电影很方便。
2025年6月26日 · 【直连DP设备】雷鸟Air 3s Pro,蛮好的，看电影清晰度足够，用的不多 就睡前看一部电影，透镜不够大，导致屏幕底部看起来不舒服，感觉从门缝里往外看东西一样。硬件上，眼镜按键的材质用的较为廉价，按起来 声音 哒哒哒的塑料声，不过价格摆那，日常用用还不错
2025年6月27日 · 【全家桶】雷鸟Air 3s Pro+魔盒2代+JoyDock,试了试，感觉还不错。画面清晰，立体声。准备拿来打游戏。
2025年6月27日 · 【全家桶】雷鸟Air 3s Pro+魔盒2代+JoyDock,送给老公的礼物，老公很喜欢，立马用起来了
2025年6月27日 · 【全家桶】雷鸟Air 3s Pro+魔盒2代+JoyDock,非常好用的产品，打switc***超正点，听音乐看电影也爽，脖子不会痛，也不会影响到别人，放松解压好选择
2025年6月27日 · 【全能适配丨观影推荐】雷鸟Air 3s Pro+魔盒2代,东西非常好，一家人都买了个，太好用了，喜欢的不行，躺着看电视打游戏太爽了！
2025年6月27日 · 【全能适配丨观影推荐】雷鸟Air 3s Pro+魔盒2代,原来有一个其他牌子的VR一体机的，体积太大了戴头上感觉太重了，戴一小会就感觉不舒服，所以就没怎么用VR，我心里想着如果有一款VR像眼镜一样轻便的就好了。那天在淘宝上看到这个雷鸟AR眼镜这么小这么轻，我一看这不就是我心里一直都想的VR吗？刚好618有大额优惠券，我就马上下单。等了就两天收到了，打开试了一下无论清晰度屏幕尺寸都比我原来的好，戴上去的感觉就像戴着眼镜一样。这个我太喜欢了！
2025年6月27日 · 【全能适配丨观影推荐】雷鸟Air 3s Pro+魔盒2代,发货很快，已经收到货了，商品和描述的差不多，质量没问题，用来躺床上看电影很适合！
2025年6月27日 · 【全能适配丨观影推荐】雷鸟Air 3s Pro+魔盒2代,物美价廉，品质有保障，大促活动价购买很划算，客服回复及时
2025年6月27日 · 【游戏专属】雷鸟Air 3s Pro+HDMI转接器（新款）,到手使用了两天挺合适的，在床上看视频挺方便的
2025年6月27日 · 【游戏专属】雷鸟Air 3s Pro+HDMI转接器（新款）,因为右脚骨折需要卧床三个月，从朋友处了解到这个眼镜，就买来试试，佩戴体验非常好，近视度数配制准确，戴上以后基本不会有压感，能看到一个很大的屏幕清晰地呈现在眼前，没有防抖，脑袋怎么转屏幕怎么转，但对我而言也不算啥问题因为一直躺着不动哈哈。通过hdmi转接头连接笔记本电脑，打游戏看视频写文本各种都试过，效果很好。
2025年6月27日 · 【游戏专属】雷鸟Air 3s Pro+HDMI转接器（新款）,官方套餐配了HDMI转接线可以配电脑使用，品质很好，使用简单操作
2025年6月27日 · 【游戏专属】雷鸟Air 3s Pro+HDMI转接器（新款）,强烈推荐！商品物超所值，质量可靠。物流快，商家服务热情，售后服务完善。观看视频效果不错，适合出差使用。
2025年6月27日 · 【直连DP设备】雷鸟Air 3s Pro,使用了几天，发觉是看演唱会视频神奇，躺在床上一个人的享受 音响效果也还不错，有环绕感。 分量还行，长时间带着也不会觉得不适。 618叠加国补后，价格也还很不错，值得入手体验
2025年6月27日 · 【直连DP设备】雷鸟Air 3s Pro,国补价格合适就买了台尝鲜，买前比较担心的是清晰度和佩戴舒适度，玩了2天，总体使用下来亮度和清晰度不需要担心，和看电视差不多，我是pro版本，感觉音质中规中矩，没感觉特别次，也没感觉特别惊艳。佩戴舒适度层面还可以，买一台玩一玩还可以。
2025年6月27日 · 【直连DP设备】雷鸟Air 3s Pro,眼镜发货快，科技感满满，大促9折下单还有国补，双重优惠。
2025年6月27日 · 【直连DP设备】雷鸟Air 3s Pro,老顾客了，买了不少他家的产品，除了配件发货比较慢，别的没毛病
2025年6月27日 · 【直连DP设备】雷鸟Air 3s Pro,超出预期了，比想象的轻
2025年6月27日 · 【直连DP设备】雷鸟Air 3s Pro,配的镜片终于到了，感觉比较适合在一些临时移动的环境下看看视频或电影啥的。 强烈建议以后厂家更新下固件，因为现在外接设备在播放视频的时候依然是亮屏状态，如果可以熄屏就好了，这样既省电有保证隐私
2025年6月27日 · 【直连DP设备】雷鸟Air 3s Pro,镜片包装得很好，到货比本体快，当做新形态的显示器使用不错，App功能有待加强，hub可以点亮switch的，体验不错！
2025年6月27日 · 【直连DP设备】雷鸟Air 3s Pro,非常清晰，以后就可以一个人静静的看片了！佩戴也比较舒服的。
2025年6月28日 · 【全能适配丨观影推荐】雷鸟Air 3s Pro+魔盒2代,大品牌 整体效果不错 感觉就是在家看imax 戴着也不会不舒服
2025年6月28日 · 【全能适配丨观影推荐】雷鸟Air 3s Pro+魔盒2代,眼镜收到，有送转接头！带着自己的眼镜体验一下感觉比其他品牌好一点，希望后面配好眼镜，收到墨盒有更好的体验！
2025年6月28日 · 【全能适配丨观影推荐】雷鸟Air 3s Pro+魔盒2代,第一次带观影眼镜，效果还是相当震撼的。画面明艳清晰，3种音效配置各有特色，漏音也很小，佩戴也很舒适。整体相当满意！
2025年6月28日 · 【游戏专属】雷鸟Air 3s Pro+HDMI转接器（新款）,東西好用比我預期還要好，看電影有大螢幕的享受，雖說對近視者不太友好，但也只是小缺點 只是寄送商品方式很奇特，雖說可以理解從不同工廠寄出，但寄出間隔時間也太不同步了，希望能改善
2025年6月28日 · 【直连DP设备】雷鸟Air 3s Pro,實在驚艷！！比起第二化進步太多了 尤其是聲效非常驚喜 物流安排也很好，發貨迅速 非常期待鏡片蓋哦
2025年6月28日 · 【直连DP设备】雷鸟Air 3s Pro,接steam玩，捞女模拟器，显示效果远超小屏幕，接手机看电影随时享受超级大屏幕
2025年6月28日 · 【直连DP设备】雷鸟Air 3s Pro,雷鸟 Air 3S Pro一整个惊艳到我! _ 到手质感超棒，外观简约时尚，轻盈便携，出门放包里就能带走。 _ 戴上它就像拥有私人巨幕影院，140 英寸虚拟巨幕，画面清晰，色彩还原超*真，追剧、观影、打游戏沉浸感直接拉满。 _ 它的空间音频效果绝了，仿佛声音就在耳边环绕，跟在现场似的。而且它还支持与手机、平板、电脑等多设备连接，办公娱乐都超适配。 佩戴舒适度也没得说，长时间使用不会觉得压头或者累。 这么棒的产品，还要什么自行车!雷鸟 Air 3S Pro，入股不亏!
2025年6月28日 · 【直连DP设备】雷鸟Air 3s Pro,雷鸟这款最新出的3SPro是目前同类产品横向比较以后的最优选择，影音方面表现出色，高亮高清，XR空间APP也做了进一步的优化和升级，简单易用，135寸巨幕随身携带，还能3D欣赏你自己拍摄的照片。佩戴舒适度也远高于其他品牌的VR眼镜，趁着平台有活动，有需要的可以闭眼入。官方旗舰店，售后有保障，客服小佳非常耐心专业，有问题秒回复，答案都在点子上，再次手动为小佳点赞！
2025年6月29日 · 【全能适配丨观影推荐】雷鸟Air 3s Pro+魔盒2代,之前看商品介绍和测评体验就对air3spro+魔盒2代的套装很感兴趣，由于红米手机不支持dp直接输出，为了能同时收到2代魔盒一直等到618当天才下单�最后到手价格还是非常优惠的，同时收到魔盒和转换器体验也是相当不错，画面清晰度高，四角不模糊，魔盒操作简单易上手，发热也不严重��就是还未配专用镜片，直接戴在自己的眼镜上有点压鼻梁，期待后续配镜后能获得更好的使用体验！
2025年6月29日 · 【全能适配丨观影推荐】雷鸟Air 3s Pro+魔盒2代,使用了一段时间，眼镜还不错，亮度还行，画质挺清晰的，作为一个便携式屏幕，还能接受。魔盒2的作用就是作为一个机顶盒使用，但是支持的app太少了，控制也很难，容易误触，app适配性一般。用魔盒2无线投屏，进入b站会出现两个光标，很难受，看视频的时候光标不会自动隐藏也很难受。
2025年6月29日 · 【全能适配丨观影推荐】雷鸟Air 3s Pro+魔盒2代,刚收到雷鸟 Air3spro 就试了下，屏幕看着特别清楚，追剧的时候画面不卡顿（高刷确实有用！），戴着眼镜也能轻松扣上，鼻梁没压力。晚上关灯看也不刺眼（亮度够高但不晃眼），躺床上举着手机投屏就能看，比捧平板舒服多了，真心适合我这种懒人追剧党～
2025年6月29日 · 【全能适配丨观影推荐】雷鸟Air 3s Pro+魔盒2代,玩了几天感觉挺好，大视野挺清楚的。原来觉得这样东西挺贵的，618买的还不算贵，好玩，慢慢研究中！
2025年6月29日 · 【全能适配丨观影推荐】雷鸟Air 3s Pro+魔盒2代,眼睛很轻，佩戴感舒适，链接手机pad后屏幕很清晰，非常好的一次购物体验，玩游戏体感很好，135寸大屏视觉效果炸裂，大家冲鸭
2025年6月29日 · 【全能适配丨观影推荐】雷鸟Air 3s Pro+魔盒2代,眼镜发货很快，显示效果清晰，重量很轻，佩戴舒适，音响效果好。
2025年6月29日 · 【直连DP设备】雷鸟Air 3s Pro,播放效果很好，佩戴后他人难以窥视屏幕内容，相比手机更能保护隐私。亮度很高，白天也不会看不清，tcl调色技术一直在线，主要是眼镜的音频效果也很好，不漏音，比几百的蓝牙眼镜效果还好，好评
2025年6月2日 · 【全家桶】雷鸟Air 3s Pro+魔盒2代+joydock,很不错，投影很清晰，音质也不错，戴上很轻便，躺在床上看再也不需要举着手机或者用那种调节支架。但是有的手机不支持dp输出的不能直接用，小米数字系列正常使用，红米就不行，因为typec口不支持dp输出（视频输出）。玩switch很方便，尤其是躺着玩。
2025年6月2日 · 【全能适配丨观影推荐】雷鸟Air 3s Pro+魔盒2代,做工很不错，加上国补性价比超级高，最关键的是 对比度。色域和亮度的提升，白天用毫无压力，寓 对比度让可用度提高了很多，观影效果碾压之前我 用过的所有眼镜
2025年6月2日 · 【全能适配丨观影推荐】雷鸟Air 3s Pro+魔盒2代,我是雷鳥Air 2的舊客戶，用了一年有多，本想在五月時下單Air 3時，發現五月尾Air 3有新產品面世，所以一等到新品上市就立即下單Air 3 Pro。我主要的用途是用作玩遊戲的屏幕，比對上我用開的Air 2，真的令我有煥然一新的感覺！可覌範圍好像比之前闊了很多，光度明亮清晰，打机一流！較可惜魔盒2代現時還未到手，希望快點出貨，能體驗高清電影的享受！
2025年6月2日 · 【全能适配丨观影推荐】雷鸟Air 3s Pro+魔盒2代,收到眼镜本体了，魔盒二代和定制镜片还得等两天，声音隐私性不错，别人得靠在身边才能听得见声音，画面别人从正面还是看得到，还是需要加一个前挡镜片
2025年6月2日 · 【全能适配丨观影推荐】雷鸟Air 3s Pro+魔盒2代,真的太帅了！拿出眼镜的那一刻 真的不经感叹 太帅了！设计真的很酷！
2025年6月2日 · 【全能适配丨观影推荐】雷鸟Air 3s Pro+魔盒2代,第一次使用这款眼镜看电影，效果很棒。眼镜轻，环绕音效也不错。视频色彩丰富且鲜艳，也很亮。
2025年6月2日 · 【游戏专属】雷鸟Air 3s Pro+HDMI转接器（新款）,一直想要一个便携式头戴显示器，犹豫了好久，正好看见雷鸟发布会发布了air的新品，遂下定决心入一个。本来以为这类产品起码要三五千，结果国补加上首发优惠和618，1400多就拿下了airs3pro。我有近视，赠送的配镜补贴很便宜的就配了近视镜片。收到近视镜片后用了半天了，躺在床上看电影简直爽到飞起。过几天ps5pro到手，就打算躺在床上爽玩ps5了。
2025年6月2日 · 【游戏专属】雷鸟Air 3s Pro+HDMI转接器（新款）,外观设计good，送的东西也很多，视觉效果很不错，环绕音质看电影，买回来准备躺着打游戏、看电影，真的很舒服。
2025年6月2日 · 【游戏专属】雷鸟Air 3s Pro+HDMI转接器（新款）,我也是雷鸟的老用户了，以前的二代我也买过。我感觉这次还是有很大的进步的。他的音效的状态确实比以前好很多。而且它的价格确实只有二代的一半。性价比是很高的。希望雷鸟越做越好，倾听消费者的声音。
2025年6月2日 · 【游戏专属】雷鸟Air 3s Pro+HDMI转接器（新款）,躺着看大电视太舒服啦
2025年6月2日 · 【直连DP设备】雷鸟Air 3s Pro,air3的升级版本，清晰度非常不错，亮度增加了很多，还多送了很多赠品，非常值得入手！
2025年6月2日 · 【直连DP设备】雷鸟Air 3s Pro,东西收到到配好眼镜用了几天时间，总体感觉很好，价格也很值，以前买过几个头戴显示设备，感觉都有缺点，现在的设备感觉没啥缺点了，完全能够日常使用了，建议多在一些二三线城市设置体验处，让更多的人在线下尝试。
2025年6月2日 · 【直连DP设备】雷鸟Air 3s Pro,之前买过最早的air2，air3s pro到货了赶紧试一试，虽然配的近视镜片还没到，但是在里面戴上自己的眼镜看了下，能感受到很多细节上的进步，我特别喜欢现在亮度与音量调节的可视化调节条，还有菜单键的增加多了很多选项，长按亮度键调整帧率功能好像取消掉了换成了更加顺应直觉的快速增加减少亮度。
2025年6月2日 · 【直连DP设备】雷鸟Air 3s Pro,可惜手机不支持DP协议，这个早期自己没有确认 只能再买一个魔盒了，电脑倒是可以直连，但是目前只有Windows的多屏协作办公套件，没有针对Mac o s 的。希望后期添加。
2025年6月2日 · 【直连DP设备】雷鸟Air 3s Pro,外观，佩戴感，视觉效果都比前几代好不少。
2025年6月2日 · 【直连DP设备】雷鸟Air 3s Pro,已經是第二次購買雷鳥AR眼鏡，看電影一流
2025年6月2日 · 【直连DP设备】雷鸟Air 3s Pro,心心念念的眼镜拿到了，眼镜不重，但肯定不能像近视眼镜一样一直戴。显示效果不错，色彩鲜艳细腻，亮度可以调节非常高，户外也能看清。自带的音响音质常规水平，但有轻语模式很实用，总体来说很符合我的预期，有一点可惜的是没有3dof悬停，但价格是真的很香了。
2025年6月2日 · 【直连DP设备】雷鸟Air 3s Pro,特别好，非常棒，一流，满意 服务也很好
2025年6月2日 · 【直连DP设备】雷鸟Air 3s Pro,看视频很清晰，显示效果也很棒，配合国补这价格，还要啥自行车。
2025年6月2日 · 【直连DP设备】雷鸟Air 3s Pro,眼镜可以，无需电源可以直接连接手机，屏幕大也清晰，可以边充电边使用，这些设计都是不错的
2025年6月2日 · 【直连DP设备】雷鸟Air 3s Pro,眼镜很好看！并且内容很清晰支持 1080p 120hz！很不错！喜欢的！
2025年6月2日 · 【直连DP设备】雷鸟Air 3s Pro,简单和去年买的air3对比了一 下，亮度提升，环境光影响被抵消了更多，出门使用体验感应该会好很多。接在电脑上，右下角的时间数字比3代更清晰了，还稍微有些许糊，但可能和我的散光有关。发布会说边缘清晰度有提升，确实兑现了！
2025年6月2日 · 【直连DP设备】雷鸟Air 3s Pro,观看效果比air2好了不少，主要是亮度高了许多，边缘模糊程度也有了一定改观，总体来说买了不亏。
2025年6月2日 · 【直连DP设备】雷鸟Air 3s Pro,质感很好，外面这层膜还挺酷，一直没撕。看iPhone拍摄的空间视频太有感觉了。等配的近视镜到了之后进一步尝试，物超所值
2025年6月2日 · 【直连DP设备】雷鸟Air 3s Pro,连手机和平板有点问题，只能镜像，而且不能熄屏。连电脑效果还行。
2025年6月2日 · 【直连DP设备】雷鸟Air 3s Pro,雷鳥跟Xreal 都買了，這個額頭不會發熱，不錯不錯
2025年6月2日 · 【直连DP设备】雷鸟Air 3s Pro,"雷鸟Air 3s Pro友友们, 我挖到宝啦！就是这款雷鸟VR眼镜, 使用后直接打开新世界大门。外观设计太戳我, 简约时尚, 线条流畅, 很有科技感。机身轻盈, 佩戴时没有明显坠感, 不会给鼻子和脑袋造 成负担, 长时间体验也舒运。显示效果超惊艳, 1K高清分辨率搭配高刷新率, 画面清晰流畅、色彩遲真。玩游戏时场景细节丰富, 看电影像在私人巨幕影院。沉浸感无敌, 3D环绕音效仿佛声音就在耳边响起, 搭配精准的头部迫踪定位, 头部转动画面实时同步, 代入感超强。 操作简单便捷, 手柄按鍵布局合理, 握感舒适, 功能鍵 一按即达。还支持多设备连接, 手机、电脑、游戏机都能连, 资源超丰富。续航能力也不错, 一次充满电可以玩很久, 不用频繁充 电打断沉浸体验。雷乌不愧是大品牌, 品质和售后都有保障。入手不亏,冲就完了！"
2025年6月30日 · 【全家桶】雷鸟Air 3s Pro+魔盒2代+JoyDock,全家桶，嘎嘎香，观影游戏都很清晰。携带方便续航也不错。
2025年6月30日 · 【全能适配丨观影推荐】雷鸟Air 3s Pro+魔盒2代,3D音效确实不错，显示也还算清晰。反正我也没入手过同类产品。感觉挺好玩。到手几天了使用也就加起来不到一小时。天天瞎忙上班。
2025年6月30日 · 【全能适配丨观影推荐】雷鸟Air 3s Pro+魔盒2代,体验非常好，随身电影院的感觉，在空间稍微开阔的地方可以有100寸的即视感，四个扬声器的环绕声也很给力
2025年6月30日 · 【全能适配丨观影推荐】雷鸟Air 3s Pro+魔盒2代,在網路上看到這個產品，實際使用後發現，這個真是個追劇神器而且解鎖各種觀影姿勢，以後躺在床上也可以看電影了
2025年6月30日 · 【全能适配丨观影推荐】雷鸟Air 3s Pro+魔盒2代,本人一直想买个智能眼镜，经过多天调整，总算满意，性价比很高，很实惠，使用起来感觉很好，非常完美.^◡^.
2025年6月30日 · 【全能适配丨观影推荐】雷鸟Air 3s Pro+魔盒2代,没用过别的智能眼镜，不清楚其他款是否也是眼镜腿发热严重，戴一会儿压的太阳穴疼，还有99配的那个垃圾近视眼镜，镜片太小了，余光会看到镜片外，非常模糊，巨难受，要用手把眼镜往脸上按才能看全，调眼镜腿没用，看一会儿眼镜刺痛，那个魔盒才是最坑的，发热严重，没啥功能，投屏也不成熟。一堆bug，代替鼠标的功能用起来难受死。完全*****。只能当一个1080p分辨率的显示器用，而且不能长时间看，它们配的眼镜有大问题，网上有59配的大眼镜
2025年6月30日 · 【全能适配丨观影推荐】雷鸟Air 3s Pro+魔盒2代,眼镜外包装精美，外形美观，机身小巧轻便，观影效果非常好。
2025年6月30日 · 【全能适配丨观影推荐】雷鸟Air 3s Pro+魔盒2代,魔盒2拖了一下才來 大屏很舒服，使用後再來補評
2025年6月30日 · 【直连DP设备】雷鸟Air 3s Pro,价格实惠，包装精美，一千出头体验新科技，戴上眼镜，就能体验大屏看视频，音效也很不错，适合出差旅游途中消遣娱乐
2025年6月30日 · 【直连DP设备】雷鸟Air 3s Pro,又買一個，一起使用，感受大屏的樂趣 聲音有點小，如果能大點就更好了
2025年6月30日 · 【直连DP设备】雷鸟Air 3s Pro,商家发货很快，科技感满满！刚刚看了一会，大画面很爽，声音也不错！
2025年6月30日 · 【直连DP设备】雷鸟Air 3s Pro,我来评价下这个宝贝，价格不错，质量不错，快递不错，老板不错。
2025年6月3日 · 【全家桶】雷鸟Air 3s Pro+魔盒2代+joydock,看完发布会，感觉去年的air3就不错，今年的3spro更棒了，就没等活动直接下单，确实和之前用过的xreal不一样，效果很好，期待后续出一个类似xreal beam的配件来实现3dof，甚至6dof，好评！
2025年6月3日 · 【全能适配丨观影推荐】雷鸟Air 3s Pro+魔盒2代,使用效果很好比我想象的更清楚，直接连接平板，看电影，玩游戏都非常棒。现在就等魔盒二代，看什么时候能到？
2025年6月3日 · 【全能适配丨观影推荐】雷鸟Air 3s Pro+魔盒2代,国补价格香，快速拿下。第一次购买AR眼镜，由于手机不能直连，买了魔盒套装。眼镜做工不错，戴着没负重感。
2025年6月3日 · 【全能适配丨观影推荐】雷鸟Air 3s Pro+魔盒2代,雷鸟AR眼镜确实是一款优秀的产品，为用户带来了卓越的视觉体验与交互功能。
2025年6月3日 · 【游戏专属】雷鸟Air 3s Pro+HDMI转接器（新款）,佩戴舒服，躺着看电影
2025年6月3日 · 【直连DP设备】雷鸟Air 3s Pro,一直期待一款在细节处都彰显优良品质的AR眼镜，这款雷鸟air 3s Pro质量绝佳，满足了我对AR眼镜的几乎全部要求。它外观漂亮，设计轻巧，佩戴舒适，观影效果一流，超大屏幕就在眼前，色差真实，开启环绕后，音效也很不错。连接我的荣耀手机，非常方便。
2025年6月3日 · 【直连DP设备】雷鸟Air 3s Pro,商家可能描述的不够清楚，购买时候需要看清，一定要支持dp连接，不然一定要购买魔盒。
2025年6月3日 · 【直连DP设备】雷鸟Air 3s Pro,国补之后价格很优惠了，戴着很舒适，屏幕显示效果很好，亮度也很高，白天足够使用了，声音效果也不错，我原来也试用过 air2，当时不太满意，没有买，这次还是很满意的，达到了我的预期
2025年6月3日 · 【直连DP设备】雷鸟Air 3s Pro,多次购买雷鸟眼镜了，从air2到3，再到现在的3spro，雷鸟的进步真的是“看在眼里”，支持国产，希望雷鸟越来越好
2025年6月3日 · 【直连DP设备】雷鸟Air 3s Pro,整体质感很好，显示亮度挺高，效果不错，喇叭声 音好听，给人的感觉不错，连接方便，直插直连没 什么延迟。总体好评！
2025年6月3日 · 【直连DP设备】雷鸟Air 3s Pro,比想象中的要清晰是，色彩也挺好的，重量也不重，出差坐高铁可以看大片了。连接三星手机可以开启DEX。
2025年6月3日 · 【直连DP设备】雷鸟Air 3s Pro,目标明确奔着能躺床上搓手柄去的，体验很不错，地平线 极品飞车大屏玩着也很舒服。画质刷新率都够用的，出行携带也方便，就是这固定出线不是特别方便。
2025年6月3日 · 【直连DP设备】雷鸟Air 3s Pro,直接连接手机很方便 可以随时享受大屏了 特别是长途旅行和出差 音质也很好 很满意
2025年6月3日 · 【直连DP设备】雷鸟Air 3s Pro,眼镜还不错，质感还不错，带上去也挺清晰的，没有什么问题
2025年6月3日 · 【直连DP设备】雷鸟Air 3s Pro,眼镜非常轻 四扬声器也很棒 环绕音很爽 第一次体验了随身大屏
2025年6月3日 · 【直连DP设备】雷鸟Air 3s Pro,神奇的眼镜，躺着就能看电影，不用举着手机了。就是坐着的时候会反光。
2025年6月3日 · 【直连DP设备】雷鸟Air 3s Pro,第一次使用ar眼镜产品，效果非常不错，画面清晰，声音响亮，亮度合适，用来看电影一流，打游戏也很流畅，1080p竟然不糊，分辨率比得上4k，不货使用久了要记得休息，不然会头晕，总得来说性价比一流，值得入手！
2025年6月3日 · 【直连DP设备】雷鸟Air 3s Pro,还不错，主要携带方便，出差或者上班的时候都可以用，还能当墨镜，不错
2025年6月3日 · 【直连DP设备】雷鸟Air 3s Pro,雷鸟AR眼镜真的超级棒！戴上它感觉能飞进游戏里，超赞的!体验感拉满。
2025年6月3日 · 【直连DP设备】雷鸟Air 3s Pro,雷鸟的AR眼镜真心不错哦，戴上它视野开阔了好多，操作起来也很顺溜，非常推荐给大家！
2025年6月3日 · 【直连DP设备】雷鸟Air 3s Pro,雷鸟的新品眼镜，可以说就是一个戴在眼睛上的便携屏幕，画质不错，使用方便，性价比比较高
2025年6月4日 · 【全能适配丨观影推荐】雷鸟Air 3s Pro+魔盒2代,以前我关注雷鸟眼镜，看过其他品牌，对比一下，一直观察着之后没买的，也是经济不是好。放吧有哪一天就会得到我想要的，不小心忘记了一直忙着工作与生活。到今年，前几天我无意识当中，刷到雷鸟新品在我出现了，引起我好久没关注，点打开的时候，air3新的，好多新品，比之前几代方便多了，想起几年时间得好快，今年经济还行。我决定买这款 air3s Pro。然后发货了后，我收到昨天的，体验一下，但是近视还没发货，体验着看不清楚，有一点没办法好，也没想到配镜也发货了，我正好今天收到，真是太顺利了。等下班回去想体验，戴着近视眼镜体验，就开始看动漫，一个小时半多，感觉和我平时差不多的，还好的。而且眼镜轻一点，画面视野清晰，哈哈，看得太爽了。亮度可以调整高低，音质也不错，送的转接器都是可以用，我锤子手机可以呀，我接别人苹果15，也一样的，好评啊。赶上国补和优惠，618的划算，有另一个魔盒2还没发货，我期待着～我为了会赠送遮光罩的，真的很值入手，算是我第一次买的 这雷鸟 AR 眼镜。祝雷鸟越来越生意兴隆。
2025年6月4日 · 【全能适配丨观影推荐】雷鸟Air 3s Pro+魔盒2代,先体验，暂时还不错。等待其他配件中
2025年6月4日 · 【全能适配丨观影推荐】雷鸟Air 3s Pro+魔盒2代,整体挺轻便的，手机和游戏机都是秒连无延迟，养着看剧和玩游戏的时候也不会硌脑袋，体验挺好
2025年6月4日 · 【全能适配丨观影推荐】雷鸟Air 3s Pro+魔盒2代,目前使用下来不错，画质清晰音质也还行，魔盒2还没到，等到了在体验一下看看怎么样
2025年6月4日 · 【全能适配丨观影推荐】雷鸟Air 3s Pro+魔盒2代,眼睛很不错比上一代多了环绕音效，画质感觉更细腻
2025年6月4日 · 【全能适配丨观影推荐】雷鸟Air 3s Pro+魔盒2代,雷鸟air3s pro眼镜比以前的任何版本色彩要艳丽，整体画面大了一圈，搭配的喇叭也很不错，音质好，不漏音！小孩在旁边写作业，我在看电影，完全不打扰！魔盒今天刚收到，小巧，操作方便，相当不错！
2025年6月4日 · 【游戏专属】雷鸟Air 3s Pro+HDMI转接器（新款）,做工没问题，音效没问题，图像质量不错，够用。缺点也很明显，下边缘模糊或出视野，属于硬伤。对戴眼镜的朋友不够友好，可以架在现有眼镜上但是比较费劲，很折腾。独立配镜会好些，但是摘戴过程很折腾。目前感觉最适合的使用场景就是办公，私密性是一方面，另一方面对颈椎好，可以靠椅背上，屏幕刷新率可以的
2025年6月4日 · 【直连DP设备】雷鸟Air 3s Pro,主要是买来玩掌机的，今天近视镜片到了，都试了下，还不错，没有头晕的感觉，能适应。大屏幕玩起来挺爽的，还有护眼模式可以选，声音也可以选轻语，私密性ok，旅行路上不会影响旁人。
2025年6月4日 · 【直连DP设备】雷鸟Air 3s Pro,之前买过前面第一代还是第二代的产品 感觉升级后确实不错 鼻夹更舒适了，镜框也不会夹耳朵 然后感觉投屏更符合眼睛的角度，不会过高过低 整体重量也OK，长期佩戴看电影看下来也没有任何不适 送了个收纳袋和边冲边用转换器 收纳袋可以收纳线材+眼镜，有一定的硬度，不会压到眼镜 整体都比前代体验更好，目前测试了直连iphone16p 等switch2到了再测试
2025年6月4日 · 【直连DP设备】雷鸟Air 3s Pro,包装很好，还送随身携带的小包，效果很不错
2025年6月4日 · 【直连DP设备】雷鸟Air 3s Pro,屏幕够大。清晰度也不错，佩戴感还行，没有没有想象中的重。
2025年6月4日 · 【直连DP设备】雷鸟Air 3s Pro,很時尚，搭公車用，就像進入了私人影院！讚！
2025年6月4日 · 【直连DP设备】雷鸟Air 3s Pro,我用起来眼镜会发烫 还挺热的  大家注意下
2025年6月4日 · 【直连DP设备】雷鸟Air 3s Pro,挺好的，终于可以躺着看剧还不会打扰孩子睡觉了。
2025年6月4日 · 【直连DP设备】雷鸟Air 3s Pro,用了几天才来评价，总的来说，其实就是个便携性的显示器，看3D设置有点麻烦，电脑平板都没弄成，就苹果手机用speacewalker简单实现了下，意义不大，VR更别想了。 缺点嘛，可使用场景不多，图个新鲜，直连手机掉电那叫一个快，从35%到15%只过了半小时最多40分钟，难怪要送那个转接盒呢，刷抖音的话视频间切换声音会有爆音和短暂中断，也不知道是不是我平板原因，毕竟手机没事。
2025年6月4日 · 【直连DP设备】雷鸟Air 3s Pro,被朋友安利购买，显示效果高于预期，使用挺方便，非常适合看片和玩主机游戏
2025年6月4日 · 【直连DP设备】雷鸟Air 3s Pro,近视眼带ar眼镜非常难受，我300度完全看不清，需要重新购买匹配眼镜片，戴上两个眼镜看很难受，哎，谨慎购买吧
2025年6月4日 · 【直连DP设备】雷鸟Air 3s Pro,非常漂亮的眼镜，包装精美，收到后第一时间连接了电脑，非常清晰，色彩饱和度和亮度都很，值得推荐！
2025年6月4日 · 【直连DP设备】雷鸟Air 3s Pro,高性价比，可惜不能调整瞳距，售后退货非常便捷
2025年6月5日 · 【Switch专属】雷鸟Air 3s Pro+JoyDock,买之前问了客服，客服说连switch要买joydock套装，今天到货了一试，发现要接ns只要用送的转接器就可以了，套装里的joydock不过是外出没电源情况下的一个选择。
2025年6月5日 · 【全能适配丨观影推荐】雷鸟Air 3s Pro+魔盒2代,今天收到魔盒，组成完全体，体验不错。收货后测试了室内、室外强光多种场景，亮度完全没问题，静态观影体验完美，特别是pro版本的环绕声很好
2025年6月5日 · 【全能适配丨观影推荐】雷鸟Air 3s Pro+魔盒2代,到货后，使用了两天，观影效果很好，佩戴也很舒适，这款眼镜值得入手！
2025年6月5日 · 【全能适配丨观影推荐】雷鸟Air 3s Pro+魔盒2代,巨屏体验，随身携带，非常非常推荐的产品
2025年6月5日 · 【全能适配丨观影推荐】雷鸟Air 3s Pro+魔盒2代,很棒哦，质感很好，清晰度也很好，用魔盒直接可以解放手机，非常nice
2025年6月5日 · 【全能适配丨观影推荐】雷鸟Air 3s Pro+魔盒2代,我遇到过好多人 他们并没有那么喜欢我 却打着爱的名义对我挑三拣四 要求我收敛脾气  可是那个真的爱我的人却只希望我天天开心 好好吃饭
2025年6月5日 · 【全能适配丨观影推荐】雷鸟Air 3s Pro+魔盒2代,把玩了一下，不错的体验。配件实用，雷鸟刚到货有待研究，看看有没有更多的惊喜。
2025年6月5日 · 【全能适配丨观影推荐】雷鸟Air 3s Pro+魔盒2代,挺好用的，很方便，很高清。
2025年6月5日 · 【全能适配丨观影推荐】雷鸟Air 3s Pro+魔盒2代,画面显示效果很好，我的手机不支持dp输出，有了魔盒之后用起来还不错，声音也蛮舒服的，推荐
2025年6月5日 · 【全能适配丨观影推荐】雷鸟Air 3s Pro+魔盒2代,看着超爽，还在研究怎么用，可以魔盒可以连手机，用着超爽。
2025年6月5日 · 【全能适配丨观影推荐】雷鸟Air 3s Pro+魔盒2代,真好评。屏幕大小符合要求，亮度也很高，清晰度够用。等魔盒2到了，看看还有新玩法没。
2025年6月5日 · 【全能适配丨观影推荐】雷鸟Air 3s Pro+魔盒2代,眼镜挺不错的，比第一代 air 更轻更舒服了，亮度也高，但是魔盒 2 挺一般的，电池 4000 毫安不耐用，系统据说还是 32 位的，很多应用无法安装。
2025年6月5日 · 【全能适配丨观影推荐】雷鸟Air 3s Pro+魔盒2代,眼镜是好东西，显示清晰，声音也不错。 但是魔盒很坑。首先是非常容易发烫，是冬天可以当暖手宝的程度。其次内置的各种应用是电视版本的，众所周知智能电视应用需要SVIP而手机只需要普通VIP，所以被手机平板直连眼镜完爆。另外应用市场里除了出厂已安装应用外就只有百度网盘、夸克和抖音。总的来说非常鸡肋
2025年6月5日 · 【全能适配丨观影推荐】雷鸟Air 3s Pro+魔盒2代,视频显示有不错的效果，更大也更亮了，眼镜小巧且轻便。
2025年6月5日 · 【全能适配丨观影推荐】雷鸟Air 3s Pro+魔盒2代,说明书指南内容比较少，上手全靠自己摸索，用上后确实屏幕很大，亮度也不会刺激眼睛
2025年6月5日 · 【全能适配丨观影推荐】雷鸟Air 3s Pro+魔盒2代,雷鸟AR眼镜的使用体验相当出色。这款眼镜拥有清晰的显示效果和流畅的操作体验。其设计符合人体工程学，长时间佩戴也不会感到不适。同时，它的电池续航能力强，满足了我长时间使用的需求。
2025年6月5日 · 【游戏专属】雷鸟Air 3s Pro+HDMI转接器（新款）,喜欢，价格也合适，可以提着我的PS5随时随地打游戏了。抓紧配近视眼镜搞起来！
2025年6月5日 · 【游戏专属】雷鸟Air 3s Pro+HDMI转接器（新款）,画面显示及整个眼镜的做工都很好
2025年6月5日 · 【游戏专属】雷鸟Air 3s Pro+HDMI转接器（新款）,真的不是开玩笑，本来就期待不高，但是比想象中好太多太多，这个价钱性价比真高，真心推荐
2025年6月5日 · 【游戏专属】雷鸟Air 3s Pro+HDMI转接器（新款）,质量没的说，也不重。感觉物有所值。大爱❤️
2025年6月5日 · 【游戏专属】雷鸟Air 3s Pro+HDMI转接器（新款）,还有一个扩展坞没有收到，就迫不及待先评价了。很难想象这是一款如此成熟的产品，佩戴舒适感和整个视听体验都比想象中好。当然如果身处声音嘈杂的地方，建议佩戴蓝牙耳机，整体体验更上一层楼。总之，这应该是近期买到性价比最满意的产品之一。另外就期待hdmi转接口到达之后游戏的体验喽！
2025年6月5日 · 【直连DP设备】雷鸟Air 3s Pro,国补入手了Air3Plus，这个价格算是非常完美了。也能体验一把科技的快感。在家打游戏看片能直接躺着非常爽。环绕声确实让人眼前一亮
2025年6月5日 · 【直连DP设备】雷鸟Air 3s Pro,总的来说，雷鸟AR眼镜在性能、外观和使用体验上都表现出色。对于追求高科技和优质体验的用户来说，这是一款值得推荐的产品。
2025年6月5日 · 【直连DP设备】雷鸟Air 3s Pro,效果很不错，直接链接手机，开始电脑模式，新的办公模式。 玩游戏，看片子效果也不错，值得入手
2025年6月5日 · 【直连DP设备】雷鸟Air 3s Pro,看大屏很爽，很沉浸。
2025年6月5日 · 【直连DP设备】雷鸟Air 3s Pro,莫名其妙的办公设备又多了一个。虽说是摸鱼利器，但是上班带墨镜有点奇怪。不过平时带的话看不太出来和普通墨镜有太大差异（好评）。亮度很高，完全不用担心高光环境看不屏幕。清晰度好，佩戴舒适，买来当天连续佩戴2个半小时刷视频，毫无疲劳感（眼睛和鼻子）。
2025年6月5日 · 【直连DP设备】雷鸟Air 3s Pro,这款AR眼镜真是科技感十足！外观简约大气，质感细腻舒适，使用起来非常方便。对于喜欢新奇事物的朋友来说，绝对是不可错过的好物！��推荐给大家！
2025年6月5日 · 【直连DP设备】雷鸟Air 3s Pro,雷鸟 air 3s pro 真的很惊艳！戴上它，视野瞬间开阔，画面清晰细腻，色彩还原度超高，观影体验仿佛置身于私人影院。轻巧舒适，长时间佩戴也不累，设计时尚又实用，客服也很专业，五星好评，值得入手！
2025年6月5日 · 【直连DP设备】雷鸟Air 3s Pro,雷鸟AR眼镜的使用体验让我印象深刻。这款产品的外观设计简洁大方，佩戴舒适，长时间使用也不会感到不适。
2025年6月6日 · /,最新款3s pro效果提升驚人，貭感依然一等，配戴舒適，值得推荐
2025年6月6日 · 【全家桶】雷鸟Air 3s Pro+魔盒2代+joydock,链接方便，做工精致，就是魔盒感觉运存有点小，希望后续能够做大点，画质对比其他家比较满意
2025年6月6日 · 【全能适配丨观影推荐】雷鸟Air 3s Pro+魔盒2代,发货很快，已经收到货了，商品和描述的差不多，质量没问题，关键价格也合适，在这里买还是很放心的，好评~
2025年6月6日 · 【全能适配丨观影推荐】雷鸟Air 3s Pro+魔盒2代,很不错 很满意 显示效果蛮好 发货也很快 客服也很专业
2025年6月6日 · 【全能适配丨观影推荐】雷鸟Air 3s Pro+魔盒2代,挺不错的，主要是便携性高，相当于一个随身带显示器，但是带一会要休息，不然眼睛会难受还有点头晕，毕竟没有3dof功能，但是这价位已经很不错了，魔盒还是有点小毛病，不能手动打开TV遥控器模式，不适配的软件装上使用不方便，但是主流视频软件都有。总体来说不错，此类眼镜中性价比算高了。
2025年6月6日 · 【全能适配丨观影推荐】雷鸟Air 3s Pro+魔盒2代,收到了，试了两天效果非常好，戴着也很舒服，画质很不错，戴着它看电影更方便了，客服也非常耐心解决问题！
2025年6月6日 · 【全能适配丨观影推荐】雷鸟Air 3s Pro+魔盒2代,眼镜比较轻，画面效果不错，亮度也挺好的，看4K电影显示效果跟普通电视差不多了，魔盒2也比较小巧，不过没有散热的地方，拿在手上特别是现在天热会有点热手。软件商城应用也不多，看看电视的常用软件已经预装了，没有的就只能浏览器搜索安装了，还有一个问题不知道是不是个例，wifi从一个房间切换到另一个房间的ap会断联还连不上，期待完善
2025年6月6日 · 【全能适配丨观影推荐】雷鸟Air 3s Pro+魔盒2代,轻便+连接方便～出差和夜晚带娃睡觉好伴侣，大屏自high也不影响其身边的人。音质画面也很高，非常沉浸久看眼睛也不要难。受总体非常满意。
2025年6月6日 · 【全能适配丨观影推荐】雷鸟Air 3s Pro+魔盒2代,这副智能眼镜轻盈舒适，魔盒功能强大，挺好！用这个就没必要用平板看视频了，准备把平板出了�
2025年6月6日 · 【全能适配丨观影推荐】雷鸟Air 3s Pro+魔盒2代,雷鳥Air3s Pro 1200nits入眼真的不怕日光影響，畫質非常好。便攜袋材質好設計時尚。魔盒2代操作方式非常順暢，點讚點讚！  如果魔盒2代更新支持64bit APPS就更好，另外建議加入設定特定APP可以TV搖控模式，因為像穿梭APP現在就無法操作，有時在國外要VPN回國才可以暢快看劇看戲。
2025年6月6日 · 【全能适配丨观影推荐】雷鸟Air 3s Pro+魔盒2代,雷鸟Air 3S Pro太棒了！巨幕效果震撼，色彩超好，真像随身影院。戴着轻便舒服，看片一两个小时没问题。连手机、游戏机、电脑都方便，出差旅行神器！音效清晰够用。画质和便携性完美结合，国补叠加性价比非常高
2025年6月6日 · 【游戏专属】雷鸟Air 3s Pro+HDMI转接器（新款）,这款雷鸟Air3s真是让我惊喜不断！随手一戴就能享受135英寸巨幕观影体验，视觉效果非常棒�。尤其是对于游戏爱好者来说，高刷新率和细腻画面绝对是超级享受�。无论是看电影还是玩游戏，都能感受到极致的沉浸和流畅，强烈推荐给大家✨！
2025年6月6日 · 【直连DP设备】雷鸟Air 3s Pro,东西非常好画面也非常清晰客服态度也很好东西质量不错
2025年6月6日 · 【直连DP设备】雷鸟Air 3s Pro,关注AR眼镜很长时间了，这次趁着618活动叠加88vip优惠入手非常合适，眼镜对比以前亮度更高，显示效果更好，还赠送了边充边玩的转接器以及眼镜收纳袋，体验乐趣拉满，好评～
2025年6月6日 · 【直连DP设备】雷鸟Air 3s Pro,很轻巧，符合我的预期，佩戴不压鼻，观看不伤眼，休闲出差携戴很方便，清晰度也高，和手机电脑兼容度高，赠送的边用边充转接器解决续航问题。
2025年6月6日 · 【直连DP设备】雷鸟Air 3s Pro,整体，如果瞳距没啥问题的话，这个体验作为观影，游戏还是不错的，边缘挺清晰，办公还是笔记本或pad吧！总之确实解放双手，对颈椎很友好，当然你坐着就电脑算了，躺着是最佳体验，1080p在这个眼镜上看我基本没注意到什么颗粒感，比我用pico4PRO清晰，pico是可以看到颗粒感的，总之目前这个价位体验下，感觉会比其它几家划算很多，
2025年6月6日 · 【直连DP设备】雷鸟Air 3s Pro,种草很久的AR眼镜，店家发货神速，点赞！洗完澡躺床上，戴上眼镜感受一下动作大片，真是一种享受，体验一段时间了，值得推荐给朋友们。
2025年6月6日 · 【直连DP设备】雷鸟Air 3s Pro,试了很多天，对比过其他家的产品，雷鸟这个新款各方面都不错，打游戏效果也好，叠加国补很划算
2025年6月7日 · 【Switch专属】雷鸟Air 3s Pro+JoyDock,很好，很清晰，还有很多功能在摸索，收货7天才有时间评价
2025年6月7日 · 【全家桶】雷鸟Air 3s Pro+魔盒2代+joydock,懒人游戏玩家的最优解，连塞尔达都变香了。二代魔盒可以安装pad端+TV端的app，TV端会员都可以不用开了
2025年6月7日 · 【全家桶】雷鸟Air 3s Pro+魔盒2代+JoyDock,连接奧丁2portal 打街头覇王流畅，声音跟用上耳机感差不多。连接iPad 加type-c边充，可以看油管又充电。
2025年6月7日 · 【全能适配丨观影推荐】雷鸟Air 3s Pro+魔盒2代,宝贝收到了，太惊喜了，质量非常好，性价比很高，真是出乎我的意料！使用效果跟电影院一样非常不错，很喜欢。
2025年6月7日 · 【全能适配丨观影推荐】雷鸟Air 3s Pro+魔盒2代,很酷，画质很清晰，用起来很舒服，看电影真的很爽
2025年6月7日 · 【全能适配丨观影推荐】雷鸟Air 3s Pro+魔盒2代,戴起来很轻，即使配上近视镜片，一个小时无感，亮度很好，色彩丰富，就是魔盒2可下载软件太少，如果多一点就更好，另外手机APP要到月中才可以下载，很迫切啊，总体十分满意，物远超所值
2025年6月7日 · 【全能适配丨观影推荐】雷鸟Air 3s Pro+魔盒2代,眼镜很精致，分量不重。原以为要那个挡板才能看得很清楚没想到不用挡板也可以看，反而因为眼睛不透明程度低平时其实不太好戴，太暗了。 画质很不错，亮度高，延迟低。那个盒子个人觉得就是 TV 盒子平替，挺不错。电量挺足。就是有一点建议，控制操作不如照着苹果 AppleTV 遥控器设计，那个大触摸平板体验一般。
2025年6月7日 · 【全能适配丨观影推荐】雷鸟Air 3s Pro+魔盒2代,这款AR眼镜在使用过程中给我带来了全新的体验。它的外观设计非常时尚，佩戴起来也非常舒适。
2025年6月7日 · 【全能适配丨观影推荐】雷鸟Air 3s Pro+魔盒2代,非常好玩的一个流动影院。
2025年6月7日 · 【游戏专属】雷鸟Air 3s Pro+HDMI转接器（新款）,什么都不了解 看新出新鲜就买来了 视觉效果不错 长时间佩戴不晕也不沉 就是不能目前单买joydock
2025年6月7日 · 【游戏专属】雷鸟Air 3s Pro+HDMI转接器（新款）,价格合理 体验不错 挺轻便的 不过作为电脑的屏幕感觉看一会儿就眼睛算了。看电影挺合适的
2025年6月7日 · 【直连DP设备】雷鸟Air 3s Pro,pro升级版更大屏，体验感更好了，随单的赠品也很贴心实用
2025年6月7日 · 【直连DP设备】雷鸟Air 3s Pro,使用效果超出预期，再也不用低头看手机电脑了！ 可惜定制镜片还要几天，到了才能解锁完全体
2025年6月7日 · 【直连DP设备】雷鸟Air 3s Pro,在使用这款AR眼镜的过程中，我深感其卓越的性能和出色的用户体验，这款眼镜的图像清晰度极高。
2025年6月7日 · 【直连DP设备】雷鸟Air 3s Pro,它的电池续航能力强，能够满足长时间使用的需求。总的来说，雷鸟AR眼镜在性能和使用体验上都表现出色，是一款值得推荐的智能设备。
2025年6月7日 · 【直连DP设备】雷鸟Air 3s Pro,很不错 用起来还是很方便 感受也很好 等前挡到了再看看 现在还是要在黑暗的环境中用 感觉会更好
2025年6月7日 · 【直连DP设备】雷鸟Air 3s Pro,效果还不错，比想象的好
2025年6月7日 · 【直连DP设备】雷鸟Air 3s Pro,物流快，客服服务周到，眼镜带上环绕声音好，重量轻，值得购买！
2025年6月7日 · 【直连DP设备】雷鸟Air 3s Pro,画面清晰操作简单，戴上开启新世界，信息随看随很方便，未来感爆棚显示惊艳，日常用着酷炫无比
2025年6月7日 · 【直连DP设备】雷鸟Air 3s Pro,画面清晰操作简单，科技感十足超爱！戴上开启新世界，信息随看随有太方便！未来感爆棚显示惊艳，日常用着酷炫无比！解放双手神器，信息眼前看效率倍增，操作流畅显示棒，远超预期强烈推荐
2025年6月7日 · 【直连DP设备】雷鸟Air 3s Pro,眼镜很轻，空气鼻托很舒适，亮度，画质，音质也都ok，配合平板有线投屏非常合适。
2025年6月7日 · 【直连DP设备】雷鸟Air 3s Pro,眼镜收到后第一时间拆箱，比预想的更帅，非常轻，直连手机就可以投屏，画面非常棒！
2025年6月7日 · 【直连DP设备】雷鸟Air 3s Pro,眼镜观感超乎想象，画面确实很大很清晰，用来看视频很棒
2025年6月7日 · 【直连DP设备】雷鸟Air 3s Pro,第一次购买ar眼镜，大屏效果非常惊艳，轻便，是地铁巴士消磨时间的最佳伴侣. 每回坐地铁我都会看视频或电影，现在有了air 3S pro，简直就是神器.
2025年6月7日 · 【直连DP设备】雷鸟Air 3s Pro,连 Windows 和 Mac 都没问题，可以做扩展屏，看文字也算清晰。手机和 iPad 都不能息屏显示。能出个盒子来支持 3dof 和超宽屏就好了。
2025年6月7日 · 【直连DP设备】雷鸟Air 3s Pro,這個Rayneo air 3s pro 產品做工質素都很好，客服服務態度也很有耐性和有禮貌，整體滿意產品，就是眼鏡盒不如上代
2025年6月7日 · 【直连DP设备】雷鸟Air 3s Pro,非常亮，色彩很好，比我1000的投影仪强，我675+175散光也能用，掌机好搭档
2025年6月8日 · 【全家桶】雷鸟Air 3s Pro+魔盒2代+joydock,打游戏不错 ，跟mr和VR比较真心不算累眼镜，亮度也够用盒子电量纯打游戏4-5个小时。出差够用。 就是魔盒还需改进二代不好操作，手感不太好，软件也没几样，毕竟新品期待后续改进。
2025年6月8日 · 【全能适配丨观影推荐】雷鸟Air 3s Pro+魔盒2代,东西不错配镜还有优惠，躺着看电影真是太爽啦，对颈椎很友好
2025年6月8日 · 【全能适配丨观影推荐】雷鸟Air 3s Pro+魔盒2代,显示效果很好，没有一点光栅感觉。四扬声器非常震撼，远超预期。材质亲肤性好，镜腿三档可调，瞳距也合适。躺靠姿势，一点也不晕。还有距离感应休眠功能。
2025年6月8日 · 【全能适配丨观影推荐】雷鸟Air 3s Pro+魔盒2代,滿意，效果良好！加上魔盒2.0 能隨時隨地觀看節目，十分方便。
2025年6月8日 · 【全能适配丨观影推荐】雷鸟Air 3s Pro+魔盒2代,试了好几个品牌，雷鸟确实综合最好，性价比高，画质清楚，声音效果好，有电影院的感觉。
2025年6月8日 · 【游戏专属】雷鸟Air 3s Pro+HDMI转接器（新款）,昨天收到货后就马上使用。效果真的很不错。立体声音也很满意。就是带久了之后，会有点痛。可能还没调到最适合的角度吧。以这价格，值得推。赞！
2025年6月8日 · 【游戏专属】雷鸟Air 3s Pro+HDMI转接器（新款）,种草雷鸟有一段时间了，正准备入手Air3的时候发现要发布新品，后来直接入手了Air3S Pro。体验了几天感觉没失望，以后可以躺着玩游戏看电影了。
2025年6月8日 · 【直连DP设备】雷鸟Air 3s Pro,一千多的价格无敌了，看 3d 电影太爽啦(☉ω☉)⊃�
2025年6月8日 · 【直连DP设备】雷鸟Air 3s Pro,产品的分辨率刷新率生产的在高些就更好了
2025年6月8日 · 【直连DP设备】雷鸟Air 3s Pro,入手雷鸟 Air 3S Pro 后真的被惊艳到了！它轻巧便携，长时间佩戴也不会压耳朵。最让我满意的是它的显示效果，画质清晰细腻，亮度充足，即使白天也能看得很舒服。搭配出色的音效，仿佛随身带着一座私人影院。不管是追剧、玩游戏还是出差路上放松，都非常方便，是我近期最满意的一次数码消费。
2025年6月8日 · 【直连DP设备】雷鸟Air 3s Pro,和air3比画面我肉眼看不出太大区别，声音确实好了不少。
2025年6月8日 · 【直连DP设备】雷鸟Air 3s Pro,"性价比高, 出差带方便, 清晰度很不错"
2025年6月8日 · 【直连DP设备】雷鸟Air 3s Pro,戴着不闷，清晰度不错，比pico4舒服。不用充电好评，即插即用，就是手机不能熄屏，这个还可以优化一下
2025年6月8日 · 【直连DP设备】雷鸟Air 3s Pro,收到了雷鸟air3spro，非常好用，长时间看眼镜也不累，推荐
2025年6月8日 · 【直连DP设备】雷鸟Air 3s Pro,收到并使用了一天，整体使用感觉还是比较良好的，颜色显示和声音都能让人满意，唯一一个缺点就是缺少悬停功能，其他的满分�
2025年6月8日 · 【直连DP设备】雷鸟Air 3s Pro,效果比想象的要好的多。
2025年6月8日 · 【直连DP设备】雷鸟Air 3s Pro,比上版轻了太多。价格也便宜。没有屈光调节镜，我近视，用不了。
2025年6月8日 · 【直连DP设备】雷鸟Air 3s Pro,清晰度还可以感觉比电脑的1080p要更加清晰，唯一缺点就是边缘有一点点糊但是只要不刻意去看都没事，音质比预期好很多，屏幕也很清晰 这价位很不错
2025年6月8日 · 【直连DP设备】雷鸟Air 3s Pro,物超所值，带了很轻便，声音好，画质也很清晰。很值得购买
2025年6月8日 · 【直连DP设备】雷鸟Air 3s Pro,眼镜用用就这样，想连主机电脑补差价买个转接器都不让，说只能成套购买，真垃圾，给个链接买个转接器也没。
2025年6月8日 · 【直连DP设备】雷鸟Air 3s Pro,这款产品相当是一个便携的显示器，小巧轻便，价格适中，硅胶鼻托舒适，不易滑。非常棒的体验，值得入手！
2025年6月8日 · 【直连DP设备】雷鸟Air 3s Pro,雷鸟1s首发用户，618价格很香换代一下，目前到手连上ipad忽略提升很大，很满意的购物
2025年6月9日 · 【Switch专属】雷鸟Air 3s Pro+JoyDock,物流很快，眼镜整体的质感很好，画面也很清晰，手机和电脑都尝试了一下，连接没有任何问题，还是蛮推荐的
2025年6月9日 · 【全家桶】雷鸟Air 3s Pro+魔盒2代+JoyDock,使用体验相当不错，画面清晰，屏幕够大，声音效果非常好，魔盒可以搭配投屏，下载app，这点非常方便
2025年6月9日 · 【全能适配丨观影推荐】雷鸟Air 3s Pro+魔盒2代,雷鸟Air3s Pro画质超清，佩戴舒适，音效震撼，性价比超高，强烈推荐！
2025年6月9日 · 【全能适配丨观影推荐】雷鸟Air 3s Pro+魔盒2代,上个月刚入手了V3，除了声音和续航外，整体还是不错的一款产品，所以Air3S刚发布就入手了，因为之前已用过GOOVIS和VisionPro，所以画质上並没有太惊喜，但便携性绝对方便，另外魔盒2的操控也很方便，值得推荐！
2025年6月9日 · 【全能适配丨观影推荐】雷鸟Air 3s Pro+魔盒2代,准备在火车上中使用，试过了，效果还不错。也不费眼。就等遮光镜和魔盒2和tf卡都到货，就装备齐全了！
2025年6月9日 · 【全能适配丨观影推荐】雷鸟Air 3s Pro+魔盒2代,卖家发货迅速 AR眼镜轻便 从1s到3s Pro外形很是时尚 魔盒2分量重 不轻便
2025年6月9日 · 【全能适配丨观影推荐】雷鸟Air 3s Pro+魔盒2代,收到了，试了两天效果非常好，戴着也很舒服，画质很不错，戴着它看电影更方便了，客服也非常耐心解决问题！
2025年6月9日 · 【全能适配丨观影推荐】雷鸟Air 3s Pro+魔盒2代,收到货后，试戴了几天，画面清晰操作简单，体验感不错。而且携带方便，是出差旅游神器。
2025年6月9日 · 【全能适配丨观影推荐】雷鸟Air 3s Pro+魔盒2代,正好办公室停电，忙里抽闲在车上，选个之前一直想看又没看的电影，舒舒服服的看了一下午，眼镜视频很清晰，使用简单，比预想要好，当然最好的使用环境还是晚上躺在床上。
2025年6月9日 · 【全能适配丨观影推荐】雷鸟Air 3s Pro+魔盒2代,比想象中的有用，也比想象中的好用。 接ROG掌机，那个转接头能支持开到30W模式（也就是充电器功率65W），然后接上xbox手柄，挺爽的。 IPHONE的兼容也不错，视频网站打开以后，播放视频会直接在眼镜上显示，除了优酷会弹窗，其他平台都好用。
2025年6月9日 · 【游戏专属】雷鸟Air 3s Pro+HDMI转接器（新款）,买了副眼镜再配了套镜片，显示效果还是不错滴，可以达到影院的效果。就是眼镜做的保守了，显示的范围要能再大点就更好了，期待后面能做到200寸大屏的效果
2025年6月9日 · 【游戏专属】雷鸟Air 3s Pro+HDMI转接器（新款）,使用了好几天说一下自己的感受就是轻便好用，就带不累打游戏清晰度也很棒。大荧幕
2025年6月9日 · 【游戏专属】雷鸟Air 3s Pro+HDMI转接器（新款）,雷鸟这个非常契合移动设备，特别是pc掌机。高分辨率、高色域还有环绕声，给我rogx不一样的感觉。笔记本也不错，体验doom黑暗时代**！配了近视专用镜片后，这感觉更好了！手机链接平时竖屏，点开视频游戏会全屏最大化，但手机大多数触屏操作，接了眼镜就不好精准定位，这个我还没时间想办法。不过雷鸟毕竟是个“物理连接”ar眼镜，想要接主机必须离主机很近，不符合客厅文化之一的主机游戏，而雷鸟配套的hdmi转换器只支持到30帧，显然落后且无法满足于时代要求。综上所述，产品在使用上比较满意，且对移动电子设备很实用，是小物件、高享受的现代娱乐利器之一。
2025年6月9日 · 【游戏专属】雷鸟Air 3s Pro+HDMI转接器（新款）,首先做工不错，重量也比较轻，镜腿鼻托可调，佩戴舒适。配的近视镜片安装方便，观影的话画面清晰度可以接受，亮度也够用，音效也不错。连接手机、笔记本、游戏机盒子什么的都没问题。整体满意，值得入手～
2025年6月9日 · 【直连DP设备】雷鸟Air 3s Pro,东西很不错 显示效果很棒 很有沉浸感 价格也非常合适 国补后价格感觉已经非常低了 喜欢的现在是入手好时机 对于喜欢看电影的人来说非常有用
2025年6月9日 · 【直连DP设备】雷鸟Air 3s Pro,到货挺快的，收到眼镜以后开机玩了会，网上直接下载雷鸟xr眼镜，可以看3D视频，挺清楚的。之前玩了会xreal one对比了下，还是有一定的差距的，但当一个扩展显示器的话，性价比还是雷鸟比较高。
2025年6月9日 · 【直连DP设备】雷鸟Air 3s Pro,效果还行，整体满意。
2025年6月9日 · 【直连DP设备】雷鸟Air 3s Pro,看起来不错，帮盆友买的
2025年6月9日 · 【直连DP设备】雷鸟Air 3s Pro,第一次使用雷鸟的这款眼镜，做工精致、沉浸式观影体验满足个人的追剧需求，同时，搭配我的那台 Switch 游戏机，或者手游，玩起来感觉挺好的。亮度和音效蛮给力！！
2025年6月9日 · 【直连DP设备】雷鸟Air 3s Pro,第一眼就被雷鸟AR眼镜的精致外观俘获，它的屏幕亮度很哇塞，画面始终明亮鲜活、细节分毫毕现。搭配超带感的扬声器，音效立体环绕，仿佛置身动感现场，每一次使用都是一场沉浸式的视听狂欢，体验感直接拉满！IOS APP的功能没有Android多，需要加快开发进度。
2025年6月9日 · 【直连DP设备】雷鸟Air 3s Pro,镜腿可调节范围很大，还能配合魔宝坞一起使用，显示效果也很好，手机平板都可以直连，good！！
2025年6月9日 · 【直连DP设备】雷鸟Air 3s Pro,雷鸟老用户了，确实不错，躺着就能看大片，手机电脑都能直连，找点4k资源看起来真的爽，有电影院包场的感觉
2025年7月10日 · 【全家桶】雷鸟Air 3s Pro+魔盒2代+JoyDock,连在rog掌机上玩大屏真是太爽辣!很方便，感觉长途旅行都有盼头了
2025年7月10日 · 【全能适配丨观影推荐】雷鸟Air 3s Pro+魔盒1代,反复回购，自用送人都是上上品，对比上一代又有进步，希望以后越做越好！
2025年7月10日 · 【全能适配丨观影推荐】雷鸟Air 3s Pro+魔盒2代,很好 买了很多了，就是魔盒会缺货
2025年7月10日 · 【全能适配丨观影推荐】雷鸟Air 3s Pro+魔盒2代,雷鸟也算国内一哥了吧，性价比确实高，618到手才1100，真爽
2025年7月10日 · 【全能适配丨观影推荐】雷鸟Air 3s Pro+魔盒2代,非常清晰，比直接看手机清楚多了，躺在床上看无压力，追剧中不觉就到了夜半时分。
2025年7月10日 · 【直连DP设备】雷鸟Air 3s Pro,东西很好，又买一个送朋友
2025年7月10日 · 【直连DP设备】雷鸟Air 3s Pro,东西挺好的 看视频很清楚 等待近视镜片中
2025年7月10日 · 【直连DP设备】雷鸟Air 3s Pro,体验很好，清晰度和亮度够用，声音也不会打扰到娃睡觉
2025年7月10日 · 【直连DP设备】雷鸟Air 3s Pro,质量非常好，非常满意，真的很喜欢，完全超出期望值，发货速度非常快，包装非常仔细、严实，物流运送速度很快，很满意的一次购物。
2025年7月11日 · 【全能适配丨观影推荐】雷鸟Air 3s Pro+魔盒2代,相差太大，物品刚到，三天掉价100多，当了一回冤大头。套路太深，建议上千产品大家去有保障的平台购买，退来退去，真麻烦。被割韭菜的感觉，超级不爽。
2025年7月11日 · 【全能适配丨观影推荐】雷鸟Air 3s Pro+魔盒2代,邮寄包装不错，很多能防止智能设备受损，打开以后确实惊喜，一次不错的体验
2025年7月11日 · 【直连DP设备】雷鸟Air 3s Pro,不错，挺好的，尤其是分辨率，有点超出预期，手动点赞
2025年7月11日 · 【直连DP设备】雷鸟Air 3s Pro,在訂購之後很快就收到產品，服務快速，而且智慧眼鏡用起來真的超棒，值得購買。
2025年7月11日 · 【直连DP设备】雷鸟Air 3s Pro,畫質不肯，輕巧，配戴舒適，值得購買！
2025年7月12日 · 【全能适配丨观影推荐】雷鸟Air 3s Pro+魔盒2代,孩子能看大屏幕，能看大片，动画片。看他的样子很满足，很陶醉
2025年7月12日 · 【游戏专属】雷鸟Air 3s Pro+HDMI转接器（新款）,一般般 跟好几年前华为买的那款眼镜体验感差不多 区别就是那个不能链接电脑
2025年7月12日 · 【游戏专属】雷鸟Air 3s Pro+HDMI转接器（新款）,第一次体验雷鸟眼镜图像显示比预想清晰，近视镜片完美贴合这点非常实用，可以躺着玩游戏了。
2025年7月12日 · 【游戏专属】雷鸟Air 3s Pro+HDMI转接器（新款）,质量很优秀，戴着不累，AR 功能特别实用，性价比超高，值得购买。
2025年7月12日 · 【游戏专属】雷鸟Air 3s Pro+HDMI转接器（新款）,"连上ps5, 超级清晰，终于switch和ps5可以有自己不同的屏幕，体验感非常好！ 值得入手！我家小狗子也体验上了哈哈"
2025年7月12日 · 【直连DP设备】雷鸟Air 3s Pro,眼镜很轻盈佩戴无压力，做工很精细，亮度超级高。观影也吵不到周边的人，有点近视等配好镜片就完美了，期待！
2025年7月12日 · 【直连DP设备】雷鸟Air 3s Pro,说两个小槽点。一，收纳盒是卡扣式的，不是磁吸的。二，3d模式不能调眼距，进入3d模式设置也不能用，比起VR设备的体验差很多。作为一个随身小屏，双目1080p的画质办公和游戏够用，比起显示器方便携带。2d模式，刷新率可以做到120hz。眼镜前面的膜可以不撕下来，显示器亮起来的时候完全看不清前面，显示器关闭，相当于带了个深色的太阳镜，视线看起来也不够亮。
2025年7月12日 · 【直连DP设备】雷鸟Air 3s Pro,近视镜片到手马上试了一下，效果很好，实测可以直连iPad air，小米平板，iphone16pro，即插即用很方便。用送的连接器也可以免底座玩switch，屏幕色彩亮度很高，画面清晰，结合价格来说目前是最值得买的AR眼镜！
2025年7月13日 · 【全家桶】雷鸟Air 3s Pro+魔盒2代+JoyDock,科技感十足，显示清晰流畅，操控灵敏，佩戴舒适无压迫感。续航能力出色，日常使用一整天无压力，好评！
2025年7月13日 · 【全能适配丨观影推荐】雷鸟Air 3s Pro+魔盒2代,不咋地，而且客服就来来回回那几句话，啥也不知道
2025年7月13日 · 【全能适配丨观影推荐】雷鸟Air 3s Pro+魔盒2代,眼镜很好看，带上去不会显得很突兀，画质很好，Pro版本的音质也很顶，漏音不明显
2025年7月13日 · 【游戏专属】雷鸟Air 3s Pro+HDMI转接器（新款）,效果不错，耳机音效环绕立体！
2025年7月13日 · 【游戏专属】雷鸟Air 3s Pro+HDMI转接器（新款）,智能AR眼镜功能强大，显示清晰，交互流畅，科技感十足，适合多场景使用。
2025年7月13日 · 【直连DP设备】雷鸟Air 3s Pro,雷鸟智能眼镜体验超赞！显示清晰细腻，色彩鲜艳，观影如临其境。轻巧设计佩戴舒适，长时间使用无压力。智能交互流畅，支持语音操控，科技感十足。续航给力，日常使用无忧。性价比极高，是提升生活品质的智能穿戴好物，强烈推荐！
2025年7月13日 · 【直连DP设备】雷鸟Air 3s Pro,非常清晰，膜都没撕开试了一下，不是那种便宜vr眼睛能比的。客服半夜还在，终于买到了我心念的产品
2025年7月13日 · 【直连DP设备】雷鸟Air 3s Pro,非常满意，并没有网上说的 没有 3dof的 眩晕感之类的。相反用pc 非常适合。新款我估计升级了  边缘我也能看的很清楚。
2025年7月13日 · 【直连DP设备】雷鸟Air 3s Pro,顺丰包邮速度快包装严实，眼镜质感不错，亮度对比度很好，如果能配一条适配电脑的线就完美了。
2025年7月13日 · 【直连DP设备】雷鸟Air 3s Pro,顺丰发货很快，包装很好，眼镜也很好，恨不得时时刻刻戴着，已经推荐给身边朋友啦～
2025年7月14日 · 【Switch专属】雷鸟Air 3s Pro+JoyDock,包装好评，防破坏的盒子放心。亮度很惊艳，还有一点奇妙的立体感。最棒的就是声音，实在太好了。以前一直看平板，一直想要一个投影仪，可惜投影要墙还要控制光线，直到看到雷鸟，又轻便，还能一边操作一边用，又不打扰其他人，完美符合我的需求。
2025年7月14日 · 【全能适配丨观影推荐】雷鸟Air 3s Pro+魔盒1代,3眼镜很好，客服也很有耐心，画面很清晰，非常有沉浸感，有了这个都不需要买电视了，推荐大家购买呦！
2025年7月14日 · 【全能适配丨观影推荐】雷鸟Air 3s Pro+魔盒2代,AR眼镜的视野，和你坐在桌前看15.6寸笔记本区别不大。买前三思。 然后快递和客服体验极差。 6月10号付的钱，魔盒2.0至今没法给我。 一开始不经我同意，把魔盒2.0和赠品USB转换器拆单，不发货。（早说不一起发我都不买了） 后续，在已经说明近期收不了快递，月底再给我补发的情况下，一声不吭又发了?!（消遣我？） 再次协商并达成一致，说6月底再给我发。 结果6月30号看还没动静，去问，显然是给我忘了，说魔盒2.0没货了，7月15号发。 今天14号，东西还没收到，但订单给我关了。 还说魔盒2.0要18号。。。 可太牛了！ 至于和客服维权和要求发货推迟的补偿，客服只会“我去问一下”和“三个月腾讯视频会员”。 买这个的差这几个月会员？别人家都是买就送。。。
2025年7月14日 · 【游戏专属】雷鸟Air 3s Pro+HDMI转接器（新款）,收到货，使用了一下午，长时间使用完，耳朵还是有点疼的，镜腿会轻微发热，但是画面清晰度和视听体验我都是很满意的，个人认为对得起这个价格。
2025年7月14日 · 【直连DP设备】雷鸟Air 3s Pro,产品很不错，刚到手就拿来连电脑打游戏了，显示很清晰，亮度也很足，晚点试试连手机效果怎么样
2025年7月14日 · 【直连DP设备】雷鸟Air 3s Pro,完美适配，送的转接器，边充边玩，再也不用担心电量不够，steamdeck太重，用这个脖子不再疼，屏幕还大，近视的建议搭配镜片使用，满意！
2025年7月14日 · 【直连DP设备】雷鸟Air 3s Pro,效果很绝～对于我这种只是用来躺床上追剧的人来说足够用了，是远距离的屏幕的效果（因为我右眼有点近视，单独右眼看眼镜里是远处的模糊的效果）解决了怕太久近距离看手机会伤眼的问题，赞～
2025年7月14日 · 【直连DP设备】雷鸟Air 3s Pro,新款的就是不一样，而且这次国补价格更合适，喜欢喜欢
2025年7月14日 · 【直连DP设备】雷鸟Air 3s Pro,画质很不错，比我预想的要好，亮度也够，音效也很惊喜，不比耳机差，售后服务也不错，总体还是满意的
2025年7月14日 · 【直连DP设备】雷鸟Air 3s Pro,第一天下单，第二天就收到了，外观时尚，使用起来感觉非常舒服，屏幕清晰，看视频玩游戏都不错，价格实惠，AR 眼镜首选！
2025年7月15日 · 【全家桶】雷鸟Air 3s Pro+魔盒2代+JoyDock,体验很好，基本满足我的需求，沉浸感很好，画面很不错，非常好。
2025年7月15日 · 【全能适配丨观影推荐】雷鸟Air 3s Pro+魔盒2代,7月1号下的单，一起买的眼镜到了，魔盒没有到，询问客服说是15号发货，15号问说18号发货，到底有没有转？这次购物是一次很烦心的购物！
2025年7月15日 · 【全能适配丨观影推荐】雷鸟Air 3s Pro+魔盒2代,快递很快，包装精致，外观也不错，就是魔盒能更快就更好了。
2025年7月15日 · 【全能适配丨观影推荐】雷鸟Air 3s Pro+魔盒2代,眼镜很好，看电影很不错！
2025年7月15日 · 【游戏专属】雷鸟Air 3s Pro+HDMI转接器（新款）,智能AR眼镜功能强大，显示清晰，交互流畅，科技 感十足，适合多场景使用。
2025年7月15日 · 【直连DP设备】雷鸟Air 3s Pro,到了就迫不及待的戴上试了试，配合我的三星手机简直完美～躺床上刷手机看视频完美，清晰度也很好，这个价钱真是性价比之王了～
2025年7月15日 · 【直连DP设备】雷鸟Air 3s Pro,性价比应该还是可以的，就是用雷鸟空间的时候右侧眼镜有花纹其他时候正常，不过雷鸟空间好像也没有什么用，也懒的换了。其实这个就是一个显示器，亮度是真的亮，就是屏幕的大小比预期的要小一点，所以如果你即使有轻度近视也一定要配一下眼镜，用来办公的还不如用手机。发热不是很大基本没什么感觉，鼻托也没什么负重感。看看视频还是可以的，声音白天像高铁这种公共场所用有点听不见，晚上没问题，总的来说这价格买了也亏不到哪里去。
2025年7月15日 · 【直连DP设备】雷鸟Air 3s Pro,我的是三星手机，连接后界面显示跟电脑差不多，要用手机触屏做鼠标操作，操作起来有点不太方便，可能还没习惯。而且不知道该如何把界面内容往下拉�后来用鸿蒙系统的华为手机连接后直接投屏，操作时除了需要看着手机外，直接投屏反倒方便。全五星好评！
2025年7月15日 · 【直连DP设备】雷鸟Air 3s Pro,物超所值 亮度高 画面大 太赞啦
2025年7月15日 · 【直连DP设备】雷鸟Air 3s Pro,眼镜亮度很高，在白天不会看不清，影音效果特别好看电影一绝，玩游戏没有延迟不错
2025年7月15日 · 【直连DP设备】雷鸟Air 3s Pro,眼镜收到，包装很精致。产品设计感十足，观看效果非常好，值得拥有。
2025年7月16日 · 【全能适配丨观影推荐】雷鸟Air 3s Pro+魔盒2代,物流就是**，东西给你随便扔门口，也不管你在不在家
2025年7月16日 · 【游戏专属】雷鸟Air 3s Pro+HDMI转接器（新款）,终于实现了躺在床上打游戏的愿望了，新的宿舍双人间，投影不方便，挑了几天选了雷鸟的这个眼镜，很满意，很合适！(σ′▽‵)′▽‵)σ
2025年7月16日 · 【游戏专属】雷鸟Air 3s Pro+HDMI转接器（新款）,解决了躺床上玩ps5的问题。。。
2025年7月16日 · 【直连DP设备】雷鸟Air 3s Pro,比想象中要完美很多，近视1200度体验非常舒服，相当于在电影院观影，代入感没得说。个人感觉可以平替投影仪，卧室想买投影仪没条件的可以**入手，单人使用比投影仪还好用。直连手机配合息屏软件，或者直连笔记本玩游戏代入感简直了！家里nas也终于利用起来了。亮度和声音没得说，晚上亮度调最低都很亮。
2025年7月16日 · 【直连DP设备】雷鸟Air 3s Pro,眼镜收到了物流还是比较快的，眼镜和配件上手质感还行。
2025年7月16日 · 【直连DP设备】雷鸟Air 3s Pro,轻盈的材质使得这副眼镜拥有无与伦比的舒适度，同时清晰的视野让每一个细节都尽收眼前，有一种在电影院看大片的感觉
2025年7月17日 · 【全能适配丨观影推荐】雷鸟Air 3s Pro+魔盒2代,完整收到产品，体验了一小段时间， 图像清晰，画面很ok，刚开始戴，看视频确实会有头晕目眩的感觉 轻语模式可以类比戴耳机，对家人干扰比较低 魔盒2 APP够用 客服很耐心
2025年7月17日 · 【全能适配丨观影推荐】雷鸟Air 3s Pro+魔盒2代,小小眼镜，装满宇宙。 客服热情，耐心，专业。 摸索中，没一点新发现，都是满满的惊喜。
2025年7月17日 · 【全能适配丨观影推荐】雷鸟Air 3s Pro+魔盒2代,眼镜很酷很好用，跟在电影院看大片一样！由于我的手机和PAD不支持PD输出，还在等魔盒到了才能看。目前只能借用朋友的手机试看。真是不错！希望我的魔盒2能快点寄过来！
2025年7月17日 · 【全能适配丨观影推荐】雷鸟Air 3s Pro+魔盒2代,确实不错 用过一段时间再详细评价 客服不错 不耐其烦的回答 我这个小白。
2025年7月17日 · 【游戏专属】雷鸟Air 3s Pro+HDMI转接器（新款）,效果挺不错，比较满意的一次购物，画面清晰，不卡顿
2025年7月17日 · 【直连DP设备】雷鸟Air 3s Pro,雷鸟air3s pro 重量轻配戴舒适，画面清晰亮度很高，自带的喇叭音效不错。再配合我三星手机的DeX功能秒变一台电脑。这个价钱就能完全满足了我的需求。
2025年7月18日 · 【全能适配丨观影推荐】雷鸟Air 3s Pro+魔盒2代,重量轻观看效果好，整体质感不错。缺点就是鼻托太高了，眼镜下部会留有大面积透光的空间。
2025年7月18日 · 【全能适配丨观影推荐】雷鸟Air 3s Pro+魔盒2代,魔盒预售当现货来发售，有点过分了，将近一个月才收到魔盒。有一说一，产品力不错，购物体验极差。
2025年7月18日 · 【直连DP设备】雷鸟Air 3s Pro,产品不错，音质也很好，3D环绕效果不错，而且画面也很清晰，好评好评，送的东西也很多哦！
2025年7月18日 · 【直连DP设备】雷鸟Air 3s Pro,最终让我选择雷鸟AIR3s pro 观影眼镜是因为C口插口设计，比起华而不实的磁吸好太多，不容易脱落，要知道脱一次重新续接多麻烦。点赞。希望以后出一款屈光度调节的就完美了。
2025年7月18日 · 【直连DP设备】雷鸟Air 3s Pro,给个六星评价，非常垃圾，血亏，必须有线链接手机，佩戴刷抖音下一个视频会有啪嗒的声音，时大时小，大的时候炸耳朵，小的时候没有
2025年7月19日 · 【全能适配丨观影推荐】雷鸟Air 3s Pro+魔盒2代,体验现代化的科技， 看大屏视频的新方式。 随时随地可以看高清大屏的视频。 缓解双眼长久看手机的不适。
2025年7月19日 · 【全能适配丨观影推荐】雷鸟Air 3s Pro+魔盒2代,很快就收到了，还送了半年的延保。自己买一个himd转typc的数据线，就可以连在ps5玩游戏了。
2025年7月19日 · 【全能适配丨观影推荐】雷鸟Air 3s Pro+魔盒2代,近视用户友好！可定制磁吸屈光镜片，不用叠戴框架眼镜。   - 环境自适应亮度，夜晚不刺眼，阳光下画面依旧清晰。   - 支持多设备无线连接，手机/电脑/游戏主机秒切换。
2025年7月19日 · 【全能适配丨观影推荐】雷鸟Air 3s Pro+魔盒2代,雷鸟3spro画质细腻，色彩还原度极高，但原生系统对第三方软件安装限制较多。搭配魔盒二代后完美解决——通过HDMI直连电视，瞬间解锁海量应用自由！魔盒操作流畅无广告，自带当贝市场随意安装直播、点播软件，再也不用反复插U盘折腾。双设备协同让老电视焕然新生，观影游戏丝滑如飞，性价比直接拉满！强烈推荐给爱折腾的影视党！�
2025年7月19日 · 【直连DP设备】雷鸟Air 3s Pro,眼镜展示效果非超好！比投影清楚多了！很满意！可以直接夹近视镜片，佩戴也很方便！客服服务也超级好！支持雷鸟！
2025年7月1日 · 【全能适配丨观影推荐】雷鸟Air 3s Pro+魔盒2代,一起买的，分了3个物流。画质清晰，魔盒2运行中有些烫手。
2025年7月1日 · 【直连DP设备】雷鸟Air 3s Pro,不咋地，魔盒容易过热，电还没用一格就过热了。 以及亮度范围有限，本来主要想睡前拿来躺着看 asmr 和电影的，结果最低亮度还是高，又不能同步手机亮度。 以及躺着，镜腿还是顶到枕头，镜腿如果能调开角或者其他方式不顶到枕头提升仰躺使用感就好了。
2025年7月1日 · 【直连DP设备】雷鸟Air 3s Pro,产品轻巧，画面清晰，就是屏幕略微小一些，期待下一代屏幕更大，体验不错。
2025年7月1日 · 【直连DP设备】雷鸟Air 3s Pro,亮度可以单独控制，不受手机设备亮度影响，有的手机会显示熄屏功能，具备私密性，我用手头三部手机测试，Nubia z60spro、一加9、华为mate50，都能直连，Vivo X100s 没反应。自身不带电池这个好，免得长期吃灰电池易损坏。好评！有实用价值，可以躺着看手机视频不影响别人。
2025年7月1日 · 【直连DP设备】雷鸟Air 3s Pro,发货速度快，收到货后马上打开体验，声音调教的不错，观影效果也不错，眼镜调节也方便，还有好几种模式可以选择
2025年7月1日 · 【直连DP设备】雷鸟Air 3s Pro,图像清晰，不错的体验。
2025年7月1日 · 【直连DP设备】雷鸟Air 3s Pro,真棒啊，3d效果比影院还好，走到哪里都是影院，每天至少用十个小时，太棒了
2025年7月1日 · 【直连DP设备】雷鸟Air 3s Pro,眼镜材质很轻，带着不累，画面清晰度很高， 比看手机舒服多了，声音可以调节，我一般用轻声模式就够了，如果看电影可以开启环绕，性价比很高。
2025年7月1日 · 【直连DP设备】雷鸟Air 3s Pro,第一次买，听朋友推荐的，拿回来试用了一下，感觉非常好，近视的朋友记得配那个镜片
2025年7月1日 · 【直连DP设备】雷鸟Air 3s Pro,简单来说就是一个幕布但是尺寸很大带上看挺爽的但是不适合躺着适合靠着沙发看
2025年7月1日 · 【直连DP设备】雷鸟Air 3s Pro,非常好的眼镜，使我解放双手不需要再捧着手机平板低着头，终于可以躺着看电视了，还没回家，期待连电脑玩游戏的体验
2025年7月2日 · 【全能适配丨观影推荐】雷鸟Air 3s Pro+魔盒2代,两个手机连不了，但是能连我的平板电脑，刚好要换新手机，留下了东西不错！
2025年7月2日 · 【全能适配丨观影推荐】雷鸟Air 3s Pro+魔盒2代,"和Air2相比, 3s pro 画面色调较自然，清晰度和亮度调节都好很多。有不同画面选择雖然差别不是很大，护眼的最体贴。环绕音响出色。整体眼镜的硬件和软件都提升了很多。 魔盒2的触控设计很有科技感，资源分娄和飞鼠操控也很好，唯一的缺点是容易误触，基本上是很難握着魔盒觀看影片的。对整个面板都是触控的应该要加个防误触按钮开关。TF卡槽设计较魔盒1的深和蓋子较難拔开，换卡不是很方便。充电和播放的C口并排也容易造成误插。软件上如果能支持谷歌和萍果App下载就更完美。"
2025年7月2日 · 【全能适配丨观影推荐】雷鸟Air 3s Pro+魔盒2代,屏幕看着特别清晰 高刷很强 很亮 戴着眼镜也能轻松扣上，鼻梁没压力。晚上关灯看 也不刺眼（亮度够高但不晃眼)，躺床上举着手机 投屏就能看，比捧平板舒服多了
2025年7月2日 · 【全能适配丨观影推荐】雷鸟Air 3s Pro+魔盒2代,"成像很好，看电影像在戏院,就是音量少了点，在闹市听，显得声音有点弱。两边镜脚可以上下调教，但是不能内外调，头长的不太大的，有松动感。整体来说高性价比。没买错。"
2025年7月2日 · 【全能适配丨观影推荐】雷鸟Air 3s Pro+魔盒2代,非常不错，有了二代依然入手三代，体验很好，期待第四代产品问世......
2025年7月2日 · 【直连DP设备】雷鸟Air 3s Pro,喇叭很小聲！視線無法看全部（四角及下方常看不到）……看沒多久就會頭痛～
2025年7月2日 · 【直连DP设备】雷鸟Air 3s Pro,很好用，很清晰，确实不错，值得入手
2025年7月2日 · 【直连DP设备】雷鸟Air 3s Pro,收貨後馬上測試，光度足，顯示夠大。 比同價位的產品效果更好，性價比之選。
2025年7月2日 · 【直连DP设备】雷鸟Air 3s Pro,眼镜画质还不错 超出预期了 佩戴眼镜后舒适度也不错
2025年7月3日 · 【全家桶】雷鸟Air 3s Pro+魔盒2代+JoyDock,眼镜轻便，没配镜片前有点模仿，配了之后发现清晰程度高，可以用来玩电脑，看电视，魔盒里面的APP就是一般的优酷，b站，爱奇艺，可惜都是电视端，充值会员要多花一些钱，玩电脑游戏还可以，希望下一代刷新率能提高一点点，一般主流FPS都要求144hz，这个只有120hz刷新率。2.全家桶套餐升级下，没有带转换器的套餐，导致眼镜到了后，买齐配件、配镜又花了一周。joydock没使用，switch没在身边。
2025年7月3日 · 【全能适配丨观影推荐】雷鸟Air 3s Pro+魔盒2代,雷鸟就发了个眼镜给我，因为近视，目前还没有怎么使用过，期待近视的镜片到货后可以拿来看电影
2025年7月3日 · 【游戏专属】雷鸟Air 3s Pro+HDMI转接器（新款）,眼镜非常轻巧 环绕声让人声临其境  画面清晰度超乎想象  我连接了摄像机监看效果非常的棒 完全符合我对这个产品的期待 价格也特别实惠非常不错的产品
2025年7月3日 · 【直连DP设备】雷鸟Air 3s Pro,包装很好物流也快，价格合适，听说效果很好，送人的等拆开看看效果怎么样
2025年7月3日 · 【直连DP设备】雷鸟Air 3s Pro,国补前抢到还不错，不过买回来好像用的几率也不大，就是放大的屏幕，清晰度可以，亮度可以，声音依然可以。办公基本用不上，剩下的就是小朋友做作业的时候不打扰她大人可以自己娱乐一下
2025年7月3日 · 【直连DP设备】雷鸟Air 3s Pro,很新奇 不错 大概有点近视了 竖屏看的不是很清晰 横屏观看很赞 看视频很不错 买来做高铁挺好
2025年7月4日 · 【Switch专属】雷鸟Air 3s Pro+JoyDock,真心不错值得入手，一次过入手2台晚上躺着看连续剧一流，旅游飞机上也刚好适用
2025年7月4日 · 【全家桶】雷鸟Air 3s Pro+魔盒2代+JoyDock,东西很赞，性价比高，售前售后客服态度都很好，回复及时，给他们点赞���
2025年7月4日 · 【全能适配丨观影推荐】雷鸟Air 3s Pro+魔盒2代,性价比非常不错的产品，眼镜用来当便携显示器不错。 没有dp输出的手机遭老罪了，购买魔盒2要慎重考虑，魔盒2现在就是一个电视盒子，运存2.8G左右，内存32G，对于安卓平板等应用还不兼容，还需要官方再更新，属于是未来可期，现在最好能先玩明白电视盒子再购买。 客服服务也不错，问题基本都能解决。
2025年7月4日 · 【全能适配丨观影推荐】雷鸟Air 3s Pro+魔盒2代,用了一段时间的确还可以，价格亲民，性价比高，
2025年7月4日 · 【全能适配丨观影推荐】雷鸟Air 3s Pro+魔盒2代,辣鸡的不行，东西确认收货了、魔盒2还不发货，第一次问6月29号前发货，等29号还没发货、问客服又变成7月11号，4号再问一次变7月15号，一点信用没有，没货别答应发货时间，好评那么多怕不是刷的，早知道没Xreal了、浪费时间 产品功能：产品用了一般，只能室内使用，室外使用投屏的亮度不够，手机优酷很多电影（漫威，DC等）不支持投屏，观看电影资源少，实际使用眼镜的音量较小，而且镜脚过长，亲测睡觉无法侧着看，只能平躺看， 魔盒2: 半个月还没有发货，没有使用不做评价
2025年7月4日 · 【游戏专属】雷鸟Air 3s Pro+HDMI转接器（新款）,体验了一点时间，基本满足我的使用需求，用来打游戏非常有沉浸感，眼镜戴起来很舒服，重量非常轻，好评。
2025年7月4日 · 【游戏专属】雷鸟Air 3s Pro+HDMI转接器（新款）,聲音的部分一定要選擇開啟環繞音效，會比預設的標準音場好很多。影像畫質很清晰，亮度很足夠，色彩也很飽和，畫面大小感覺像是在距離1.5公尺的位置觀賞著42吋的螢幕畫面，雖然不怎麼有所謂的沉浸感，但以這個價位來說，個人已經很滿意了，推薦預算有限的人可以放心購買入手，另外，有近視的夥伴們一定要記得額外再加配眼鏡，不要為了省一點小錢而犧牲體驗，如果硬是要套在平常在戴的眼鏡上的話，感覺會很不舒服。
2025年7月4日 · 【直连DP设备】雷鸟Air 3s Pro,买到了物美价廉的好商品，质量杠杠的。物流给力，商家服务周到，售后有求必应。科技潮流，非常喜欢这款产品！
2025年7月4日 · 【直连DP设备】雷鸟Air 3s Pro,物流次日达，包装严实无破损。眼镜比想象更轻巧，76g戴一小时也不压鼻。画质直接封神——索尼屏的3400PPI超清晰，测试《流浪地球2》太空镜头时连宇航服纹理都看得清，600尼特亮度白天不拉窗帘照样震撼。最大惊喜是隐私性！办公室午休看《周处除三害》，开到60%音量同事完全听不见（相位消除技术牛）。配了近视镜片（客服指导很专业），插Switch玩《塞尔达》延迟几乎为零，续航看完两集《繁花》还有电！后悔没早买！
2025年7月4日 · 【直连DP设备】雷鸟Air 3s Pro,"眼镜很好,非常清晰,亮度很足,唯一的缺点就是暗场环境左边亮度比右边高,总的来说还可以,一千零三十多到手。"
2025年7月5日 · 【全能适配丨观影推荐】雷鸟Air 3s Pro+魔盒2代,对比了其他厂家的产品，播放同一个电影，雷鸟显示效果和音响效果更加出色，对于主要用来看电影和娱乐的用途来说，雷鸟是最佳的选择，期待收到魔盒2代的体验。
2025年7月5日 · 【游戏专属】雷鸟Air 3s Pro+HDMI转接器（新款）,画面很清晰也不重，音响效果图非常性价比很高的一款眼镜
2025年7月5日 · 【游戏专属】雷鸟Air 3s Pro+HDMI转接器（新款）,給男友購買的，他很喜歡，大屏幕也很像看電影，但是他有近視，需要加購近視鏡，連接HDMI插口的話也能玩Switch 2
2025年7月5日 · 【直连DP设备】雷鸟Air 3s Pro,一个眼镜解决了我想看电影，手又举不久的难题。眼镜不重，太阳镜大小，十分方便，随时随地看电影。
2025年7月5日 · 【直连DP设备】雷鸟Air 3s Pro,亮度没话说 自带扬声器不炸 接电脑是最高1080p 只支持dp协议 台式机的转接线要自带供电 笔记本电脑直接typec就能用 像我鼻梁比较高的 鼻托直接拆了舒服很多
2025年7月5日 · 【直连DP设备】雷鸟Air 3s Pro,外观比想像的更好，不会太机械死板。  有配戴眼镜习惯的人，完全不会感到不舒适。
2025年7月5日 · 【直连DP设备】雷鸟Air 3s Pro,拿来看视频，还可以吧，第一次买不是很懂
2025年7月5日 · 【直连DP设备】雷鸟Air 3s Pro,画质很不错，亮度也很高，我主要拿这个眼镜看电影，效果很不错，重量轻，看一两个小时都不会累，尤其是眼镜自带扬声器的音质，非常非常好，比我以前买过的同类产品都要好，完全没必要再带耳机了，非常接近华为开放式耳机的音质，绝对的好评。
2025年7月5日 · 【直连DP设备】雷鸟Air 3s Pro,真的很不错，配了镜片完美，外观简单时尚，戴上去很轻，长时间观没任何问题，音量OK，画质够用了，关键连接简单，一接就可以用
2025年7月5日 · 【直连DP设备】雷鸟Air 3s Pro,雷鸟Air 3S Pro体验超赞！画面清晰细腻，色彩鲜艳*真，佩戴舒适无负担。轻巧便携，续航给力，智能交互流畅，性价比超高。无论是观影还是游戏，沉浸感十足，绝对是AR眼镜中的佼佼者，强烈推荐！
2025年7月6日 · 【全能适配丨观影推荐】雷鸟Air 3s Pro+魔盒2代,产品很好用，之前买过2s，这次3pro竟然比之前的还便宜了，新款的魔盒2也很好用，我配了近视眼镜，现在画面很清晰，躺着看电视，属实很好用。配送也挺快的。而且这款眼镜很便携。不错
2025年7月6日 · 【全能适配丨观影推荐】雷鸟Air 3s Pro+魔盒2代,非常便携，电视剧重度患者专用，安卓系统，支持 的软件非常多，搭配电视盒子，出差出门利器
2025年7月6日 · 【游戏专属】雷鸟Air 3s Pro+HDMI转接器（新款）,超级牛*，看电影真方便。
2025年7月6日 · 【直连DP设备】雷鸟Air 3s Pro,太伤眼睛了看不了几分钟，就是投屏功能
2025年7月6日 · 【直连DP设备】雷鸟Air 3s Pro,很好用 很超值，谢谢客服小姐姐 很耐心叫我使用
2025年7月6日 · 【直连DP设备】雷鸟Air 3s Pro,眼镜画面真的非常亮，还是高刷，如果需要一个十分十分便携，且任何地方都可以用的显示器，且别人无法看到内容，我觉得买了非常合适
2025年7月6日 · 【直连DP设备】雷鸟Air 3s Pro,雷鸟air 3s PRO确实好用，显示很清晰，确实好用，连接PS5爽玩
2025年7月7日 · 【全能适配丨观影推荐】雷鸟Air 3s Pro+魔盒2代,眼镜颜值很高，一点也不重，画质清晰好用很喜欢非常满意
2025年7月7日 · 【全能适配丨观影推荐】雷鸟Air 3s Pro+魔盒2代,自从买了眼镜，实现了躺平观影，整体来说眼镜利用率挺高的，但也不是必需品，如果像我一样想要躺着看电视那是非常实用的。观影盒子可以用手机替代。
2025年7月7日 · 【游戏专属】雷鸟Air 3s Pro+HDMI转接器（新款）,非常的差， 從未試過在淘寶買東西， 那麼差的， 買之前可以試， 不行就退， 買之後，要退就各種原因不可以退，現在貨又沒 錢又退，就迫你要問客服 回應超慢，一直說我是因為充電問題才退貨， 我什麼時候說是充電問題了？？ 就是強迫消費 ， 千萬不要相信要退
2025年7月7日 · 【直连DP设备】雷鸟Air 3s Pro,效果不错，整体做工，质感，最重要的是体积比原来用的一代好很多，值得升级。
2025年7月7日 · 【直连DP设备】雷鸟Air 3s Pro,显示效果很好，色彩丰富，佩戴轻便。期待之后的新品能提升分辨率，沉浸感更强，保留佩戴轻便，使用简单的功能。
2025年7月7日 · 【直连DP设备】雷鸟Air 3s Pro,画面质感很好，用起来相当顺畅。效果杠杠滴，推荐身边朋友买了。好东西值得推荐。
2025年7月7日 · 【直连DP设备】雷鸟Air 3s Pro,眼镜本身非常轻便，亮度和声音都比前代好了很多，并且价格和前代差不多，加量不加价，好评
2025年7月7日 · 【直连DP设备】雷鸟Air 3s Pro,"第一次使用雷鸟的这款眼镜,做工精致、沉浸式观影体验满足个人的追剧需求,同时,搭配我的那台Switc***机,或者手游,玩起来感觉挺好的。亮度和音效蛮给力!!"
2025年7月7日 · 【直连DP设备】雷鸟Air 3s Pro,视觉效果非常不错 在iPhone上使用的时候，为了只输出外屏，可以用VLC player才可以配合自家NAS emby简直是太棒了。不过手机屏不会关闭 不会镜像显示了。 如果是配散光镜片的话，度数较深的话要多等几天。
2025年7月7日 · 【直连DP设备】雷鸟Air 3s Pro,还可以 性价比很高 ̋(ˊ•͈ꇴ•͈ˋ) 后期也配了眼镜！！！
2025年7月7日 · 【直连DP设备】雷鸟Air 3s Pro,连接设备超方便，手机、电脑、Switch轻松搞定，即插即用。我经常用它连接手机看剧，屏幕就像一个135英寸的巨幕，比直接看手机爽太多。连接电脑玩3A大作，游戏体验直接起飞
2025年7月7日 · 【直连DP设备】雷鸟Air 3s Pro,"雷鸟 Air 3S Pro一整个惊艳到我！_ 到手质感超棒, 外 双简夠时尚, 轻盈便携,出门放包里就能带走。-戴上 它就像拥有私人巨幕影院, 140 英寸虛拟巨幕, 画面清 晰, 色彩还原超*真, 追剧、观影、打游戏沉浸感直接 拉满。 _ 它的空问音频效果绝了, 仿佛声音就在耳边环 绕, 跟在现场似的。而且它还支持与手机、平板、电脑 等多设备连接, 办公娱乐都超适配。 佩戴舒适度也没 得说, 长时间使用不会觉得压头或者累。 这么棒的产 品, 还要什么自行车！雷鸟 Air 3S Pro, 入股不引！"
2025年7月7日 · 【直连DP设备】雷鸟Air 3s Pro,雷鸟Air3s Pro太绝了！1200尼特高亮+20万:1对比度，画面超清；3D环绕音效+轻语模式，沉浸感强；76g超轻+9档调节，佩戴舒适，兼容千款设备，影音游戏党闭眼入！
2025年7月8日 · 【全能适配丨观影推荐】雷鸟Air 3s Pro+魔盒2代,画质非常好，做为便携式大屏电视挺不错，性价比高，眼镜没有悬停功能期待完善。魔盒功能较少，网络不够稳定，对第三方软件兼容性较差，有待提高。
2025年7月8日 · 【游戏专属】雷鸟Air 3s Pro+HDMI转接器（新款）,工作后买的第一款AR眼镜 总结：大屏投影仪 戴久了眼睛会有一点不适，如果是躺在床上或者按摩椅上使用会减轻一些，画质还是可以的，美中不足的是，无法修改画面的位置，由于投影的屏幕还蛮大的，想要兼顾上框和下框的画面还是有点难的，希望后面对软件APP进行升级的时候能添加可以调整画面缩放或者调整大小的功能
2025年7月8日 · 【直连DP设备】雷鸟Air 3s Pro,总体效果挺满意的，特别适合steamdeck和rog这样的掌机。出了趟差带着高铁上玩儿了一路，5个小时瞬间过去，爽到了。
2025年7月9日 · 【全能适配丨观影推荐】雷鸟Air 3s Pro+魔盒2代,连接设备方便，手机、电脑轻松搞定 即插即用。我经常用它看剧，比直接看手机好太多。连接电脑，游戏体验直接起飞
2025年7月9日 · 【直连DP设备】雷鸟Air 3s Pro,东西不错，视角不如激光电视投100多寸感觉好，躺在床上看视频需要经常调整眼镜位置，不然经常四周有黑角情况，但能满足在出行时使用，如房车出行时的不干扰别人地看视频。 客服专业，服务态度好，我老花250度，根据提示以为要配镜（远视老花其实无须配镜）就问客服事宜，都能专业回复。二十多年前买过此类产品用于上楼顶安装一个START-TV，放一段时间不用发现表面粘呼呼就丢了。
2025年7月9日 · 【直连DP设备】雷鸟Air 3s Pro,使用了一段时间 显示清晰度够 声音很好 眼镜轻便 开放式观影 可以同时做别的事情 可满足碎片时间观影的需求
2025年7月9日 · 【直连DP设备】雷鸟Air 3s Pro,收到货第一时间就试戴了，和正常眼睛佩戴一样 没有不舒服的地方 搭配手机看电视太爽了，玩游戏老公试了，说体验感特别棒 送快递的小哥还问我效果和小米比起来怎么样 我觉得完胜小米～ 使用和收纳都很方便，下次出去玩的时候在车上试试
